--------------------------------------------------------
--  파일이 생성됨 - 금요일-7월-09-2021   
--------------------------------------------------------
DROP TABLE "ST"."ACCESS_LEVEL" cascade constraints;
DROP TABLE "ST"."APPROVAL" cascade constraints;
DROP TABLE "ST"."APPROVAL_ATTACHED_FILES" cascade constraints;
DROP TABLE "ST"."APPROVAL_COMMENTS" cascade constraints;
DROP TABLE "ST"."APPROVAL_SIGN" cascade constraints;
DROP TABLE "ST"."APPROVAL_SIGN_TYPE" cascade constraints;
DROP TABLE "ST"."APPROVAL_STATUS" cascade constraints;
DROP TABLE "ST"."APPROVAL_TYPE" cascade constraints;
DROP TABLE "ST"."BREAK" cascade constraints;
DROP TABLE "ST"."BREAK_TYPE" cascade constraints;
DROP TABLE "ST"."BUSINESS_LOG_PERIOD" cascade constraints;
DROP TABLE "ST"."COMPANY_HOLIDAY" cascade constraints;
DROP TABLE "ST"."COMPANY_INFORMATION" cascade constraints;
DROP TABLE "ST"."DEPARTMENT" cascade constraints;
DROP TABLE "ST"."MEMBER" cascade constraints;
DROP TABLE "ST"."MESSAGE" cascade constraints;
DROP TABLE "ST"."MESSAGE_ATTACHED_FILES" cascade constraints;
DROP TABLE "ST"."MESSAGE_CABINET" cascade constraints;
DROP TABLE "ST"."POSITION" cascade constraints;
DROP TABLE "ST"."PROJECT" cascade constraints;
DROP TABLE "ST"."PROJECT_KANBAN" cascade constraints;
DROP TABLE "ST"."PROJECT_KB_PROCESS_CODE" cascade constraints;
DROP TABLE "ST"."SCHEDULE" cascade constraints;
DROP TABLE "ST"."STANDARD_TIME" cascade constraints;
DROP TABLE "ST"."TNA" cascade constraints;
DROP TABLE "ST"."TNA_OBJECTION" cascade constraints;
DROP TABLE "ST"."TNA_OBJ_PROC_STATUS" cascade constraints;
DROP TABLE "ST"."TNA_STATUS" cascade constraints;
DROP TABLE "ST"."WEBHARD_ACCESS" cascade constraints;
DROP TABLE "ST"."WEBHARD_DIR" cascade constraints;
DROP TABLE "ST"."WEBHARD_DIR_TYPE" cascade constraints;
DROP TABLE "ST"."WEBHARD_FILES" cascade constraints;
DROP TABLE "ST"."WRITE" cascade constraints;
DROP TABLE "ST"."WRITE_ATTACHED_FILES" cascade constraints;
DROP TABLE "ST"."WRITE_CATEGORY" cascade constraints;
DROP TABLE "ST"."WRITE_COMMENTS" cascade constraints;
DROP SEQUENCE "ST"."APP_CMT_SEQ";
DROP SEQUENCE "ST"."APP_SEQ";
DROP SEQUENCE "ST"."APP_TYPE_SEQ";
DROP SEQUENCE "ST"."BREAK_SEQ";
DROP SEQUENCE "ST"."BREAK_TYPE_SEQ";
DROP SEQUENCE "ST"."COM_HD_SEQ";
DROP SEQUENCE "ST"."DEPT_SEQ";
DROP SEQUENCE "ST"."MESSAGE_SEQ";
DROP SEQUENCE "ST"."POSITION_SEQ";
DROP SEQUENCE "ST"."PRO_KB_SEQ";
DROP SEQUENCE "ST"."PRO_SEQ";
DROP SEQUENCE "ST"."SCH_SEQ";
DROP SEQUENCE "ST"."TNA_OBJ_SEQ";
DROP SEQUENCE "ST"."TNA_SEQ";
DROP SEQUENCE "ST"."WH_DIR_SEQ";
DROP SEQUENCE "ST"."WH_FILES_SEQ";
DROP SEQUENCE "ST"."WRITE_CMT_SEQ";
DROP SEQUENCE "ST"."WRITE_SEQ";
--------------------------------------------------------
--  DDL for Table ACCESS_LEVEL
--------------------------------------------------------

  CREATE TABLE "ST"."ACCESS_LEVEL" 
   (	"ACCESS_LEVEL_CODE" NUMBER, 
	"ACCESS_LEVEL_NAME" VARCHAR2(20 BYTE)
   ) SEGMENT CREATION IMMEDIATE 
  PCTFREE 10 PCTUSED 40 INITRANS 1 MAXTRANS 255 
 NOCOMPRESS LOGGING
  STORAGE(INITIAL 65536 NEXT 1048576 MINEXTENTS 1 MAXEXTENTS 2147483645
  PCTINCREASE 0 FREELISTS 1 FREELIST GROUPS 1
  BUFFER_POOL DEFAULT FLASH_CACHE DEFAULT CELL_FLASH_CACHE DEFAULT)
  TABLESPACE "USERS" ;

   COMMENT ON COLUMN "ST"."ACCESS_LEVEL"."ACCESS_LEVEL_CODE" IS '접근권한코드';
   COMMENT ON COLUMN "ST"."ACCESS_LEVEL"."ACCESS_LEVEL_NAME" IS '접근권한명';
   COMMENT ON TABLE "ST"."ACCESS_LEVEL"  IS '접근권한테이블';
--------------------------------------------------------
--  DDL for Table APPROVAL
--------------------------------------------------------

  CREATE TABLE "ST"."APPROVAL" 
   (	"APP_SEQ" NUMBER, 
	"APP_TYPE_CODE" NUMBER, 
	"APP_ID" VARCHAR2(100 BYTE), 
	"APP_ARCHIVE" NUMBER, 
	"APP_TITLE" VARCHAR2(100 BYTE), 
	"APP_CONTENTS" VARCHAR2(4000 BYTE), 
	"APP_REG_DATE" DATE, 
	"APP_DOCS_NUM" VARCHAR2(50 BYTE), 
	"APP_STATUS_CODE" NUMBER
   ) SEGMENT CREATION IMMEDIATE 
  PCTFREE 10 PCTUSED 40 INITRANS 1 MAXTRANS 255 
 NOCOMPRESS LOGGING
  STORAGE(INITIAL 65536 NEXT 1048576 MINEXTENTS 1 MAXEXTENTS 2147483645
  PCTINCREASE 0 FREELISTS 1 FREELIST GROUPS 1
  BUFFER_POOL DEFAULT FLASH_CACHE DEFAULT CELL_FLASH_CACHE DEFAULT)
  TABLESPACE "USERS" ;

   COMMENT ON COLUMN "ST"."APPROVAL"."APP_SEQ" IS '관리번호(SEQ)';
   COMMENT ON COLUMN "ST"."APPROVAL"."APP_TYPE_CODE" IS '전자결재구분코드';
   COMMENT ON COLUMN "ST"."APPROVAL"."APP_ID" IS '아이디(사원번호)';
   COMMENT ON COLUMN "ST"."APPROVAL"."APP_ARCHIVE" IS '보존기간(연단위)';
   COMMENT ON COLUMN "ST"."APPROVAL"."APP_TITLE" IS '제목';
   COMMENT ON COLUMN "ST"."APPROVAL"."APP_CONTENTS" IS '내용';
   COMMENT ON COLUMN "ST"."APPROVAL"."APP_REG_DATE" IS '기안일';
   COMMENT ON COLUMN "ST"."APPROVAL"."APP_DOCS_NUM" IS '문서번호';
   COMMENT ON COLUMN "ST"."APPROVAL"."APP_STATUS_CODE" IS '문서상태코드';
   COMMENT ON TABLE "ST"."APPROVAL"  IS '전자결재테이블';
--------------------------------------------------------
--  DDL for Table APPROVAL_ATTACHED_FILES
--------------------------------------------------------

  CREATE TABLE "ST"."APPROVAL_ATTACHED_FILES" 
   (	"APP_SEQ" NUMBER, 
	"APP_ORI_NAME" VARCHAR2(1000 BYTE), 
	"APP_SAVED_NAME" VARCHAR2(1000 BYTE)
   ) SEGMENT CREATION IMMEDIATE 
  PCTFREE 10 PCTUSED 40 INITRANS 1 MAXTRANS 255 
 NOCOMPRESS LOGGING
  STORAGE(INITIAL 65536 NEXT 1048576 MINEXTENTS 1 MAXEXTENTS 2147483645
  PCTINCREASE 0 FREELISTS 1 FREELIST GROUPS 1
  BUFFER_POOL DEFAULT FLASH_CACHE DEFAULT CELL_FLASH_CACHE DEFAULT)
  TABLESPACE "USERS" ;

   COMMENT ON COLUMN "ST"."APPROVAL_ATTACHED_FILES"."APP_SEQ" IS '관리번호';
   COMMENT ON COLUMN "ST"."APPROVAL_ATTACHED_FILES"."APP_ORI_NAME" IS '원본파일명';
   COMMENT ON COLUMN "ST"."APPROVAL_ATTACHED_FILES"."APP_SAVED_NAME" IS '저장파일명';
   COMMENT ON TABLE "ST"."APPROVAL_ATTACHED_FILES"  IS '전자결재파일첨부테이블';
--------------------------------------------------------
--  DDL for Table APPROVAL_COMMENTS
--------------------------------------------------------

  CREATE TABLE "ST"."APPROVAL_COMMENTS" 
   (	"APP_CMT_SEQ" NUMBER, 
	"APP_SEQ" NUMBER, 
	"APP_CMT_WRITER" VARCHAR2(100 BYTE), 
	"APP_CMT_CONTENTS" VARCHAR2(4000 BYTE), 
	"APP_CMT_DATE" DATE, 
	"APP_CMT_DEL" DATE
   ) SEGMENT CREATION IMMEDIATE 
  PCTFREE 10 PCTUSED 40 INITRANS 1 MAXTRANS 255 
 NOCOMPRESS LOGGING
  STORAGE(INITIAL 65536 NEXT 1048576 MINEXTENTS 1 MAXEXTENTS 2147483645
  PCTINCREASE 0 FREELISTS 1 FREELIST GROUPS 1
  BUFFER_POOL DEFAULT FLASH_CACHE DEFAULT CELL_FLASH_CACHE DEFAULT)
  TABLESPACE "USERS" ;

   COMMENT ON COLUMN "ST"."APPROVAL_COMMENTS"."APP_CMT_SEQ" IS '의견번호(SEQ)';
   COMMENT ON COLUMN "ST"."APPROVAL_COMMENTS"."APP_SEQ" IS '문서관리번호';
   COMMENT ON COLUMN "ST"."APPROVAL_COMMENTS"."APP_CMT_WRITER" IS '작성자아이디';
   COMMENT ON COLUMN "ST"."APPROVAL_COMMENTS"."APP_CMT_CONTENTS" IS '댓글내용';
   COMMENT ON COLUMN "ST"."APPROVAL_COMMENTS"."APP_CMT_DATE" IS '작성일';
   COMMENT ON COLUMN "ST"."APPROVAL_COMMENTS"."APP_CMT_DEL" IS '삭제일';
   COMMENT ON TABLE "ST"."APPROVAL_COMMENTS"  IS '전자결재의견테이블';
--------------------------------------------------------
--  DDL for Table APPROVAL_SIGN
--------------------------------------------------------

  CREATE TABLE "ST"."APPROVAL_SIGN" 
   (	"APP_SEQ" NUMBER, 
	"APP_SIGN_ID" VARCHAR2(100 BYTE), 
	"APP_SIGN_ORDER" NUMBER, 
	"APP_SIGN_DATE" DATE, 
	"APP_SIGN_ACCEPT" VARCHAR2(5 BYTE), 
	"APP_SIGN_TYPE_CODE" NUMBER
   ) SEGMENT CREATION IMMEDIATE 
  PCTFREE 10 PCTUSED 40 INITRANS 1 MAXTRANS 255 
 NOCOMPRESS LOGGING
  STORAGE(INITIAL 65536 NEXT 1048576 MINEXTENTS 1 MAXEXTENTS 2147483645
  PCTINCREASE 0 FREELISTS 1 FREELIST GROUPS 1
  BUFFER_POOL DEFAULT FLASH_CACHE DEFAULT CELL_FLASH_CACHE DEFAULT)
  TABLESPACE "USERS" ;

   COMMENT ON COLUMN "ST"."APPROVAL_SIGN"."APP_SEQ" IS '관리번호';
   COMMENT ON COLUMN "ST"."APPROVAL_SIGN"."APP_SIGN_ID" IS '결재자아이디';
   COMMENT ON COLUMN "ST"."APPROVAL_SIGN"."APP_SIGN_ORDER" IS '결재순서';
   COMMENT ON COLUMN "ST"."APPROVAL_SIGN"."APP_SIGN_DATE" IS '결재일';
   COMMENT ON COLUMN "ST"."APPROVAL_SIGN"."APP_SIGN_ACCEPT" IS '결재승인여부';
   COMMENT ON COLUMN "ST"."APPROVAL_SIGN"."APP_SIGN_TYPE_CODE" IS '결재구분코드';
   COMMENT ON TABLE "ST"."APPROVAL_SIGN"  IS '전자결재승인테이블';
--------------------------------------------------------
--  DDL for Table APPROVAL_SIGN_TYPE
--------------------------------------------------------

  CREATE TABLE "ST"."APPROVAL_SIGN_TYPE" 
   (	"APP_SIGN_TYPE_CODE" NUMBER, 
	"APP_SIGN_TYPE_NAME" VARCHAR2(20 BYTE)
   ) SEGMENT CREATION IMMEDIATE 
  PCTFREE 10 PCTUSED 40 INITRANS 1 MAXTRANS 255 
 NOCOMPRESS LOGGING
  STORAGE(INITIAL 65536 NEXT 1048576 MINEXTENTS 1 MAXEXTENTS 2147483645
  PCTINCREASE 0 FREELISTS 1 FREELIST GROUPS 1
  BUFFER_POOL DEFAULT FLASH_CACHE DEFAULT CELL_FLASH_CACHE DEFAULT)
  TABLESPACE "USERS" ;

   COMMENT ON COLUMN "ST"."APPROVAL_SIGN_TYPE"."APP_SIGN_TYPE_CODE" IS '전자결재결재코드';
   COMMENT ON COLUMN "ST"."APPROVAL_SIGN_TYPE"."APP_SIGN_TYPE_NAME" IS '전자결재결재이름';
   COMMENT ON TABLE "ST"."APPROVAL_SIGN_TYPE"  IS '전자결재결재구분';
--------------------------------------------------------
--  DDL for Table APPROVAL_STATUS
--------------------------------------------------------

  CREATE TABLE "ST"."APPROVAL_STATUS" 
   (	"APP_STATUS_CODE" NUMBER, 
	"APP_STATUS_NAME" VARCHAR2(50 BYTE)
   ) SEGMENT CREATION IMMEDIATE 
  PCTFREE 10 PCTUSED 40 INITRANS 1 MAXTRANS 255 
 NOCOMPRESS LOGGING
  STORAGE(INITIAL 65536 NEXT 1048576 MINEXTENTS 1 MAXEXTENTS 2147483645
  PCTINCREASE 0 FREELISTS 1 FREELIST GROUPS 1
  BUFFER_POOL DEFAULT FLASH_CACHE DEFAULT CELL_FLASH_CACHE DEFAULT)
  TABLESPACE "USERS" ;

   COMMENT ON COLUMN "ST"."APPROVAL_STATUS"."APP_STATUS_CODE" IS '문서상태코드';
   COMMENT ON COLUMN "ST"."APPROVAL_STATUS"."APP_STATUS_NAME" IS '문서상태이름';
   COMMENT ON TABLE "ST"."APPROVAL_STATUS"  IS '전자결재문서상태테이블';
--------------------------------------------------------
--  DDL for Table APPROVAL_TYPE
--------------------------------------------------------

  CREATE TABLE "ST"."APPROVAL_TYPE" 
   (	"APP_TYPE_CODE" NUMBER, 
	"APP_TYPE_NAME" VARCHAR2(50 BYTE), 
	"APP_TYPE_TEMPLATE" CLOB
   ) SEGMENT CREATION IMMEDIATE 
  PCTFREE 10 PCTUSED 40 INITRANS 1 MAXTRANS 255 
 NOCOMPRESS LOGGING
  STORAGE(INITIAL 65536 NEXT 1048576 MINEXTENTS 1 MAXEXTENTS 2147483645
  PCTINCREASE 0 FREELISTS 1 FREELIST GROUPS 1
  BUFFER_POOL DEFAULT FLASH_CACHE DEFAULT CELL_FLASH_CACHE DEFAULT)
  TABLESPACE "USERS" 
 LOB ("APP_TYPE_TEMPLATE") STORE AS SECUREFILE (
  TABLESPACE "USERS" ENABLE STORAGE IN ROW CHUNK 8192
  NOCACHE LOGGING  NOCOMPRESS  KEEP_DUPLICATES 
  STORAGE(INITIAL 106496 NEXT 1048576 MINEXTENTS 1 MAXEXTENTS 2147483645
  PCTINCREASE 0
  BUFFER_POOL DEFAULT FLASH_CACHE DEFAULT CELL_FLASH_CACHE DEFAULT)) ;

   COMMENT ON COLUMN "ST"."APPROVAL_TYPE"."APP_TYPE_CODE" IS '전자결재구분코드';
   COMMENT ON COLUMN "ST"."APPROVAL_TYPE"."APP_TYPE_NAME" IS '전자결재구분명';
   COMMENT ON COLUMN "ST"."APPROVAL_TYPE"."APP_TYPE_TEMPLATE" IS '전자결재문서양식';
   COMMENT ON TABLE "ST"."APPROVAL_TYPE"  IS '전자결재구분테이블';
--------------------------------------------------------
--  DDL for Table BREAK
--------------------------------------------------------

  CREATE TABLE "ST"."BREAK" 
   (	"BREAK_SEQ" NUMBER, 
	"BREAK_ID" VARCHAR2(100 BYTE), 
	"BREAK_CODE" NUMBER, 
	"BREAK_DISCOUNT" NUMBER(4,1), 
	"BREAK_START_DATE" DATE, 
	"BREAK_END_DATE" DATE, 
	"BREAK_REASON" VARCHAR2(4000 BYTE), 
	"APP_SEQ" NUMBER, 
	"BREAK_ACCEPT" VARCHAR2(5 BYTE)
   ) SEGMENT CREATION IMMEDIATE 
  PCTFREE 10 PCTUSED 40 INITRANS 1 MAXTRANS 255 
 NOCOMPRESS LOGGING
  STORAGE(INITIAL 65536 NEXT 1048576 MINEXTENTS 1 MAXEXTENTS 2147483645
  PCTINCREASE 0 FREELISTS 1 FREELIST GROUPS 1
  BUFFER_POOL DEFAULT FLASH_CACHE DEFAULT CELL_FLASH_CACHE DEFAULT)
  TABLESPACE "USERS" ;

   COMMENT ON COLUMN "ST"."BREAK"."BREAK_SEQ" IS '휴가사용번호(SEQ)';
   COMMENT ON COLUMN "ST"."BREAK"."BREAK_ID" IS '아이디(사원번호)';
   COMMENT ON COLUMN "ST"."BREAK"."BREAK_CODE" IS '휴가종류코드';
   COMMENT ON COLUMN "ST"."BREAK"."BREAK_DISCOUNT" IS '휴가차감일수';
   COMMENT ON COLUMN "ST"."BREAK"."BREAK_START_DATE" IS '사용일';
   COMMENT ON COLUMN "ST"."BREAK"."BREAK_END_DATE" IS '종료일';
   COMMENT ON COLUMN "ST"."BREAK"."BREAK_REASON" IS '사유';
   COMMENT ON COLUMN "ST"."BREAK"."APP_SEQ" IS '관리번호';
   COMMENT ON COLUMN "ST"."BREAK"."BREAK_ACCEPT" IS '휴가승인여부';
   COMMENT ON TABLE "ST"."BREAK"  IS '휴가사용현황테이블';
--------------------------------------------------------
--  DDL for Table BREAK_TYPE
--------------------------------------------------------

  CREATE TABLE "ST"."BREAK_TYPE" 
   (	"BREAK_CODE" NUMBER, 
	"BREAK_NAME" VARCHAR2(20 BYTE), 
	"BREAK_DISCOUNT" NUMBER(4,1)
   ) SEGMENT CREATION IMMEDIATE 
  PCTFREE 10 PCTUSED 40 INITRANS 1 MAXTRANS 255 
 NOCOMPRESS LOGGING
  STORAGE(INITIAL 65536 NEXT 1048576 MINEXTENTS 1 MAXEXTENTS 2147483645
  PCTINCREASE 0 FREELISTS 1 FREELIST GROUPS 1
  BUFFER_POOL DEFAULT FLASH_CACHE DEFAULT CELL_FLASH_CACHE DEFAULT)
  TABLESPACE "USERS" ;

   COMMENT ON COLUMN "ST"."BREAK_TYPE"."BREAK_CODE" IS '휴가종류코드';
   COMMENT ON COLUMN "ST"."BREAK_TYPE"."BREAK_NAME" IS '휴가종류명';
   COMMENT ON COLUMN "ST"."BREAK_TYPE"."BREAK_DISCOUNT" IS '차감일';
   COMMENT ON TABLE "ST"."BREAK_TYPE"  IS '휴가종류테이블';
--------------------------------------------------------
--  DDL for Table BUSINESS_LOG_PERIOD
--------------------------------------------------------

  CREATE TABLE "ST"."BUSINESS_LOG_PERIOD" 
   (	"APP_SEQ" NUMBER, 
	"BIZ_PERIODSTART" DATE, 
	"BIZ_PERIODEND" DATE
   ) SEGMENT CREATION IMMEDIATE 
  PCTFREE 10 PCTUSED 40 INITRANS 1 MAXTRANS 255 
 NOCOMPRESS LOGGING
  STORAGE(INITIAL 65536 NEXT 1048576 MINEXTENTS 1 MAXEXTENTS 2147483645
  PCTINCREASE 0 FREELISTS 1 FREELIST GROUPS 1
  BUFFER_POOL DEFAULT FLASH_CACHE DEFAULT CELL_FLASH_CACHE DEFAULT)
  TABLESPACE "USERS" ;

   COMMENT ON COLUMN "ST"."BUSINESS_LOG_PERIOD"."APP_SEQ" IS '관리번호';
   COMMENT ON COLUMN "ST"."BUSINESS_LOG_PERIOD"."BIZ_PERIODSTART" IS '업무일지지정기간_시작';
   COMMENT ON COLUMN "ST"."BUSINESS_LOG_PERIOD"."BIZ_PERIODEND" IS '업무일지지정기간_끝';
   COMMENT ON TABLE "ST"."BUSINESS_LOG_PERIOD"  IS '업무일지유형테이블';
--------------------------------------------------------
--  DDL for Table COMPANY_HOLIDAY
--------------------------------------------------------

  CREATE TABLE "ST"."COMPANY_HOLIDAY" 
   (	"COMP_HD_SEQ" NUMBER, 
	"COMP_HD_NAME" VARCHAR2(100 BYTE), 
	"COMP_HD_DATE" DATE
   ) SEGMENT CREATION IMMEDIATE 
  PCTFREE 10 PCTUSED 40 INITRANS 1 MAXTRANS 255 
 NOCOMPRESS LOGGING
  STORAGE(INITIAL 65536 NEXT 1048576 MINEXTENTS 1 MAXEXTENTS 2147483645
  PCTINCREASE 0 FREELISTS 1 FREELIST GROUPS 1
  BUFFER_POOL DEFAULT FLASH_CACHE DEFAULT CELL_FLASH_CACHE DEFAULT)
  TABLESPACE "USERS" ;

   COMMENT ON COLUMN "ST"."COMPANY_HOLIDAY"."COMP_HD_SEQ" IS '휴일관리번호(SEQ)';
   COMMENT ON COLUMN "ST"."COMPANY_HOLIDAY"."COMP_HD_NAME" IS '휴일이름';
   COMMENT ON COLUMN "ST"."COMPANY_HOLIDAY"."COMP_HD_DATE" IS '휴일날짜';
   COMMENT ON TABLE "ST"."COMPANY_HOLIDAY"  IS '사내휴일설정테이블';
--------------------------------------------------------
--  DDL for Table COMPANY_INFORMATION
--------------------------------------------------------

  CREATE TABLE "ST"."COMPANY_INFORMATION" 
   (	"COMP_INFO_NAME" VARCHAR2(100 BYTE), 
	"COMP_INFO_SUMMARY" VARCHAR2(1000 BYTE), 
	"COMP_INFO_ESTABLISH" VARCHAR2(50 BYTE), 
	"COMP_INFO_SALES" VARCHAR2(100 BYTE), 
	"COMP_INFO_EMP_COUNT" VARCHAR2(50 BYTE), 
	"COMP_INFO_MAJOR_BUSINESS" VARCHAR2(4000 BYTE), 
	"COMP_INFO_HISTORY" VARCHAR2(4000 BYTE)
   ) SEGMENT CREATION DEFERRED 
  PCTFREE 10 PCTUSED 40 INITRANS 1 MAXTRANS 255 
 NOCOMPRESS LOGGING
  TABLESPACE "USERS" ;

   COMMENT ON COLUMN "ST"."COMPANY_INFORMATION"."COMP_INFO_NAME" IS '회사명';
   COMMENT ON COLUMN "ST"."COMPANY_INFORMATION"."COMP_INFO_SUMMARY" IS '개요';
   COMMENT ON COLUMN "ST"."COMPANY_INFORMATION"."COMP_INFO_ESTABLISH" IS '설립일';
   COMMENT ON COLUMN "ST"."COMPANY_INFORMATION"."COMP_INFO_SALES" IS '매출액';
   COMMENT ON COLUMN "ST"."COMPANY_INFORMATION"."COMP_INFO_EMP_COUNT" IS '직원수';
   COMMENT ON COLUMN "ST"."COMPANY_INFORMATION"."COMP_INFO_MAJOR_BUSINESS" IS '주요사업';
   COMMENT ON COLUMN "ST"."COMPANY_INFORMATION"."COMP_INFO_HISTORY" IS '연혁';
   COMMENT ON TABLE "ST"."COMPANY_INFORMATION"  IS '회사정보테이블';
--------------------------------------------------------
--  DDL for Table DEPARTMENT
--------------------------------------------------------

  CREATE TABLE "ST"."DEPARTMENT" 
   (	"DEPT_CODE" NUMBER, 
	"DEPT_NAME" VARCHAR2(20 BYTE), 
	"DEPT_DIR_ID" NUMBER, 
	"DEPT_LEVEL" NUMBER, 
	"DEPT_CODE_PARENT" NUMBER, 
	"DEPT_TREE_CODE" VARCHAR2(100 BYTE)
   ) SEGMENT CREATION IMMEDIATE 
  PCTFREE 10 PCTUSED 40 INITRANS 1 MAXTRANS 255 
 NOCOMPRESS LOGGING
  STORAGE(INITIAL 65536 NEXT 1048576 MINEXTENTS 1 MAXEXTENTS 2147483645
  PCTINCREASE 0 FREELISTS 1 FREELIST GROUPS 1
  BUFFER_POOL DEFAULT FLASH_CACHE DEFAULT CELL_FLASH_CACHE DEFAULT)
  TABLESPACE "USERS" ;

   COMMENT ON COLUMN "ST"."DEPARTMENT"."DEPT_CODE" IS '부서코드(SEQ)';
   COMMENT ON COLUMN "ST"."DEPARTMENT"."DEPT_NAME" IS '부서명';
   COMMENT ON COLUMN "ST"."DEPARTMENT"."DEPT_DIR_ID" IS '웹하드디렉토리번호(SEQ)';
   COMMENT ON COLUMN "ST"."DEPARTMENT"."DEPT_LEVEL" IS '부서레벨표기';
   COMMENT ON COLUMN "ST"."DEPARTMENT"."DEPT_CODE_PARENT" IS '부모부서코드';
   COMMENT ON COLUMN "ST"."DEPARTMENT"."DEPT_TREE_CODE" IS '부서트리코드';
   COMMENT ON TABLE "ST"."DEPARTMENT"  IS '부서테이블';
--------------------------------------------------------
--  DDL for Table MEMBER
--------------------------------------------------------

  CREATE TABLE "ST"."MEMBER" 
   (	"ID" VARCHAR2(100 BYTE), 
	"PASSWORD" VARCHAR2(200 BYTE), 
	"NAME" VARCHAR2(20 BYTE), 
	"BIRTH" DATE, 
	"GENDER" VARCHAR2(5 BYTE), 
	"CONTACT" VARCHAR2(50 BYTE), 
	"ADDRESS1" VARCHAR2(100 BYTE), 
	"ADDRESS2" VARCHAR2(100 BYTE), 
	"ZIP_CODE" VARCHAR2(20 BYTE), 
	"IS_MARRIED" VARCHAR2(5 BYTE), 
	"DEPT_CODE" NUMBER, 
	"POSITION_CODE" NUMBER, 
	"REG_DATE" DATE, 
	"RETIRE_DATE" DATE, 
	"ACCESS_LEVEL_CODE" NUMBER, 
	"BREAK_TOTAL_COUNT" NUMBER(4,1), 
	"BREAK_USE_COUNT" NUMBER(4,1)
   ) SEGMENT CREATION IMMEDIATE 
  PCTFREE 10 PCTUSED 40 INITRANS 1 MAXTRANS 255 
 NOCOMPRESS LOGGING
  STORAGE(INITIAL 65536 NEXT 1048576 MINEXTENTS 1 MAXEXTENTS 2147483645
  PCTINCREASE 0 FREELISTS 1 FREELIST GROUPS 1
  BUFFER_POOL DEFAULT FLASH_CACHE DEFAULT CELL_FLASH_CACHE DEFAULT)
  TABLESPACE "USERS" ;

   COMMENT ON COLUMN "ST"."MEMBER"."ID" IS '아이디(사원번호)';
   COMMENT ON COLUMN "ST"."MEMBER"."PASSWORD" IS '패스워드';
   COMMENT ON COLUMN "ST"."MEMBER"."NAME" IS '이름';
   COMMENT ON COLUMN "ST"."MEMBER"."BIRTH" IS '생년월일';
   COMMENT ON COLUMN "ST"."MEMBER"."GENDER" IS '성별';
   COMMENT ON COLUMN "ST"."MEMBER"."CONTACT" IS '핸드폰';
   COMMENT ON COLUMN "ST"."MEMBER"."ADDRESS1" IS '주소1';
   COMMENT ON COLUMN "ST"."MEMBER"."ADDRESS2" IS '주소2';
   COMMENT ON COLUMN "ST"."MEMBER"."ZIP_CODE" IS '우편번호';
   COMMENT ON COLUMN "ST"."MEMBER"."IS_MARRIED" IS '결혼여부';
   COMMENT ON COLUMN "ST"."MEMBER"."DEPT_CODE" IS '부서코드';
   COMMENT ON COLUMN "ST"."MEMBER"."POSITION_CODE" IS '직급코드';
   COMMENT ON COLUMN "ST"."MEMBER"."REG_DATE" IS '입사일';
   COMMENT ON COLUMN "ST"."MEMBER"."RETIRE_DATE" IS '퇴사일';
   COMMENT ON COLUMN "ST"."MEMBER"."ACCESS_LEVEL_CODE" IS '접근권한코드';
   COMMENT ON COLUMN "ST"."MEMBER"."BREAK_TOTAL_COUNT" IS '연차개수';
   COMMENT ON COLUMN "ST"."MEMBER"."BREAK_USE_COUNT" IS '사용연차개수';
   COMMENT ON TABLE "ST"."MEMBER"  IS '멤버테이블';
--------------------------------------------------------
--  DDL for Table MESSAGE
--------------------------------------------------------

  CREATE TABLE "ST"."MESSAGE" 
   (	"MSG_SEQ" NUMBER, 
	"MSG_SENDER" VARCHAR2(100 BYTE), 
	"MSG_RECEIVER" VARCHAR2(100 BYTE), 
	"MSG_SEND_DATE" DATE, 
	"MSG_RECEIVE_DATE" DATE, 
	"MSG_TITLE" VARCHAR2(500 BYTE), 
	"MSG_CONTENTS" VARCHAR2(4000 BYTE), 
	"MSG_SENDER_NAME" VARCHAR2(100 BYTE), 
	"MSG_RECEIVER_NAME" VARCHAR2(100 BYTE), 
	"MSG_SENDER_VIEW" VARCHAR2(5 BYTE), 
	"MSG_RECEIVER_VIEW" VARCHAR2(5 BYTE), 
	"MSG_CABINET_CHECK" VARCHAR2(5 BYTE)
   ) SEGMENT CREATION IMMEDIATE 
  PCTFREE 10 PCTUSED 40 INITRANS 1 MAXTRANS 255 
 NOCOMPRESS LOGGING
  STORAGE(INITIAL 65536 NEXT 1048576 MINEXTENTS 1 MAXEXTENTS 2147483645
  PCTINCREASE 0 FREELISTS 1 FREELIST GROUPS 1
  BUFFER_POOL DEFAULT FLASH_CACHE DEFAULT CELL_FLASH_CACHE DEFAULT)
  TABLESPACE "USERS" ;

   COMMENT ON COLUMN "ST"."MESSAGE"."MSG_SEQ" IS '쪽지번호(SEQ)';
   COMMENT ON COLUMN "ST"."MESSAGE"."MSG_SENDER" IS '발신자';
   COMMENT ON COLUMN "ST"."MESSAGE"."MSG_RECEIVER" IS '수신자';
   COMMENT ON COLUMN "ST"."MESSAGE"."MSG_SEND_DATE" IS '발신일';
   COMMENT ON COLUMN "ST"."MESSAGE"."MSG_RECEIVE_DATE" IS '수신일';
   COMMENT ON COLUMN "ST"."MESSAGE"."MSG_TITLE" IS '제목';
   COMMENT ON COLUMN "ST"."MESSAGE"."MSG_CONTENTS" IS '내용';
   COMMENT ON COLUMN "ST"."MESSAGE"."MSG_SENDER_NAME" IS '발신자이름';
   COMMENT ON COLUMN "ST"."MESSAGE"."MSG_RECEIVER_NAME" IS '수신자이름';
   COMMENT ON COLUMN "ST"."MESSAGE"."MSG_SENDER_VIEW" IS '발신자표시여부';
   COMMENT ON COLUMN "ST"."MESSAGE"."MSG_RECEIVER_VIEW" IS '수신자표시여부';
   COMMENT ON COLUMN "ST"."MESSAGE"."MSG_CABINET_CHECK" IS '보관함유무';
   COMMENT ON TABLE "ST"."MESSAGE"  IS '쪽지테이블';
--------------------------------------------------------
--  DDL for Table MESSAGE_ATTACHED_FILES
--------------------------------------------------------

  CREATE TABLE "ST"."MESSAGE_ATTACHED_FILES" 
   (	"MSG_SEQ" NUMBER, 
	"MSG_ORI_NAME" VARCHAR2(100 BYTE), 
	"MSG_SAVED_NAME" VARCHAR2(100 BYTE)
   ) SEGMENT CREATION IMMEDIATE 
  PCTFREE 10 PCTUSED 40 INITRANS 1 MAXTRANS 255 
 NOCOMPRESS LOGGING
  STORAGE(INITIAL 65536 NEXT 1048576 MINEXTENTS 1 MAXEXTENTS 2147483645
  PCTINCREASE 0 FREELISTS 1 FREELIST GROUPS 1
  BUFFER_POOL DEFAULT FLASH_CACHE DEFAULT CELL_FLASH_CACHE DEFAULT)
  TABLESPACE "USERS" ;

   COMMENT ON COLUMN "ST"."MESSAGE_ATTACHED_FILES"."MSG_SEQ" IS '쪽지번호';
   COMMENT ON COLUMN "ST"."MESSAGE_ATTACHED_FILES"."MSG_ORI_NAME" IS '원본파일명';
   COMMENT ON COLUMN "ST"."MESSAGE_ATTACHED_FILES"."MSG_SAVED_NAME" IS '저장파일명';
   COMMENT ON TABLE "ST"."MESSAGE_ATTACHED_FILES"  IS '쪽지첨부파일테이블';
--------------------------------------------------------
--  DDL for Table MESSAGE_CABINET
--------------------------------------------------------

  CREATE TABLE "ST"."MESSAGE_CABINET" 
   (	"MSG_SEQ" NUMBER, 
	"MSG_ID" VARCHAR2(100 BYTE), 
	"MSG_DIVISION" VARCHAR2(5 BYTE)
   ) SEGMENT CREATION IMMEDIATE 
  PCTFREE 10 PCTUSED 40 INITRANS 1 MAXTRANS 255 
 NOCOMPRESS LOGGING
  STORAGE(INITIAL 65536 NEXT 1048576 MINEXTENTS 1 MAXEXTENTS 2147483645
  PCTINCREASE 0 FREELISTS 1 FREELIST GROUPS 1
  BUFFER_POOL DEFAULT FLASH_CACHE DEFAULT CELL_FLASH_CACHE DEFAULT)
  TABLESPACE "USERS" ;

   COMMENT ON COLUMN "ST"."MESSAGE_CABINET"."MSG_SEQ" IS '쪽지번호';
   COMMENT ON COLUMN "ST"."MESSAGE_CABINET"."MSG_ID" IS '아이디(사원번호)';
   COMMENT ON COLUMN "ST"."MESSAGE_CABINET"."MSG_DIVISION" IS '수/발신구분';
   COMMENT ON TABLE "ST"."MESSAGE_CABINET"  IS '쪽지보관함테이블';
--------------------------------------------------------
--  DDL for Table POSITION
--------------------------------------------------------

  CREATE TABLE "ST"."POSITION" 
   (	"POSITION_CODE" NUMBER, 
	"POSITION_NAME" VARCHAR2(20 BYTE)
   ) SEGMENT CREATION IMMEDIATE 
  PCTFREE 10 PCTUSED 40 INITRANS 1 MAXTRANS 255 
 NOCOMPRESS LOGGING
  STORAGE(INITIAL 65536 NEXT 1048576 MINEXTENTS 1 MAXEXTENTS 2147483645
  PCTINCREASE 0 FREELISTS 1 FREELIST GROUPS 1
  BUFFER_POOL DEFAULT FLASH_CACHE DEFAULT CELL_FLASH_CACHE DEFAULT)
  TABLESPACE "USERS" ;

   COMMENT ON COLUMN "ST"."POSITION"."POSITION_CODE" IS '직급코드(SEQ)';
   COMMENT ON COLUMN "ST"."POSITION"."POSITION_NAME" IS '직급명';
   COMMENT ON TABLE "ST"."POSITION"  IS '직급테이블';
--------------------------------------------------------
--  DDL for Table PROJECT
--------------------------------------------------------

  CREATE TABLE "ST"."PROJECT" 
   (	"PRO_SEQ" NUMBER, 
	"PRO_TITLE" VARCHAR2(100 BYTE), 
	"PRO_START_DATE" DATE, 
	"PRO_END_DATE" DATE, 
	"PRO_ID" VARCHAR2(100 BYTE)
   ) SEGMENT CREATION IMMEDIATE 
  PCTFREE 10 PCTUSED 40 INITRANS 1 MAXTRANS 255 
 NOCOMPRESS LOGGING
  STORAGE(INITIAL 65536 NEXT 1048576 MINEXTENTS 1 MAXEXTENTS 2147483645
  PCTINCREASE 0 FREELISTS 1 FREELIST GROUPS 1
  BUFFER_POOL DEFAULT FLASH_CACHE DEFAULT CELL_FLASH_CACHE DEFAULT)
  TABLESPACE "USERS" ;

   COMMENT ON COLUMN "ST"."PROJECT"."PRO_SEQ" IS '프로젝트번호(SEQ)';
   COMMENT ON COLUMN "ST"."PROJECT"."PRO_TITLE" IS '프로젝트명';
   COMMENT ON COLUMN "ST"."PROJECT"."PRO_START_DATE" IS '프로젝트시작일';
   COMMENT ON COLUMN "ST"."PROJECT"."PRO_END_DATE" IS '프로젝트종료일';
   COMMENT ON COLUMN "ST"."PROJECT"."PRO_ID" IS '프로젝트작성자';
   COMMENT ON TABLE "ST"."PROJECT"  IS '프로젝트테이블';
--------------------------------------------------------
--  DDL for Table PROJECT_KANBAN
--------------------------------------------------------

  CREATE TABLE "ST"."PROJECT_KANBAN" 
   (	"PRO_KB_SEQ" NUMBER, 
	"PRO_SEQ" NUMBER, 
	"PRO_KB_PROCESS_CODE" NUMBER, 
	"PRO_KB_TITLE" VARCHAR2(100 BYTE), 
	"PRO_KB_DETAILS" VARCHAR2(1000 BYTE), 
	"PRO_KB_MANAGER" VARCHAR2(100 BYTE)
   ) SEGMENT CREATION IMMEDIATE 
  PCTFREE 10 PCTUSED 40 INITRANS 1 MAXTRANS 255 
 NOCOMPRESS LOGGING
  STORAGE(INITIAL 65536 NEXT 1048576 MINEXTENTS 1 MAXEXTENTS 2147483645
  PCTINCREASE 0 FREELISTS 1 FREELIST GROUPS 1
  BUFFER_POOL DEFAULT FLASH_CACHE DEFAULT CELL_FLASH_CACHE DEFAULT)
  TABLESPACE "USERS" ;

   COMMENT ON COLUMN "ST"."PROJECT_KANBAN"."PRO_KB_SEQ" IS '칸반번호(SEQ)';
   COMMENT ON COLUMN "ST"."PROJECT_KANBAN"."PRO_SEQ" IS '프로젝트번호';
   COMMENT ON COLUMN "ST"."PROJECT_KANBAN"."PRO_KB_PROCESS_CODE" IS '진행상태코드';
   COMMENT ON COLUMN "ST"."PROJECT_KANBAN"."PRO_KB_TITLE" IS '분류명';
   COMMENT ON COLUMN "ST"."PROJECT_KANBAN"."PRO_KB_DETAILS" IS '상세내용';
   COMMENT ON COLUMN "ST"."PROJECT_KANBAN"."PRO_KB_MANAGER" IS '담당자아이디';
   COMMENT ON TABLE "ST"."PROJECT_KANBAN"  IS '프로젝트상세테이블';
--------------------------------------------------------
--  DDL for Table PROJECT_KB_PROCESS_CODE
--------------------------------------------------------

  CREATE TABLE "ST"."PROJECT_KB_PROCESS_CODE" 
   (	"PRO_KB_PROCESS_CODE" NUMBER, 
	"PRO_KB_PROCESS_NAME" VARCHAR2(50 BYTE)
   ) SEGMENT CREATION IMMEDIATE 
  PCTFREE 10 PCTUSED 40 INITRANS 1 MAXTRANS 255 
 NOCOMPRESS LOGGING
  STORAGE(INITIAL 65536 NEXT 1048576 MINEXTENTS 1 MAXEXTENTS 2147483645
  PCTINCREASE 0 FREELISTS 1 FREELIST GROUPS 1
  BUFFER_POOL DEFAULT FLASH_CACHE DEFAULT CELL_FLASH_CACHE DEFAULT)
  TABLESPACE "USERS" ;

   COMMENT ON COLUMN "ST"."PROJECT_KB_PROCESS_CODE"."PRO_KB_PROCESS_CODE" IS '진행상태코드';
   COMMENT ON COLUMN "ST"."PROJECT_KB_PROCESS_CODE"."PRO_KB_PROCESS_NAME" IS '진행상태명';
   COMMENT ON TABLE "ST"."PROJECT_KB_PROCESS_CODE"  IS '프로젝트진행상태코드테이블';
--------------------------------------------------------
--  DDL for Table SCHEDULE
--------------------------------------------------------

  CREATE TABLE "ST"."SCHEDULE" 
   (	"SCH_SEQ" NUMBER, 
	"SCH_TITLE" VARCHAR2(500 BYTE), 
	"SCH_CONTENTS" VARCHAR2(4000 BYTE), 
	"SCH_START_DATE" DATE, 
	"SCH_END_DATE" DATE, 
	"SCH_TYPE" NUMBER, 
	"SCH_ID" VARCHAR2(100 BYTE)
   ) SEGMENT CREATION IMMEDIATE 
  PCTFREE 10 PCTUSED 40 INITRANS 1 MAXTRANS 255 
 NOCOMPRESS LOGGING
  STORAGE(INITIAL 65536 NEXT 1048576 MINEXTENTS 1 MAXEXTENTS 2147483645
  PCTINCREASE 0 FREELISTS 1 FREELIST GROUPS 1
  BUFFER_POOL DEFAULT FLASH_CACHE DEFAULT CELL_FLASH_CACHE DEFAULT)
  TABLESPACE "USERS" ;

   COMMENT ON COLUMN "ST"."SCHEDULE"."SCH_SEQ" IS '일정번호(SEQ)';
   COMMENT ON COLUMN "ST"."SCHEDULE"."SCH_TITLE" IS '일정제목';
   COMMENT ON COLUMN "ST"."SCHEDULE"."SCH_CONTENTS" IS '일정내용';
   COMMENT ON COLUMN "ST"."SCHEDULE"."SCH_START_DATE" IS '일정시작일';
   COMMENT ON COLUMN "ST"."SCHEDULE"."SCH_END_DATE" IS '일정종료일';
   COMMENT ON COLUMN "ST"."SCHEDULE"."SCH_TYPE" IS '일정공개설정';
   COMMENT ON COLUMN "ST"."SCHEDULE"."SCH_ID" IS '일정관리작성아이디';
   COMMENT ON TABLE "ST"."SCHEDULE"  IS '일정관리테이블';
--------------------------------------------------------
--  DDL for Table STANDARD_TIME
--------------------------------------------------------

  CREATE TABLE "ST"."STANDARD_TIME" 
   (	"STANDARD_TIME_ATTENDANCE" VARCHAR2(100 BYTE), 
	"STANDARD_TIME_LEAVE" VARCHAR2(100 BYTE), 
	"STANDARD_TIME_NIGHT" VARCHAR2(100 BYTE)
   ) SEGMENT CREATION IMMEDIATE 
  PCTFREE 10 PCTUSED 40 INITRANS 1 MAXTRANS 255 
 NOCOMPRESS LOGGING
  STORAGE(INITIAL 65536 NEXT 1048576 MINEXTENTS 1 MAXEXTENTS 2147483645
  PCTINCREASE 0 FREELISTS 1 FREELIST GROUPS 1
  BUFFER_POOL DEFAULT FLASH_CACHE DEFAULT CELL_FLASH_CACHE DEFAULT)
  TABLESPACE "USERS" ;

   COMMENT ON COLUMN "ST"."STANDARD_TIME"."STANDARD_TIME_ATTENDANCE" IS '출근기준시간';
   COMMENT ON COLUMN "ST"."STANDARD_TIME"."STANDARD_TIME_LEAVE" IS '퇴근기준시간';
   COMMENT ON COLUMN "ST"."STANDARD_TIME"."STANDARD_TIME_NIGHT" IS '야근기준시간';
--------------------------------------------------------
--  DDL for Table TNA
--------------------------------------------------------

  CREATE TABLE "ST"."TNA" 
   (	"TNA_SEQ" NUMBER, 
	"TNA_ID" VARCHAR2(100 BYTE), 
	"TNA_START_TIME" DATE, 
	"TNA_END_TIME" DATE, 
	"TNA_START_STATUS_CODE" NUMBER, 
	"TNA_END_STATUS_CODE" NUMBER
   ) SEGMENT CREATION IMMEDIATE 
  PCTFREE 10 PCTUSED 40 INITRANS 1 MAXTRANS 255 
 NOCOMPRESS LOGGING
  STORAGE(INITIAL 65536 NEXT 1048576 MINEXTENTS 1 MAXEXTENTS 2147483645
  PCTINCREASE 0 FREELISTS 1 FREELIST GROUPS 1
  BUFFER_POOL DEFAULT FLASH_CACHE DEFAULT CELL_FLASH_CACHE DEFAULT)
  TABLESPACE "USERS" ;

   COMMENT ON COLUMN "ST"."TNA"."TNA_SEQ" IS '출퇴근번호(SEQ)';
   COMMENT ON COLUMN "ST"."TNA"."TNA_ID" IS '아이디(사원번호)';
   COMMENT ON COLUMN "ST"."TNA"."TNA_START_TIME" IS '출근시간';
   COMMENT ON COLUMN "ST"."TNA"."TNA_END_TIME" IS '퇴근시간';
   COMMENT ON COLUMN "ST"."TNA"."TNA_START_STATUS_CODE" IS '출근구분코드';
   COMMENT ON COLUMN "ST"."TNA"."TNA_END_STATUS_CODE" IS '퇴근구분코드
';
   COMMENT ON TABLE "ST"."TNA"  IS '근태관리테이블';
--------------------------------------------------------
--  DDL for Table TNA_OBJECTION
--------------------------------------------------------

  CREATE TABLE "ST"."TNA_OBJECTION" 
   (	"TNA_OBJ_SEQ" NUMBER, 
	"TNA_OBJ_REASON" VARCHAR2(4000 BYTE), 
	"TNA_OBJ_ID" VARCHAR2(100 BYTE), 
	"TNA_OBJ_REG_DATE" DATE, 
	"TNA_OBJ_CHANGED_CODE" NUMBER, 
	"TNA_SEQ" NUMBER, 
	"TNA_OBJ_STATUS" VARCHAR2(20 BYTE), 
	"TNA_OBJ_PROC_STATUS_CODE" NUMBER, 
	"TNA_OBJ_ORI_STATUS_CODE" NUMBER, 
	"TNA_OBJ_TIME" DATE
   ) SEGMENT CREATION IMMEDIATE 
  PCTFREE 10 PCTUSED 40 INITRANS 1 MAXTRANS 255 
 NOCOMPRESS LOGGING
  STORAGE(INITIAL 65536 NEXT 1048576 MINEXTENTS 1 MAXEXTENTS 2147483645
  PCTINCREASE 0 FREELISTS 1 FREELIST GROUPS 1
  BUFFER_POOL DEFAULT FLASH_CACHE DEFAULT CELL_FLASH_CACHE DEFAULT)
  TABLESPACE "USERS" ;

   COMMENT ON COLUMN "ST"."TNA_OBJECTION"."TNA_OBJ_SEQ" IS '정정신청번호(SEQ)';
   COMMENT ON COLUMN "ST"."TNA_OBJECTION"."TNA_OBJ_REASON" IS '신청사유';
   COMMENT ON COLUMN "ST"."TNA_OBJECTION"."TNA_OBJ_ID" IS '아이디';
   COMMENT ON COLUMN "ST"."TNA_OBJECTION"."TNA_OBJ_REG_DATE" IS '신청일';
   COMMENT ON COLUMN "ST"."TNA_OBJECTION"."TNA_OBJ_CHANGED_CODE" IS '변경후구분코드';
   COMMENT ON COLUMN "ST"."TNA_OBJECTION"."TNA_SEQ" IS '출퇴근번호';
   COMMENT ON COLUMN "ST"."TNA_OBJECTION"."TNA_OBJ_STATUS" IS '출퇴근구분';
   COMMENT ON COLUMN "ST"."TNA_OBJECTION"."TNA_OBJ_PROC_STATUS_CODE" IS '정정처리상태코드';
   COMMENT ON COLUMN "ST"."TNA_OBJECTION"."TNA_OBJ_ORI_STATUS_CODE" IS '기존구분코드';
   COMMENT ON COLUMN "ST"."TNA_OBJECTION"."TNA_OBJ_TIME" IS '대상시간';
   COMMENT ON TABLE "ST"."TNA_OBJECTION"  IS '근태정정신청테이블';
--------------------------------------------------------
--  DDL for Table TNA_OBJ_PROC_STATUS
--------------------------------------------------------

  CREATE TABLE "ST"."TNA_OBJ_PROC_STATUS" 
   (	"TNA_OBJ_PROC_STATUS_CODE" NUMBER, 
	"TNA_OBJ_PROC_STATUS_NAME" VARCHAR2(20 BYTE)
   ) SEGMENT CREATION IMMEDIATE 
  PCTFREE 10 PCTUSED 40 INITRANS 1 MAXTRANS 255 
 NOCOMPRESS LOGGING
  STORAGE(INITIAL 65536 NEXT 1048576 MINEXTENTS 1 MAXEXTENTS 2147483645
  PCTINCREASE 0 FREELISTS 1 FREELIST GROUPS 1
  BUFFER_POOL DEFAULT FLASH_CACHE DEFAULT CELL_FLASH_CACHE DEFAULT)
  TABLESPACE "USERS" ;

   COMMENT ON COLUMN "ST"."TNA_OBJ_PROC_STATUS"."TNA_OBJ_PROC_STATUS_CODE" IS '정정처리상태코드';
   COMMENT ON COLUMN "ST"."TNA_OBJ_PROC_STATUS"."TNA_OBJ_PROC_STATUS_NAME" IS '정정처리상태이름';
   COMMENT ON TABLE "ST"."TNA_OBJ_PROC_STATUS"  IS '정정처리상태테이블';
--------------------------------------------------------
--  DDL for Table TNA_STATUS
--------------------------------------------------------

  CREATE TABLE "ST"."TNA_STATUS" 
   (	"TNA_STATUS_CODE" NUMBER, 
	"TNA_STATUS_NAME" VARCHAR2(100 BYTE)
   ) SEGMENT CREATION IMMEDIATE 
  PCTFREE 10 PCTUSED 40 INITRANS 1 MAXTRANS 255 
 NOCOMPRESS LOGGING
  STORAGE(INITIAL 65536 NEXT 1048576 MINEXTENTS 1 MAXEXTENTS 2147483645
  PCTINCREASE 0 FREELISTS 1 FREELIST GROUPS 1
  BUFFER_POOL DEFAULT FLASH_CACHE DEFAULT CELL_FLASH_CACHE DEFAULT)
  TABLESPACE "USERS" ;

   COMMENT ON COLUMN "ST"."TNA_STATUS"."TNA_STATUS_CODE" IS '출근구분코드';
   COMMENT ON COLUMN "ST"."TNA_STATUS"."TNA_STATUS_NAME" IS '출근구분이름';
   COMMENT ON TABLE "ST"."TNA_STATUS"  IS '출근구분테이블';
--------------------------------------------------------
--  DDL for Table WEBHARD_ACCESS
--------------------------------------------------------

  CREATE TABLE "ST"."WEBHARD_ACCESS" 
   (	"WH_ID" VARCHAR2(100 BYTE), 
	"WH_DIR_SEQ" NUMBER, 
	"WH_DIR_TYPE_CODE" NUMBER
   ) SEGMENT CREATION IMMEDIATE 
  PCTFREE 10 PCTUSED 40 INITRANS 1 MAXTRANS 255 
 NOCOMPRESS LOGGING
  STORAGE(INITIAL 65536 NEXT 1048576 MINEXTENTS 1 MAXEXTENTS 2147483645
  PCTINCREASE 0 FREELISTS 1 FREELIST GROUPS 1
  BUFFER_POOL DEFAULT FLASH_CACHE DEFAULT CELL_FLASH_CACHE DEFAULT)
  TABLESPACE "USERS" ;

   COMMENT ON COLUMN "ST"."WEBHARD_ACCESS"."WH_ID" IS '아이디(사원번호)';
   COMMENT ON COLUMN "ST"."WEBHARD_ACCESS"."WH_DIR_SEQ" IS '디렉토리번호';
   COMMENT ON COLUMN "ST"."WEBHARD_ACCESS"."WH_DIR_TYPE_CODE" IS '디렉토리속성코드';
   COMMENT ON TABLE "ST"."WEBHARD_ACCESS"  IS '웹하드접근테이블';
--------------------------------------------------------
--  DDL for Table WEBHARD_DIR
--------------------------------------------------------

  CREATE TABLE "ST"."WEBHARD_DIR" 
   (	"WH_DIR_SEQ" NUMBER, 
	"WH_DIR_NAME" VARCHAR2(100 BYTE), 
	"WH_DIR_PARENT_SEQ" NUMBER
   ) SEGMENT CREATION IMMEDIATE 
  PCTFREE 10 PCTUSED 40 INITRANS 1 MAXTRANS 255 
 NOCOMPRESS LOGGING
  STORAGE(INITIAL 65536 NEXT 1048576 MINEXTENTS 1 MAXEXTENTS 2147483645
  PCTINCREASE 0 FREELISTS 1 FREELIST GROUPS 1
  BUFFER_POOL DEFAULT FLASH_CACHE DEFAULT CELL_FLASH_CACHE DEFAULT)
  TABLESPACE "USERS" ;

   COMMENT ON COLUMN "ST"."WEBHARD_DIR"."WH_DIR_SEQ" IS '디렉토리번호(SEQ)';
   COMMENT ON COLUMN "ST"."WEBHARD_DIR"."WH_DIR_NAME" IS '디렉토리명';
   COMMENT ON COLUMN "ST"."WEBHARD_DIR"."WH_DIR_PARENT_SEQ" IS '부모디렉토리번호';
   COMMENT ON TABLE "ST"."WEBHARD_DIR"  IS '웹하드디렉토리테이블';
--------------------------------------------------------
--  DDL for Table WEBHARD_DIR_TYPE
--------------------------------------------------------

  CREATE TABLE "ST"."WEBHARD_DIR_TYPE" 
   (	"WH_DIR_TYPE_CODE" NUMBER, 
	"WH_DIR_TYPE_NAME" VARCHAR2(50 BYTE)
   ) SEGMENT CREATION IMMEDIATE 
  PCTFREE 10 PCTUSED 40 INITRANS 1 MAXTRANS 255 
 NOCOMPRESS LOGGING
  STORAGE(INITIAL 65536 NEXT 1048576 MINEXTENTS 1 MAXEXTENTS 2147483645
  PCTINCREASE 0 FREELISTS 1 FREELIST GROUPS 1
  BUFFER_POOL DEFAULT FLASH_CACHE DEFAULT CELL_FLASH_CACHE DEFAULT)
  TABLESPACE "USERS" ;

   COMMENT ON COLUMN "ST"."WEBHARD_DIR_TYPE"."WH_DIR_TYPE_CODE" IS '디렉토리속성코드';
   COMMENT ON COLUMN "ST"."WEBHARD_DIR_TYPE"."WH_DIR_TYPE_NAME" IS '디렉토리속성이름';
   COMMENT ON TABLE "ST"."WEBHARD_DIR_TYPE"  IS '웹하드디렉토리속성테이블';
--------------------------------------------------------
--  DDL for Table WEBHARD_FILES
--------------------------------------------------------

  CREATE TABLE "ST"."WEBHARD_FILES" 
   (	"WH_FILES_SEQ" NUMBER, 
	"WH_DIR_SEQ" NUMBER, 
	"WH_ORI_NAME" VARCHAR2(500 BYTE), 
	"WH_SAVED_NAME" VARCHAR2(500 BYTE), 
	"WH_UPLOAD_DATE" DATE
   ) SEGMENT CREATION IMMEDIATE 
  PCTFREE 10 PCTUSED 40 INITRANS 1 MAXTRANS 255 
 NOCOMPRESS LOGGING
  STORAGE(INITIAL 65536 NEXT 1048576 MINEXTENTS 1 MAXEXTENTS 2147483645
  PCTINCREASE 0 FREELISTS 1 FREELIST GROUPS 1
  BUFFER_POOL DEFAULT FLASH_CACHE DEFAULT CELL_FLASH_CACHE DEFAULT)
  TABLESPACE "USERS" ;

   COMMENT ON COLUMN "ST"."WEBHARD_FILES"."WH_FILES_SEQ" IS '파일번호(SEQ)';
   COMMENT ON COLUMN "ST"."WEBHARD_FILES"."WH_DIR_SEQ" IS '디렉토리번호';
   COMMENT ON COLUMN "ST"."WEBHARD_FILES"."WH_ORI_NAME" IS '원본파일명';
   COMMENT ON COLUMN "ST"."WEBHARD_FILES"."WH_SAVED_NAME" IS '저장파일명';
   COMMENT ON COLUMN "ST"."WEBHARD_FILES"."WH_UPLOAD_DATE" IS '작성일';
   COMMENT ON TABLE "ST"."WEBHARD_FILES"  IS '웹하드파일테이블';
--------------------------------------------------------
--  DDL for Table WRITE
--------------------------------------------------------

  CREATE TABLE "ST"."WRITE" 
   (	"WRITE_SEQ" NUMBER, 
	"WRITE_CODE" NUMBER, 
	"WRITE_TITLE" VARCHAR2(200 BYTE), 
	"WRITE_CONTENTS" VARCHAR2(200 BYTE), 
	"WRITE_ID" VARCHAR2(100 BYTE), 
	"WRITE_REG_DATE" DATE, 
	"WRITE_DEL_DATE" DATE, 
	"WRITE_OPEN" VARCHAR2(5 BYTE), 
	"WRITE_READ_COUNT" NUMBER
   ) SEGMENT CREATION IMMEDIATE 
  PCTFREE 10 PCTUSED 40 INITRANS 1 MAXTRANS 255 
 NOCOMPRESS LOGGING
  STORAGE(INITIAL 65536 NEXT 1048576 MINEXTENTS 1 MAXEXTENTS 2147483645
  PCTINCREASE 0 FREELISTS 1 FREELIST GROUPS 1
  BUFFER_POOL DEFAULT FLASH_CACHE DEFAULT CELL_FLASH_CACHE DEFAULT)
  TABLESPACE "USERS" ;

   COMMENT ON COLUMN "ST"."WRITE"."WRITE_SEQ" IS '글번호(SEQ)';
   COMMENT ON COLUMN "ST"."WRITE"."WRITE_CODE" IS '글속성코드';
   COMMENT ON COLUMN "ST"."WRITE"."WRITE_TITLE" IS '글제목';
   COMMENT ON COLUMN "ST"."WRITE"."WRITE_CONTENTS" IS '글내용';
   COMMENT ON COLUMN "ST"."WRITE"."WRITE_ID" IS '글작성자아이디';
   COMMENT ON COLUMN "ST"."WRITE"."WRITE_REG_DATE" IS '작성일';
   COMMENT ON COLUMN "ST"."WRITE"."WRITE_DEL_DATE" IS '삭제일';
   COMMENT ON COLUMN "ST"."WRITE"."WRITE_OPEN" IS '공개여부';
   COMMENT ON COLUMN "ST"."WRITE"."WRITE_READ_COUNT" IS '조회수';
   COMMENT ON TABLE "ST"."WRITE"  IS '게시글테이블';
--------------------------------------------------------
--  DDL for Table WRITE_ATTACHED_FILES
--------------------------------------------------------

  CREATE TABLE "ST"."WRITE_ATTACHED_FILES" 
   (	"WRITE_SEQ" NUMBER, 
	"WRITE_ORI_NAME" VARCHAR2(100 BYTE), 
	"WRITE_SAVED_NAME" VARCHAR2(100 BYTE)
   ) SEGMENT CREATION DEFERRED 
  PCTFREE 10 PCTUSED 40 INITRANS 1 MAXTRANS 255 
 NOCOMPRESS LOGGING
  TABLESPACE "USERS" ;

   COMMENT ON COLUMN "ST"."WRITE_ATTACHED_FILES"."WRITE_SEQ" IS '글번호';
   COMMENT ON COLUMN "ST"."WRITE_ATTACHED_FILES"."WRITE_ORI_NAME" IS '원본파일명';
   COMMENT ON COLUMN "ST"."WRITE_ATTACHED_FILES"."WRITE_SAVED_NAME" IS '저장파일명';
   COMMENT ON TABLE "ST"."WRITE_ATTACHED_FILES"  IS '게시글첨부파일테이블';
--------------------------------------------------------
--  DDL for Table WRITE_CATEGORY
--------------------------------------------------------

  CREATE TABLE "ST"."WRITE_CATEGORY" 
   (	"WRITE_CATEGORY_CODE" NUMBER, 
	"WRITE_CATEGORY_NAME" VARCHAR2(100 BYTE)
   ) SEGMENT CREATION IMMEDIATE 
  PCTFREE 10 PCTUSED 40 INITRANS 1 MAXTRANS 255 
 NOCOMPRESS LOGGING
  STORAGE(INITIAL 65536 NEXT 1048576 MINEXTENTS 1 MAXEXTENTS 2147483645
  PCTINCREASE 0 FREELISTS 1 FREELIST GROUPS 1
  BUFFER_POOL DEFAULT FLASH_CACHE DEFAULT CELL_FLASH_CACHE DEFAULT)
  TABLESPACE "USERS" ;

   COMMENT ON COLUMN "ST"."WRITE_CATEGORY"."WRITE_CATEGORY_CODE" IS '글속성코드';
   COMMENT ON COLUMN "ST"."WRITE_CATEGORY"."WRITE_CATEGORY_NAME" IS '글속성이름';
   COMMENT ON TABLE "ST"."WRITE_CATEGORY"  IS '글속성코드테이블';
--------------------------------------------------------
--  DDL for Table WRITE_COMMENTS
--------------------------------------------------------

  CREATE TABLE "ST"."WRITE_COMMENTS" 
   (	"WRITE_CMT_SEQ" NUMBER, 
	"WRITE_SEQ" NUMBER, 
	"WRITE_CMT_ID" VARCHAR2(100 BYTE), 
	"WRITE_CMT_CONTENTS" VARCHAR2(4000 BYTE), 
	"WRITE_CMT_DATE" DATE, 
	"WRITE_CMT_DEL" DATE, 
	"WRITE_CMT_PARENT_SEQ" NUMBER
   ) SEGMENT CREATION IMMEDIATE 
  PCTFREE 10 PCTUSED 40 INITRANS 1 MAXTRANS 255 
 NOCOMPRESS LOGGING
  STORAGE(INITIAL 65536 NEXT 1048576 MINEXTENTS 1 MAXEXTENTS 2147483645
  PCTINCREASE 0 FREELISTS 1 FREELIST GROUPS 1
  BUFFER_POOL DEFAULT FLASH_CACHE DEFAULT CELL_FLASH_CACHE DEFAULT)
  TABLESPACE "USERS" ;

   COMMENT ON COLUMN "ST"."WRITE_COMMENTS"."WRITE_CMT_SEQ" IS '댓글번호(SEQ)';
   COMMENT ON COLUMN "ST"."WRITE_COMMENTS"."WRITE_SEQ" IS '부모게시글번호';
   COMMENT ON COLUMN "ST"."WRITE_COMMENTS"."WRITE_CMT_ID" IS '작성자아이디';
   COMMENT ON COLUMN "ST"."WRITE_COMMENTS"."WRITE_CMT_CONTENTS" IS '댓글내용';
   COMMENT ON COLUMN "ST"."WRITE_COMMENTS"."WRITE_CMT_DATE" IS '작성일';
   COMMENT ON COLUMN "ST"."WRITE_COMMENTS"."WRITE_CMT_DEL" IS '삭제일';
   COMMENT ON COLUMN "ST"."WRITE_COMMENTS"."WRITE_CMT_PARENT_SEQ" IS '부모댓글번호';
   COMMENT ON TABLE "ST"."WRITE_COMMENTS"  IS '댓글테이블';
--------------------------------------------------------
--  DDL for Sequence APP_CMT_SEQ
--------------------------------------------------------

   CREATE SEQUENCE  "ST"."APP_CMT_SEQ"  MINVALUE 1 MAXVALUE 9999999999999999999999999999 INCREMENT BY 1 START WITH 87 NOCACHE  NOORDER  NOCYCLE   ;
--------------------------------------------------------
--  DDL for Sequence APP_SEQ
--------------------------------------------------------

   CREATE SEQUENCE  "ST"."APP_SEQ"  MINVALUE 1 MAXVALUE 9999999999999999999999999999 INCREMENT BY 1 START WITH 293 NOCACHE  NOORDER  NOCYCLE   ;
--------------------------------------------------------
--  DDL for Sequence APP_TYPE_SEQ
--------------------------------------------------------

   CREATE SEQUENCE  "ST"."APP_TYPE_SEQ"  MINVALUE 1 MAXVALUE 9999999999999999999999999999 INCREMENT BY 1 START WITH 7 NOCACHE  NOORDER  NOCYCLE   ;
--------------------------------------------------------
--  DDL for Sequence BREAK_SEQ
--------------------------------------------------------

   CREATE SEQUENCE  "ST"."BREAK_SEQ"  MINVALUE 1 MAXVALUE 9999999999999999999999999999 INCREMENT BY 1 START WITH 48 NOCACHE  NOORDER  NOCYCLE   ;
--------------------------------------------------------
--  DDL for Sequence BREAK_TYPE_SEQ
--------------------------------------------------------

   CREATE SEQUENCE  "ST"."BREAK_TYPE_SEQ"  MINVALUE 1 MAXVALUE 9999999999999999999999999999 INCREMENT BY 1 START WITH 16 NOCACHE  NOORDER  NOCYCLE   ;
--------------------------------------------------------
--  DDL for Sequence COM_HD_SEQ
--------------------------------------------------------

   CREATE SEQUENCE  "ST"."COM_HD_SEQ"  MINVALUE 1 MAXVALUE 9999999999999999999999999999 INCREMENT BY 1 START WITH 20 NOCACHE  NOORDER  NOCYCLE   ;
--------------------------------------------------------
--  DDL for Sequence DEPT_SEQ
--------------------------------------------------------

   CREATE SEQUENCE  "ST"."DEPT_SEQ"  MINVALUE 1 MAXVALUE 9999999999999999999999999999 INCREMENT BY 1 START WITH 39 NOCACHE  NOORDER  NOCYCLE   ;
--------------------------------------------------------
--  DDL for Sequence MESSAGE_SEQ
--------------------------------------------------------

   CREATE SEQUENCE  "ST"."MESSAGE_SEQ"  MINVALUE 1 MAXVALUE 9999999999999999999999999999 INCREMENT BY 1 START WITH 381 NOCACHE  NOORDER  NOCYCLE   ;
--------------------------------------------------------
--  DDL for Sequence POSITION_SEQ
--------------------------------------------------------

   CREATE SEQUENCE  "ST"."POSITION_SEQ"  MINVALUE 1 MAXVALUE 9999999999999999999999999999 INCREMENT BY 1 START WITH 16 NOCACHE  NOORDER  NOCYCLE   ;
--------------------------------------------------------
--  DDL for Sequence PRO_KB_SEQ
--------------------------------------------------------

   CREATE SEQUENCE  "ST"."PRO_KB_SEQ"  MINVALUE 1 MAXVALUE 9999999999999999999999999999 INCREMENT BY 1 START WITH 363 NOCACHE  NOORDER  NOCYCLE   ;
--------------------------------------------------------
--  DDL for Sequence PRO_SEQ
--------------------------------------------------------

   CREATE SEQUENCE  "ST"."PRO_SEQ"  MINVALUE 1 MAXVALUE 9999999999999999999999999999 INCREMENT BY 1 START WITH 43 NOCACHE  NOORDER  NOCYCLE   ;
--------------------------------------------------------
--  DDL for Sequence SCH_SEQ
--------------------------------------------------------

   CREATE SEQUENCE  "ST"."SCH_SEQ"  MINVALUE 1 MAXVALUE 9999999999999999999999999999 INCREMENT BY 1 START WITH 151 NOCACHE  NOORDER  NOCYCLE   ;
--------------------------------------------------------
--  DDL for Sequence TNA_OBJ_SEQ
--------------------------------------------------------

   CREATE SEQUENCE  "ST"."TNA_OBJ_SEQ"  MINVALUE 1 MAXVALUE 9999999999999999999999999999 INCREMENT BY 1 START WITH 36 NOCACHE  NOORDER  NOCYCLE   ;
--------------------------------------------------------
--  DDL for Sequence TNA_SEQ
--------------------------------------------------------

   CREATE SEQUENCE  "ST"."TNA_SEQ"  MINVALUE 1 MAXVALUE 9999999999999999999999999999 INCREMENT BY 1 START WITH 167 NOCACHE  NOORDER  NOCYCLE   ;
--------------------------------------------------------
--  DDL for Sequence WH_DIR_SEQ
--------------------------------------------------------

   CREATE SEQUENCE  "ST"."WH_DIR_SEQ"  MINVALUE 1 MAXVALUE 9999999999999999999999999999 INCREMENT BY 1 START WITH 165 NOCACHE  NOORDER  NOCYCLE   ;
--------------------------------------------------------
--  DDL for Sequence WH_FILES_SEQ
--------------------------------------------------------

   CREATE SEQUENCE  "ST"."WH_FILES_SEQ"  MINVALUE 1 MAXVALUE 9999999999999999999999999999 INCREMENT BY 1 START WITH 297 NOCACHE  NOORDER  NOCYCLE   ;
--------------------------------------------------------
--  DDL for Sequence WRITE_CMT_SEQ
--------------------------------------------------------

   CREATE SEQUENCE  "ST"."WRITE_CMT_SEQ"  MINVALUE 1 MAXVALUE 9999999999999999999999999999 INCREMENT BY 1 START WITH 935 NOCACHE  NOORDER  NOCYCLE   ;
--------------------------------------------------------
--  DDL for Sequence WRITE_SEQ
--------------------------------------------------------

   CREATE SEQUENCE  "ST"."WRITE_SEQ"  MINVALUE 1 MAXVALUE 9999999999999999999999999999 INCREMENT BY 1 START WITH 73 NOCACHE  NOORDER  NOCYCLE   ;
REM INSERTING into ST.ACCESS_LEVEL
SET DEFINE OFF;
Insert into ST.ACCESS_LEVEL (ACCESS_LEVEL_CODE,ACCESS_LEVEL_NAME) values (0,'일반사원');
Insert into ST.ACCESS_LEVEL (ACCESS_LEVEL_CODE,ACCESS_LEVEL_NAME) values (1,'중간관리자');
Insert into ST.ACCESS_LEVEL (ACCESS_LEVEL_CODE,ACCESS_LEVEL_NAME) values (2,'최고관리자');
REM INSERTING into ST.APPROVAL
SET DEFINE OFF;
Insert into ST.APPROVAL (APP_SEQ,APP_TYPE_CODE,APP_ID,APP_ARCHIVE,APP_TITLE,APP_CONTENTS,APP_REG_DATE,APP_DOCS_NUM,APP_STATUS_CODE) values (49,0,'1111',10,'퇴사합니다~~~','<p>퇴사할게요~~~</p>',to_date('21/01/29','RR/MM/DD'),'210129-2',1);
Insert into ST.APPROVAL (APP_SEQ,APP_TYPE_CODE,APP_ID,APP_ARCHIVE,APP_TITLE,APP_CONTENTS,APP_REG_DATE,APP_DOCS_NUM,APP_STATUS_CODE) values (51,2,'1111',1,'퇴사한다고 두번말했다. ','<p>퇴사한다고 두번말했다.&nbsp;<br></p>',to_date('21/01/29','RR/MM/DD'),'210129-3',1);
Insert into ST.APPROVAL (APP_SEQ,APP_TYPE_CODE,APP_ID,APP_ARCHIVE,APP_TITLE,APP_CONTENTS,APP_REG_DATE,APP_DOCS_NUM,APP_STATUS_CODE) values (57,0,'test1',1,'test','0.html',to_date('21/02/02','RR/MM/DD'),'210202-1',1);
Insert into ST.APPROVAL (APP_SEQ,APP_TYPE_CODE,APP_ID,APP_ARCHIVE,APP_TITLE,APP_CONTENTS,APP_REG_DATE,APP_DOCS_NUM,APP_STATUS_CODE) values (62,0,'test1',1,'2222222222222','0.html',to_date('21/02/02','RR/MM/DD'),'210202-1',1);
Insert into ST.APPROVAL (APP_SEQ,APP_TYPE_CODE,APP_ID,APP_ARCHIVE,APP_TITLE,APP_CONTENTS,APP_REG_DATE,APP_DOCS_NUM,APP_STATUS_CODE) values (63,0,'test1',1,'234','0.html',to_date('21/02/02','RR/MM/DD'),'210202-1',1);
Insert into ST.APPROVAL (APP_SEQ,APP_TYPE_CODE,APP_ID,APP_ARCHIVE,APP_TITLE,APP_CONTENTS,APP_REG_DATE,APP_DOCS_NUM,APP_STATUS_CODE) values (64,0,'test1',1,'test','64.html',to_date('21/02/02','RR/MM/DD'),'210202-1',1);
Insert into ST.APPROVAL (APP_SEQ,APP_TYPE_CODE,APP_ID,APP_ARCHIVE,APP_TITLE,APP_CONTENTS,APP_REG_DATE,APP_DOCS_NUM,APP_STATUS_CODE) values (20,3,'1111',1,'ㅅㄷㄴㅅ','<p>ㅅㄷㄴㅅ</p>',to_date('21/01/26','RR/MM/DD'),'210126-1',0);
Insert into ST.APPROVAL (APP_SEQ,APP_TYPE_CODE,APP_ID,APP_ARCHIVE,APP_TITLE,APP_CONTENTS,APP_REG_DATE,APP_DOCS_NUM,APP_STATUS_CODE) values (21,3,'1111',1,'test','상기와 같은 내용으로 휴가를 신청합ㄴ디ㅏ.',to_date('21/01/26','RR/MM/DD'),'210126-1',0);
Insert into ST.APPROVAL (APP_SEQ,APP_TYPE_CODE,APP_ID,APP_ARCHIVE,APP_TITLE,APP_CONTENTS,APP_REG_DATE,APP_DOCS_NUM,APP_STATUS_CODE) values (112,8,'test1',0,'test','112.html',to_date('21/02/19','RR/MM/DD'),'210219-1',1);
Insert into ST.APPROVAL (APP_SEQ,APP_TYPE_CODE,APP_ID,APP_ARCHIVE,APP_TITLE,APP_CONTENTS,APP_REG_DATE,APP_DOCS_NUM,APP_STATUS_CODE) values (146,3,'test1',1,'휴가테스트','146.html',to_date('21/02/23','RR/MM/DD'),'210223-1',0);
Insert into ST.APPROVAL (APP_SEQ,APP_TYPE_CODE,APP_ID,APP_ARCHIVE,APP_TITLE,APP_CONTENTS,APP_REG_DATE,APP_DOCS_NUM,APP_STATUS_CODE) values (111,2,'test1',1,'test','111.html',to_date('21/02/19','RR/MM/DD'),'210219-1',1);
Insert into ST.APPROVAL (APP_SEQ,APP_TYPE_CODE,APP_ID,APP_ARCHIVE,APP_TITLE,APP_CONTENTS,APP_REG_DATE,APP_DOCS_NUM,APP_STATUS_CODE) values (179,7,'1111',0,'3월 3일 업무일지','179.html',to_date('21/03/04','RR/MM/DD'),'210304-2',0);
Insert into ST.APPROVAL (APP_SEQ,APP_TYPE_CODE,APP_ID,APP_ARCHIVE,APP_TITLE,APP_CONTENTS,APP_REG_DATE,APP_DOCS_NUM,APP_STATUS_CODE) values (180,7,'1111',0,'3월 2일 업무일지','180.html',to_date('21/03/04','RR/MM/DD'),'210304-3',2);
Insert into ST.APPROVAL (APP_SEQ,APP_TYPE_CODE,APP_ID,APP_ARCHIVE,APP_TITLE,APP_CONTENTS,APP_REG_DATE,APP_DOCS_NUM,APP_STATUS_CODE) values (181,7,'test1',0,'3월 2일 업무일지','181.html',to_date('21/03/04','RR/MM/DD'),'210304-4',1);
Insert into ST.APPROVAL (APP_SEQ,APP_TYPE_CODE,APP_ID,APP_ARCHIVE,APP_TITLE,APP_CONTENTS,APP_REG_DATE,APP_DOCS_NUM,APP_STATUS_CODE) values (182,7,'test1',0,'3월 3일 업무일지','182.html',to_date('21/03/05','RR/MM/DD'),'210305-1',1);
Insert into ST.APPROVAL (APP_SEQ,APP_TYPE_CODE,APP_ID,APP_ARCHIVE,APP_TITLE,APP_CONTENTS,APP_REG_DATE,APP_DOCS_NUM,APP_STATUS_CODE) values (185,5,'kh2002',1,'발주서 210308','185.html',to_date('21/03/05','RR/MM/DD'),'210305-4',0);
Insert into ST.APPROVAL (APP_SEQ,APP_TYPE_CODE,APP_ID,APP_ARCHIVE,APP_TITLE,APP_CONTENTS,APP_REG_DATE,APP_DOCS_NUM,APP_STATUS_CODE) values (186,3,'kh2002',1,'조모 환갑잔치','186.html',to_date('21/03/05','RR/MM/DD'),'210305-5',1);
Insert into ST.APPROVAL (APP_SEQ,APP_TYPE_CODE,APP_ID,APP_ARCHIVE,APP_TITLE,APP_CONTENTS,APP_REG_DATE,APP_DOCS_NUM,APP_STATUS_CODE) values (187,3,'kh2002',1,'환갑잔치(조모)','187.html',to_date('21/03/05','RR/MM/DD'),'210305-6',1);
Insert into ST.APPROVAL (APP_SEQ,APP_TYPE_CODE,APP_ID,APP_ARCHIVE,APP_TITLE,APP_CONTENTS,APP_REG_DATE,APP_DOCS_NUM,APP_STATUS_CODE) values (203,3,'kh2010',1,'일이 너무 힘들어 몇 일 도망갑니당','203.html',to_date('21/03/07','RR/MM/DD'),'210307-7',1);
Insert into ST.APPROVAL (APP_SEQ,APP_TYPE_CODE,APP_ID,APP_ARCHIVE,APP_TITLE,APP_CONTENTS,APP_REG_DATE,APP_DOCS_NUM,APP_STATUS_CODE) values (204,3,'kh2010',1,'일이 너무 힘들어 몇 일 도망갑니당','204.html',to_date('21/03/07','RR/MM/DD'),'210307-8',1);
Insert into ST.APPROVAL (APP_SEQ,APP_TYPE_CODE,APP_ID,APP_ARCHIVE,APP_TITLE,APP_CONTENTS,APP_REG_DATE,APP_DOCS_NUM,APP_STATUS_CODE) values (206,3,'kh2010',1,'일이 너무 힘들어 몇 일 도망갑니당','206.html',to_date('21/03/07','RR/MM/DD'),'210307-10',1);
Insert into ST.APPROVAL (APP_SEQ,APP_TYPE_CODE,APP_ID,APP_ARCHIVE,APP_TITLE,APP_CONTENTS,APP_REG_DATE,APP_DOCS_NUM,APP_STATUS_CODE) values (212,3,'1111',1,'휴가테스트','212.html',to_date('21/03/07','RR/MM/DD'),'210307-16',1);
Insert into ST.APPROVAL (APP_SEQ,APP_TYPE_CODE,APP_ID,APP_ARCHIVE,APP_TITLE,APP_CONTENTS,APP_REG_DATE,APP_DOCS_NUM,APP_STATUS_CODE) values (213,3,'1111',1,'휴가테스트','213.html',to_date('21/03/07','RR/MM/DD'),'210307-17',1);
Insert into ST.APPROVAL (APP_SEQ,APP_TYPE_CODE,APP_ID,APP_ARCHIVE,APP_TITLE,APP_CONTENTS,APP_REG_DATE,APP_DOCS_NUM,APP_STATUS_CODE) values (215,1,'test1',1,'첨부파일 테스트','215.html',to_date('21/03/07','RR/MM/DD'),'210307-19',1);
Insert into ST.APPROVAL (APP_SEQ,APP_TYPE_CODE,APP_ID,APP_ARCHIVE,APP_TITLE,APP_CONTENTS,APP_REG_DATE,APP_DOCS_NUM,APP_STATUS_CODE) values (216,0,'test1',1,'test','216.html',to_date('21/03/07','RR/MM/DD'),'210307-20',0);
Insert into ST.APPROVAL (APP_SEQ,APP_TYPE_CODE,APP_ID,APP_ARCHIVE,APP_TITLE,APP_CONTENTS,APP_REG_DATE,APP_DOCS_NUM,APP_STATUS_CODE) values (267,0,'kh2016',1,'기안서요','267.html',to_date('21/03/08','RR/MM/DD'),'210308-23',0);
Insert into ST.APPROVAL (APP_SEQ,APP_TYPE_CODE,APP_ID,APP_ARCHIVE,APP_TITLE,APP_CONTENTS,APP_REG_DATE,APP_DOCS_NUM,APP_STATUS_CODE) values (268,6,'kh2011',1,'출장을 ㄹ보내달라`','268.html',to_date('21/03/08','RR/MM/DD'),'210308-24',1);
Insert into ST.APPROVAL (APP_SEQ,APP_TYPE_CODE,APP_ID,APP_ARCHIVE,APP_TITLE,APP_CONTENTS,APP_REG_DATE,APP_DOCS_NUM,APP_STATUS_CODE) values (269,0,'kh2005',1,'월급의인상','269.html',to_date('21/03/08','RR/MM/DD'),'210308-25',0);
Insert into ST.APPROVAL (APP_SEQ,APP_TYPE_CODE,APP_ID,APP_ARCHIVE,APP_TITLE,APP_CONTENTS,APP_REG_DATE,APP_DOCS_NUM,APP_STATUS_CODE) values (270,7,'kh2006',0,'210308 업무일지','270.html',to_date('21/03/08','RR/MM/DD'),'210308-26',1);
Insert into ST.APPROVAL (APP_SEQ,APP_TYPE_CODE,APP_ID,APP_ARCHIVE,APP_TITLE,APP_CONTENTS,APP_REG_DATE,APP_DOCS_NUM,APP_STATUS_CODE) values (271,0,'kh2012',2,'210308_정의진_기안서','271.html',to_date('21/03/08','RR/MM/DD'),'210308-27',2);
Insert into ST.APPROVAL (APP_SEQ,APP_TYPE_CODE,APP_ID,APP_ARCHIVE,APP_TITLE,APP_CONTENTS,APP_REG_DATE,APP_DOCS_NUM,APP_STATUS_CODE) values (272,2,'test1',1,'지출결의서','272.html',to_date('21/03/08','RR/MM/DD'),'210308-28',2);
Insert into ST.APPROVAL (APP_SEQ,APP_TYPE_CODE,APP_ID,APP_ARCHIVE,APP_TITLE,APP_CONTENTS,APP_REG_DATE,APP_DOCS_NUM,APP_STATUS_CODE) values (273,7,'kh2011',0,'오늘의 디버깅','273.html',to_date('21/03/08','RR/MM/DD'),'210308-29',0);
Insert into ST.APPROVAL (APP_SEQ,APP_TYPE_CODE,APP_ID,APP_ARCHIVE,APP_TITLE,APP_CONTENTS,APP_REG_DATE,APP_DOCS_NUM,APP_STATUS_CODE) values (274,0,'kh2001',1,'ㅎㅇ','274.html',to_date('21/03/08','RR/MM/DD'),'210308-30',1);
Insert into ST.APPROVAL (APP_SEQ,APP_TYPE_CODE,APP_ID,APP_ARCHIVE,APP_TITLE,APP_CONTENTS,APP_REG_DATE,APP_DOCS_NUM,APP_STATUS_CODE) values (275,2,'kh2016',1,'지출할게요','275.html',to_date('21/03/08','RR/MM/DD'),'210308-31',0);
Insert into ST.APPROVAL (APP_SEQ,APP_TYPE_CODE,APP_ID,APP_ARCHIVE,APP_TITLE,APP_CONTENTS,APP_REG_DATE,APP_DOCS_NUM,APP_STATUS_CODE) values (280,0,'kh2012',1,'temp','280.html',to_date('21/03/08','RR/MM/DD'),'210308-35',2);
Insert into ST.APPROVAL (APP_SEQ,APP_TYPE_CODE,APP_ID,APP_ARCHIVE,APP_TITLE,APP_CONTENTS,APP_REG_DATE,APP_DOCS_NUM,APP_STATUS_CODE) values (282,7,'kh2022',0,'아 제목','282.html',to_date('21/03/08','RR/MM/DD'),'210308-37',1);
Insert into ST.APPROVAL (APP_SEQ,APP_TYPE_CODE,APP_ID,APP_ARCHIVE,APP_TITLE,APP_CONTENTS,APP_REG_DATE,APP_DOCS_NUM,APP_STATUS_CODE) values (283,3,'kh2012',1,'결재해주세요~','283.html',to_date('21/03/08','RR/MM/DD'),'210308-38',1);
Insert into ST.APPROVAL (APP_SEQ,APP_TYPE_CODE,APP_ID,APP_ARCHIVE,APP_TITLE,APP_CONTENTS,APP_REG_DATE,APP_DOCS_NUM,APP_STATUS_CODE) values (285,7,'kh2013',0,'오늘 일정','285.html',to_date('21/03/08','RR/MM/DD'),'210308-40',0);
Insert into ST.APPROVAL (APP_SEQ,APP_TYPE_CODE,APP_ID,APP_ARCHIVE,APP_TITLE,APP_CONTENTS,APP_REG_DATE,APP_DOCS_NUM,APP_STATUS_CODE) values (286,8,'kh2018',0,'업무일지~!','286.html',to_date('21/03/08','RR/MM/DD'),'210308-41',0);
Insert into ST.APPROVAL (APP_SEQ,APP_TYPE_CODE,APP_ID,APP_ARCHIVE,APP_TITLE,APP_CONTENTS,APP_REG_DATE,APP_DOCS_NUM,APP_STATUS_CODE) values (287,0,'kh2020',1,'기안합니다.','287.html',to_date('21/03/08','RR/MM/DD'),'210308-42',1);
Insert into ST.APPROVAL (APP_SEQ,APP_TYPE_CODE,APP_ID,APP_ARCHIVE,APP_TITLE,APP_CONTENTS,APP_REG_DATE,APP_DOCS_NUM,APP_STATUS_CODE) values (292,8,'kh2015',0,'ppt작성','292.html',to_date('21/03/08','RR/MM/DD'),'210308-47',2);
Insert into ST.APPROVAL (APP_SEQ,APP_TYPE_CODE,APP_ID,APP_ARCHIVE,APP_TITLE,APP_CONTENTS,APP_REG_DATE,APP_DOCS_NUM,APP_STATUS_CODE) values (46,0,'test2',1,'결재라인 테스트','<p>결재라인 테스트<br></p>',to_date('21/01/29','RR/MM/DD'),'null-1',1);
Insert into ST.APPROVAL (APP_SEQ,APP_TYPE_CODE,APP_ID,APP_ARCHIVE,APP_TITLE,APP_CONTENTS,APP_REG_DATE,APP_DOCS_NUM,APP_STATUS_CODE) values (14,0,'1111',10,'test','<p>test</p>',to_date('21/01/26','RR/MM/DD'),'null-1',0);
Insert into ST.APPROVAL (APP_SEQ,APP_TYPE_CODE,APP_ID,APP_ARCHIVE,APP_TITLE,APP_CONTENTS,APP_REG_DATE,APP_DOCS_NUM,APP_STATUS_CODE) values (47,0,'test2',1,'테스트ㅡ으으ㅡㅡ','<p>테스트ㅡ으으ㅡㅡ<br></p>',to_date('21/01/29','RR/MM/DD'),'null-1',1);
Insert into ST.APPROVAL (APP_SEQ,APP_TYPE_CODE,APP_ID,APP_ARCHIVE,APP_TITLE,APP_CONTENTS,APP_REG_DATE,APP_DOCS_NUM,APP_STATUS_CODE) values (52,3,'test1',1,'restr','<p>tests</p>',to_date('21/01/29','RR/MM/DD'),'210129-1',0);
Insert into ST.APPROVAL (APP_SEQ,APP_TYPE_CODE,APP_ID,APP_ARCHIVE,APP_TITLE,APP_CONTENTS,APP_REG_DATE,APP_DOCS_NUM,APP_STATUS_CODE) values (54,0,'test1',10,'test','<p>test</p>',to_date('21/02/01','RR/MM/DD'),'210201-1',1);
Insert into ST.APPROVAL (APP_SEQ,APP_TYPE_CODE,APP_ID,APP_ARCHIVE,APP_TITLE,APP_CONTENTS,APP_REG_DATE,APP_DOCS_NUM,APP_STATUS_CODE) values (55,0,'test1',1,'test222','<p>test2222</p>',to_date('21/02/01','RR/MM/DD'),'210201-2',1);
Insert into ST.APPROVAL (APP_SEQ,APP_TYPE_CODE,APP_ID,APP_ARCHIVE,APP_TITLE,APP_CONTENTS,APP_REG_DATE,APP_DOCS_NUM,APP_STATUS_CODE) values (56,0,'test1',1,'test','<p><br></p><table class="table table-bordered"><tbody><tr><td>e</td><td>d</td></tr><tr><td>d</td><td>d</td></tr></tbody></table><p><br></p>',to_date('21/02/02','RR/MM/DD'),'210202-1',1);
Insert into ST.APPROVAL (APP_SEQ,APP_TYPE_CODE,APP_ID,APP_ARCHIVE,APP_TITLE,APP_CONTENTS,APP_REG_DATE,APP_DOCS_NUM,APP_STATUS_CODE) values (58,0,'test1',1,'test','0.html',to_date('21/02/02','RR/MM/DD'),'210202-1',1);
Insert into ST.APPROVAL (APP_SEQ,APP_TYPE_CODE,APP_ID,APP_ARCHIVE,APP_TITLE,APP_CONTENTS,APP_REG_DATE,APP_DOCS_NUM,APP_STATUS_CODE) values (59,0,'test1',1,'test','0.html',to_date('21/02/02','RR/MM/DD'),'210202-1',1);
Insert into ST.APPROVAL (APP_SEQ,APP_TYPE_CODE,APP_ID,APP_ARCHIVE,APP_TITLE,APP_CONTENTS,APP_REG_DATE,APP_DOCS_NUM,APP_STATUS_CODE) values (60,0,'test1',1,'test','0.html',to_date('21/02/02','RR/MM/DD'),'210202-2',1);
Insert into ST.APPROVAL (APP_SEQ,APP_TYPE_CODE,APP_ID,APP_ARCHIVE,APP_TITLE,APP_CONTENTS,APP_REG_DATE,APP_DOCS_NUM,APP_STATUS_CODE) values (61,0,'test1',1,'2222222222222','0.html',to_date('21/02/02','RR/MM/DD'),'210202-3',1);
Insert into ST.APPROVAL (APP_SEQ,APP_TYPE_CODE,APP_ID,APP_ARCHIVE,APP_TITLE,APP_CONTENTS,APP_REG_DATE,APP_DOCS_NUM,APP_STATUS_CODE) values (66,0,'test1',1,'ㅅㄷㄴㅅ','66.html',to_date('21/02/02','RR/MM/DD'),'210202-1',1);
Insert into ST.APPROVAL (APP_SEQ,APP_TYPE_CODE,APP_ID,APP_ARCHIVE,APP_TITLE,APP_CONTENTS,APP_REG_DATE,APP_DOCS_NUM,APP_STATUS_CODE) values (67,0,'test1',1,'결재라인 테스트','67.html',to_date('21/02/03','RR/MM/DD'),'210203-1',1);
Insert into ST.APPROVAL (APP_SEQ,APP_TYPE_CODE,APP_ID,APP_ARCHIVE,APP_TITLE,APP_CONTENTS,APP_REG_DATE,APP_DOCS_NUM,APP_STATUS_CODE) values (68,1,'test1',1,'test','68.html',to_date('21/02/05','RR/MM/DD'),'210205-1',2);
Insert into ST.APPROVAL (APP_SEQ,APP_TYPE_CODE,APP_ID,APP_ARCHIVE,APP_TITLE,APP_CONTENTS,APP_REG_DATE,APP_DOCS_NUM,APP_STATUS_CODE) values (69,0,'test1',1,'test','69.html',to_date('21/02/05','RR/MM/DD'),'210205-1',1);
Insert into ST.APPROVAL (APP_SEQ,APP_TYPE_CODE,APP_ID,APP_ARCHIVE,APP_TITLE,APP_CONTENTS,APP_REG_DATE,APP_DOCS_NUM,APP_STATUS_CODE) values (74,0,'1111',1,'결재 테스트','74.html',to_date('21/02/07','RR/MM/DD'),'210207-1',0);
Insert into ST.APPROVAL (APP_SEQ,APP_TYPE_CODE,APP_ID,APP_ARCHIVE,APP_TITLE,APP_CONTENTS,APP_REG_DATE,APP_DOCS_NUM,APP_STATUS_CODE) values (92,0,'1111',1,'test','92.html',to_date('21/02/11','RR/MM/DD'),'210211-1',0);
Insert into ST.APPROVAL (APP_SEQ,APP_TYPE_CODE,APP_ID,APP_ARCHIVE,APP_TITLE,APP_CONTENTS,APP_REG_DATE,APP_DOCS_NUM,APP_STATUS_CODE) values (93,0,'1111',1,'test2222','93.html',to_date('21/02/11','RR/MM/DD'),'210211-2',2);
Insert into ST.APPROVAL (APP_SEQ,APP_TYPE_CODE,APP_ID,APP_ARCHIVE,APP_TITLE,APP_CONTENTS,APP_REG_DATE,APP_DOCS_NUM,APP_STATUS_CODE) values (107,9,'test1',0,'월간 업무일지 테스트','107.html',to_date('21/02/15','RR/MM/DD'),'210215-1',0);
Insert into ST.APPROVAL (APP_SEQ,APP_TYPE_CODE,APP_ID,APP_ARCHIVE,APP_TITLE,APP_CONTENTS,APP_REG_DATE,APP_DOCS_NUM,APP_STATUS_CODE) values (109,0,'test1',1,'21/02/18 기안서 제출의 건','109.html',to_date('21/02/18','RR/MM/DD'),'210218-1',1);
Insert into ST.APPROVAL (APP_SEQ,APP_TYPE_CODE,APP_ID,APP_ARCHIVE,APP_TITLE,APP_CONTENTS,APP_REG_DATE,APP_DOCS_NUM,APP_STATUS_CODE) values (110,8,'test1',0,'주간 업무일지 테스트','110.html',to_date('21/02/18','RR/MM/DD'),'210218-1',0);
Insert into ST.APPROVAL (APP_SEQ,APP_TYPE_CODE,APP_ID,APP_ARCHIVE,APP_TITLE,APP_CONTENTS,APP_REG_DATE,APP_DOCS_NUM,APP_STATUS_CODE) values (113,1,'test1',1,'첨부파일 테스트','113.html',to_date('21/02/19','RR/MM/DD'),'210219-1',1);
Insert into ST.APPROVAL (APP_SEQ,APP_TYPE_CODE,APP_ID,APP_ARCHIVE,APP_TITLE,APP_CONTENTS,APP_REG_DATE,APP_DOCS_NUM,APP_STATUS_CODE) values (121,0,'test2',1,'ㄹㅇㄴㅁ','121.html',to_date('21/02/19','RR/MM/DD'),'210219-1',2);
Insert into ST.APPROVAL (APP_SEQ,APP_TYPE_CODE,APP_ID,APP_ARCHIVE,APP_TITLE,APP_CONTENTS,APP_REG_DATE,APP_DOCS_NUM,APP_STATUS_CODE) values (122,0,'test2',1,'ㄹㅇㄴㅁ','122.html',to_date('21/02/19','RR/MM/DD'),'210219-1',0);
Insert into ST.APPROVAL (APP_SEQ,APP_TYPE_CODE,APP_ID,APP_ARCHIVE,APP_TITLE,APP_CONTENTS,APP_REG_DATE,APP_DOCS_NUM,APP_STATUS_CODE) values (123,0,'1111',1,'ㅁㅇㄹ','123.html',to_date('21/02/19','RR/MM/DD'),'210219-1',2);
Insert into ST.APPROVAL (APP_SEQ,APP_TYPE_CODE,APP_ID,APP_ARCHIVE,APP_TITLE,APP_CONTENTS,APP_REG_DATE,APP_DOCS_NUM,APP_STATUS_CODE) values (124,5,'1111',3,'내가 나에게','124.html',to_date('21/02/19','RR/MM/DD'),'210219-1',0);
Insert into ST.APPROVAL (APP_SEQ,APP_TYPE_CODE,APP_ID,APP_ARCHIVE,APP_TITLE,APP_CONTENTS,APP_REG_DATE,APP_DOCS_NUM,APP_STATUS_CODE) values (125,5,'1111',3,'내가 나에게','125.html',to_date('21/02/19','RR/MM/DD'),'210219-1',0);
Insert into ST.APPROVAL (APP_SEQ,APP_TYPE_CODE,APP_ID,APP_ARCHIVE,APP_TITLE,APP_CONTENTS,APP_REG_DATE,APP_DOCS_NUM,APP_STATUS_CODE) values (126,5,'1111',3,'내가 나에게','126.html',to_date('21/02/19','RR/MM/DD'),'210219-1',0);
Insert into ST.APPROVAL (APP_SEQ,APP_TYPE_CODE,APP_ID,APP_ARCHIVE,APP_TITLE,APP_CONTENTS,APP_REG_DATE,APP_DOCS_NUM,APP_STATUS_CODE) values (127,0,'test2',1,'ㄹㅇㄴㅁ','127.html',to_date('21/02/19','RR/MM/DD'),'210219-1',1);
Insert into ST.APPROVAL (APP_SEQ,APP_TYPE_CODE,APP_ID,APP_ARCHIVE,APP_TITLE,APP_CONTENTS,APP_REG_DATE,APP_DOCS_NUM,APP_STATUS_CODE) values (128,5,'1111',3,'내가 나에게','128.html',to_date('21/02/19','RR/MM/DD'),'210219-1',0);
Insert into ST.APPROVAL (APP_SEQ,APP_TYPE_CODE,APP_ID,APP_ARCHIVE,APP_TITLE,APP_CONTENTS,APP_REG_DATE,APP_DOCS_NUM,APP_STATUS_CODE) values (129,5,'1111',3,'내가 나에게','129.html',to_date('21/02/19','RR/MM/DD'),'210219-1',0);
Insert into ST.APPROVAL (APP_SEQ,APP_TYPE_CODE,APP_ID,APP_ARCHIVE,APP_TITLE,APP_CONTENTS,APP_REG_DATE,APP_DOCS_NUM,APP_STATUS_CODE) values (130,5,'1111',3,'내가 나에게','130.html',to_date('21/02/19','RR/MM/DD'),'210219-1',0);
Insert into ST.APPROVAL (APP_SEQ,APP_TYPE_CODE,APP_ID,APP_ARCHIVE,APP_TITLE,APP_CONTENTS,APP_REG_DATE,APP_DOCS_NUM,APP_STATUS_CODE) values (131,0,'test2',1,'ㄹㅇㄴㅁㄹㅇㅁㄴ','131.html',to_date('21/02/19','RR/MM/DD'),'210219-1',1);
Insert into ST.APPROVAL (APP_SEQ,APP_TYPE_CODE,APP_ID,APP_ARCHIVE,APP_TITLE,APP_CONTENTS,APP_REG_DATE,APP_DOCS_NUM,APP_STATUS_CODE) values (153,6,'test1',2,'댓글 테스트 ','153.html',to_date('21/02/24','RR/MM/DD'),'210224-1',1);
Insert into ST.APPROVAL (APP_SEQ,APP_TYPE_CODE,APP_ID,APP_ARCHIVE,APP_TITLE,APP_CONTENTS,APP_REG_DATE,APP_DOCS_NUM,APP_STATUS_CODE) values (154,6,'test1',2,'댓글 테스트 ','154.html',to_date('21/02/24','RR/MM/DD'),'210224-2',1);
Insert into ST.APPROVAL (APP_SEQ,APP_TYPE_CODE,APP_ID,APP_ARCHIVE,APP_TITLE,APP_CONTENTS,APP_REG_DATE,APP_DOCS_NUM,APP_STATUS_CODE) values (155,6,'test1',2,'댓글 테스트 ','155.html',to_date('21/02/24','RR/MM/DD'),'210224-3',1);
Insert into ST.APPROVAL (APP_SEQ,APP_TYPE_CODE,APP_ID,APP_ARCHIVE,APP_TITLE,APP_CONTENTS,APP_REG_DATE,APP_DOCS_NUM,APP_STATUS_CODE) values (156,6,'test1',2,'댓글 테스트 ','156.html',to_date('21/02/24','RR/MM/DD'),'210224-4',1);
Insert into ST.APPROVAL (APP_SEQ,APP_TYPE_CODE,APP_ID,APP_ARCHIVE,APP_TITLE,APP_CONTENTS,APP_REG_DATE,APP_DOCS_NUM,APP_STATUS_CODE) values (166,2,'test4',1,'21/02/18 지출결의서 제출의 건','166.html',to_date('21/02/26','RR/MM/DD'),'210226-2',0);
Insert into ST.APPROVAL (APP_SEQ,APP_TYPE_CODE,APP_ID,APP_ARCHIVE,APP_TITLE,APP_CONTENTS,APP_REG_DATE,APP_DOCS_NUM,APP_STATUS_CODE) values (171,0,'test7',1,'배고ㅠ파','171.html',to_date('21/02/27','RR/MM/DD'),'210227-1',1);
Insert into ST.APPROVAL (APP_SEQ,APP_TYPE_CODE,APP_ID,APP_ARCHIVE,APP_TITLE,APP_CONTENTS,APP_REG_DATE,APP_DOCS_NUM,APP_STATUS_CODE) values (178,0,'test1',1,'그룹웨어 제작 기안서 제출의 건','178.html',to_date('21/03/04','RR/MM/DD'),'210304-1',1);
Insert into ST.APPROVAL (APP_SEQ,APP_TYPE_CODE,APP_ID,APP_ARCHIVE,APP_TITLE,APP_CONTENTS,APP_REG_DATE,APP_DOCS_NUM,APP_STATUS_CODE) values (276,7,'kh2001',0,'ㅎㅇ','276.html',to_date('21/03/08','RR/MM/DD'),'210308-32',2);
Insert into ST.APPROVAL (APP_SEQ,APP_TYPE_CODE,APP_ID,APP_ARCHIVE,APP_TITLE,APP_CONTENTS,APP_REG_DATE,APP_DOCS_NUM,APP_STATUS_CODE) values (277,0,'kh2011',1,'temp','277.html',to_date('21/03/08','RR/MM/DD'),'210308-33',2);
Insert into ST.APPROVAL (APP_SEQ,APP_TYPE_CODE,APP_ID,APP_ARCHIVE,APP_TITLE,APP_CONTENTS,APP_REG_DATE,APP_DOCS_NUM,APP_STATUS_CODE) values (278,0,'kh2011',1,'temp','278.html',to_date('21/03/08','RR/MM/DD'),'210308-34',2);
Insert into ST.APPROVAL (APP_SEQ,APP_TYPE_CODE,APP_ID,APP_ARCHIVE,APP_TITLE,APP_CONTENTS,APP_REG_DATE,APP_DOCS_NUM,APP_STATUS_CODE) values (281,0,'kh2010',1,'결제 해주세여','281.html',to_date('21/03/08','RR/MM/DD'),'210308-36',1);
Insert into ST.APPROVAL (APP_SEQ,APP_TYPE_CODE,APP_ID,APP_ARCHIVE,APP_TITLE,APP_CONTENTS,APP_REG_DATE,APP_DOCS_NUM,APP_STATUS_CODE) values (284,3,'kh2006',1,'휴가신청서','284.html',to_date('21/03/08','RR/MM/DD'),'210308-39',0);
Insert into ST.APPROVAL (APP_SEQ,APP_TYPE_CODE,APP_ID,APP_ARCHIVE,APP_TITLE,APP_CONTENTS,APP_REG_DATE,APP_DOCS_NUM,APP_STATUS_CODE) values (45,0,'test2',1,'참조자 테스트','<p>참조자 테스트<br></p>',to_date('21/01/29','RR/MM/DD'),'210129-1',1);
Insert into ST.APPROVAL (APP_SEQ,APP_TYPE_CODE,APP_ID,APP_ARCHIVE,APP_TITLE,APP_CONTENTS,APP_REG_DATE,APP_DOCS_NUM,APP_STATUS_CODE) values (48,0,'test1',1,'dsafadsfa','<p>afdasfafda</p>',to_date('21/01/29','RR/MM/DD'),'210129-1',0);
Insert into ST.APPROVAL (APP_SEQ,APP_TYPE_CODE,APP_ID,APP_ARCHIVE,APP_TITLE,APP_CONTENTS,APP_REG_DATE,APP_DOCS_NUM,APP_STATUS_CODE) values (94,0,'test1',0,'주간 업무일지 테스트','94.html',to_date('21/02/14','RR/MM/DD'),'210214-1',2);
Insert into ST.APPROVAL (APP_SEQ,APP_TYPE_CODE,APP_ID,APP_ARCHIVE,APP_TITLE,APP_CONTENTS,APP_REG_DATE,APP_DOCS_NUM,APP_STATUS_CODE) values (96,8,'test1',0,'주간 업무일지 테스트','96.html',to_date('21/02/14','RR/MM/DD'),'210214-1',0);
Insert into ST.APPROVAL (APP_SEQ,APP_TYPE_CODE,APP_ID,APP_ARCHIVE,APP_TITLE,APP_CONTENTS,APP_REG_DATE,APP_DOCS_NUM,APP_STATUS_CODE) values (105,9,'test1',0,'월간 업무일지 테스트','105.html',to_date('21/02/15','RR/MM/DD'),'210215-1',2);
Insert into ST.APPROVAL (APP_SEQ,APP_TYPE_CODE,APP_ID,APP_ARCHIVE,APP_TITLE,APP_CONTENTS,APP_REG_DATE,APP_DOCS_NUM,APP_STATUS_CODE) values (106,9,'test1',0,'월간 업무일지 테스트','106.html',to_date('21/02/15','RR/MM/DD'),'210215-2',0);
Insert into ST.APPROVAL (APP_SEQ,APP_TYPE_CODE,APP_ID,APP_ARCHIVE,APP_TITLE,APP_CONTENTS,APP_REG_DATE,APP_DOCS_NUM,APP_STATUS_CODE) values (114,0,'test2',2,'출장 신청','114.html',to_date('21/02/19','RR/MM/DD'),'210219-1',2);
Insert into ST.APPROVAL (APP_SEQ,APP_TYPE_CODE,APP_ID,APP_ARCHIVE,APP_TITLE,APP_CONTENTS,APP_REG_DATE,APP_DOCS_NUM,APP_STATUS_CODE) values (115,3,'test2',1,'휴가 신청합니다.','115.html',to_date('21/02/19','RR/MM/DD'),'210219-1',2);
Insert into ST.APPROVAL (APP_SEQ,APP_TYPE_CODE,APP_ID,APP_ARCHIVE,APP_TITLE,APP_CONTENTS,APP_REG_DATE,APP_DOCS_NUM,APP_STATUS_CODE) values (116,4,'1111',3,'결재해주세요','116.html',to_date('21/02/19','RR/MM/DD'),'210219-1',1);
Insert into ST.APPROVAL (APP_SEQ,APP_TYPE_CODE,APP_ID,APP_ARCHIVE,APP_TITLE,APP_CONTENTS,APP_REG_DATE,APP_DOCS_NUM,APP_STATUS_CODE) values (117,3,'test2',1,'휴가 신청합니다.','117.html',to_date('21/02/19','RR/MM/DD'),'210219-1',2);
Insert into ST.APPROVAL (APP_SEQ,APP_TYPE_CODE,APP_ID,APP_ARCHIVE,APP_TITLE,APP_CONTENTS,APP_REG_DATE,APP_DOCS_NUM,APP_STATUS_CODE) values (118,3,'test2',1,'휴가 신청합니다.','118.html',to_date('21/02/19','RR/MM/DD'),'210219-1',2);
Insert into ST.APPROVAL (APP_SEQ,APP_TYPE_CODE,APP_ID,APP_ARCHIVE,APP_TITLE,APP_CONTENTS,APP_REG_DATE,APP_DOCS_NUM,APP_STATUS_CODE) values (119,3,'test2',1,'휴가 신청합니다.','119.html',to_date('21/02/19','RR/MM/DD'),'210219-1',2);
Insert into ST.APPROVAL (APP_SEQ,APP_TYPE_CODE,APP_ID,APP_ARCHIVE,APP_TITLE,APP_CONTENTS,APP_REG_DATE,APP_DOCS_NUM,APP_STATUS_CODE) values (120,0,'1111',1,'결재해주세요오오오','120.html',to_date('21/02/19','RR/MM/DD'),'210219-1',0);
Insert into ST.APPROVAL (APP_SEQ,APP_TYPE_CODE,APP_ID,APP_ARCHIVE,APP_TITLE,APP_CONTENTS,APP_REG_DATE,APP_DOCS_NUM,APP_STATUS_CODE) values (132,0,'test2',1,'ㄹㅇㄴㅁ','132.html',to_date('21/02/19','RR/MM/DD'),'210219-1',1);
Insert into ST.APPROVAL (APP_SEQ,APP_TYPE_CODE,APP_ID,APP_ARCHIVE,APP_TITLE,APP_CONTENTS,APP_REG_DATE,APP_DOCS_NUM,APP_STATUS_CODE) values (133,0,'test2',1,'ㄹㅇㄴㅁ','133.html',to_date('21/02/19','RR/MM/DD'),'210219-1',2);
Insert into ST.APPROVAL (APP_SEQ,APP_TYPE_CODE,APP_ID,APP_ARCHIVE,APP_TITLE,APP_CONTENTS,APP_REG_DATE,APP_DOCS_NUM,APP_STATUS_CODE) values (134,7,'1111',0,'난 일햇다','134.html',to_date('21/02/19','RR/MM/DD'),'210219-1',0);
Insert into ST.APPROVAL (APP_SEQ,APP_TYPE_CODE,APP_ID,APP_ARCHIVE,APP_TITLE,APP_CONTENTS,APP_REG_DATE,APP_DOCS_NUM,APP_STATUS_CODE) values (135,7,'1111',0,'ㄴㅇㄹ','135.html',to_date('21/02/19','RR/MM/DD'),'210219-1',0);
Insert into ST.APPROVAL (APP_SEQ,APP_TYPE_CODE,APP_ID,APP_ARCHIVE,APP_TITLE,APP_CONTENTS,APP_REG_DATE,APP_DOCS_NUM,APP_STATUS_CODE) values (136,7,'test2',0,'휴가 신청합니다.','136.html',to_date('21/02/19','RR/MM/DD'),'210219-1',0);
Insert into ST.APPROVAL (APP_SEQ,APP_TYPE_CODE,APP_ID,APP_ARCHIVE,APP_TITLE,APP_CONTENTS,APP_REG_DATE,APP_DOCS_NUM,APP_STATUS_CODE) values (137,9,'1111',0,'ㄴㅇㄹ','137.html',to_date('21/02/19','RR/MM/DD'),'210219-1',2);
Insert into ST.APPROVAL (APP_SEQ,APP_TYPE_CODE,APP_ID,APP_ARCHIVE,APP_TITLE,APP_CONTENTS,APP_REG_DATE,APP_DOCS_NUM,APP_STATUS_CODE) values (138,8,'test2',0,'ㅇㄴㅁㅇㄴㅁ','138.html',to_date('21/02/19','RR/MM/DD'),'210219-1',0);
Insert into ST.APPROVAL (APP_SEQ,APP_TYPE_CODE,APP_ID,APP_ARCHIVE,APP_TITLE,APP_CONTENTS,APP_REG_DATE,APP_DOCS_NUM,APP_STATUS_CODE) values (139,7,'test2',0,'테스트','139.html',to_date('21/02/19','RR/MM/DD'),'210219-1',1);
Insert into ST.APPROVAL (APP_SEQ,APP_TYPE_CODE,APP_ID,APP_ARCHIVE,APP_TITLE,APP_CONTENTS,APP_REG_DATE,APP_DOCS_NUM,APP_STATUS_CODE) values (140,3,'test1',1,'휴가테스트1','140.html',to_date('21/02/22','RR/MM/DD'),'210222-1',1);
Insert into ST.APPROVAL (APP_SEQ,APP_TYPE_CODE,APP_ID,APP_ARCHIVE,APP_TITLE,APP_CONTENTS,APP_REG_DATE,APP_DOCS_NUM,APP_STATUS_CODE) values (141,3,'test1',1,'휴가테스트1','141.html',to_date('21/02/22','RR/MM/DD'),'210222-1',2);
Insert into ST.APPROVAL (APP_SEQ,APP_TYPE_CODE,APP_ID,APP_ARCHIVE,APP_TITLE,APP_CONTENTS,APP_REG_DATE,APP_DOCS_NUM,APP_STATUS_CODE) values (142,3,'test1',1,'휴가테스트','142.html',to_date('21/02/22','RR/MM/DD'),'210222-1',2);
Insert into ST.APPROVAL (APP_SEQ,APP_TYPE_CODE,APP_ID,APP_ARCHIVE,APP_TITLE,APP_CONTENTS,APP_REG_DATE,APP_DOCS_NUM,APP_STATUS_CODE) values (143,3,'test1',1,'휴가테스트','143.html',to_date('21/02/22','RR/MM/DD'),'210222-1',0);
Insert into ST.APPROVAL (APP_SEQ,APP_TYPE_CODE,APP_ID,APP_ARCHIVE,APP_TITLE,APP_CONTENTS,APP_REG_DATE,APP_DOCS_NUM,APP_STATUS_CODE) values (147,3,'test1',1,'정기휴가테스트','147.html',to_date('21/02/23','RR/MM/DD'),'210223-4',0);
Insert into ST.APPROVAL (APP_SEQ,APP_TYPE_CODE,APP_ID,APP_ARCHIVE,APP_TITLE,APP_CONTENTS,APP_REG_DATE,APP_DOCS_NUM,APP_STATUS_CODE) values (148,3,'test1',1,'정기휴가테스트','148.html',to_date('21/02/23','RR/MM/DD'),'210223-5',0);
Insert into ST.APPROVAL (APP_SEQ,APP_TYPE_CODE,APP_ID,APP_ARCHIVE,APP_TITLE,APP_CONTENTS,APP_REG_DATE,APP_DOCS_NUM,APP_STATUS_CODE) values (149,3,'test1',1,'정기휴가테스트','149.html',to_date('21/02/23','RR/MM/DD'),'210223-6',0);
Insert into ST.APPROVAL (APP_SEQ,APP_TYPE_CODE,APP_ID,APP_ARCHIVE,APP_TITLE,APP_CONTENTS,APP_REG_DATE,APP_DOCS_NUM,APP_STATUS_CODE) values (150,3,'test1',1,'정기휴가','150.html',to_date('21/02/23','RR/MM/DD'),'210223-7',0);
Insert into ST.APPROVAL (APP_SEQ,APP_TYPE_CODE,APP_ID,APP_ARCHIVE,APP_TITLE,APP_CONTENTS,APP_REG_DATE,APP_DOCS_NUM,APP_STATUS_CODE) values (151,3,'test1',1,'정기휴가','151.html',to_date('21/02/23','RR/MM/DD'),'210223-8',0);
Insert into ST.APPROVAL (APP_SEQ,APP_TYPE_CODE,APP_ID,APP_ARCHIVE,APP_TITLE,APP_CONTENTS,APP_REG_DATE,APP_DOCS_NUM,APP_STATUS_CODE) values (152,3,'test1',1,'휴가테스트','152.html',to_date('21/02/23','RR/MM/DD'),'210223-9',0);
Insert into ST.APPROVAL (APP_SEQ,APP_TYPE_CODE,APP_ID,APP_ARCHIVE,APP_TITLE,APP_CONTENTS,APP_REG_DATE,APP_DOCS_NUM,APP_STATUS_CODE) values (162,0,'test1',1,'test','162.html',to_date('21/02/25','RR/MM/DD'),'210225-1',1);
Insert into ST.APPROVAL (APP_SEQ,APP_TYPE_CODE,APP_ID,APP_ARCHIVE,APP_TITLE,APP_CONTENTS,APP_REG_DATE,APP_DOCS_NUM,APP_STATUS_CODE) values (168,0,'test4',1,'첨부파일 테스트','temp',to_date('21/02/26','RR/MM/DD'),'210226-3',1);
Insert into ST.APPROVAL (APP_SEQ,APP_TYPE_CODE,APP_ID,APP_ARCHIVE,APP_TITLE,APP_CONTENTS,APP_REG_DATE,APP_DOCS_NUM,APP_STATUS_CODE) values (169,0,'test4',1,'첨부파일 테스트','169.html',to_date('21/02/26','RR/MM/DD'),'210226-4',0);
Insert into ST.APPROVAL (APP_SEQ,APP_TYPE_CODE,APP_ID,APP_ARCHIVE,APP_TITLE,APP_CONTENTS,APP_REG_DATE,APP_DOCS_NUM,APP_STATUS_CODE) values (170,0,'test4',1,'첨부파일 테스트','170.html',to_date('21/02/26','RR/MM/DD'),'210226-5',2);
Insert into ST.APPROVAL (APP_SEQ,APP_TYPE_CODE,APP_ID,APP_ARCHIVE,APP_TITLE,APP_CONTENTS,APP_REG_DATE,APP_DOCS_NUM,APP_STATUS_CODE) values (183,8,'1111',0,'3월 둘째주 업무일지','183.html',to_date('21/03/05','RR/MM/DD'),'210305-2',0);
Insert into ST.APPROVAL (APP_SEQ,APP_TYPE_CODE,APP_ID,APP_ARCHIVE,APP_TITLE,APP_CONTENTS,APP_REG_DATE,APP_DOCS_NUM,APP_STATUS_CODE) values (224,0,'1111',2,'teest','224.html',to_date('21/03/07','RR/MM/DD'),'210307-28',1);
Insert into ST.APPROVAL (APP_SEQ,APP_TYPE_CODE,APP_ID,APP_ARCHIVE,APP_TITLE,APP_CONTENTS,APP_REG_DATE,APP_DOCS_NUM,APP_STATUS_CODE) values (237,0,'1111',1,'testing...','temp',to_date('21/03/07','RR/MM/DD'),'210307-40',1);
Insert into ST.APPROVAL (APP_SEQ,APP_TYPE_CODE,APP_ID,APP_ARCHIVE,APP_TITLE,APP_CONTENTS,APP_REG_DATE,APP_DOCS_NUM,APP_STATUS_CODE) values (238,0,'test1',1,'제발 되라....','temp',to_date('21/03/07','RR/MM/DD'),'210307-41',1);
Insert into ST.APPROVAL (APP_SEQ,APP_TYPE_CODE,APP_ID,APP_ARCHIVE,APP_TITLE,APP_CONTENTS,APP_REG_DATE,APP_DOCS_NUM,APP_STATUS_CODE) values (239,0,'test1',1,'제발2222222222','temp',to_date('21/03/07','RR/MM/DD'),'210307-42',1);
Insert into ST.APPROVAL (APP_SEQ,APP_TYPE_CODE,APP_ID,APP_ARCHIVE,APP_TITLE,APP_CONTENTS,APP_REG_DATE,APP_DOCS_NUM,APP_STATUS_CODE) values (240,0,'test1',1,'ㅅㄷㄴㅅ','temp',to_date('21/03/07','RR/MM/DD'),'210307-43',1);
Insert into ST.APPROVAL (APP_SEQ,APP_TYPE_CODE,APP_ID,APP_ARCHIVE,APP_TITLE,APP_CONTENTS,APP_REG_DATE,APP_DOCS_NUM,APP_STATUS_CODE) values (245,0,'kh2008',1,'testing2...','245.html',to_date('21/03/08','RR/MM/DD'),'210308-1',1);
Insert into ST.APPROVAL (APP_SEQ,APP_TYPE_CODE,APP_ID,APP_ARCHIVE,APP_TITLE,APP_CONTENTS,APP_REG_DATE,APP_DOCS_NUM,APP_STATUS_CODE) values (246,0,'kh2011',1,'그룹웨어 제작 기안서 제출의 건','246.html',to_date('21/03/08','RR/MM/DD'),'210308-2',2);
Insert into ST.APPROVAL (APP_SEQ,APP_TYPE_CODE,APP_ID,APP_ARCHIVE,APP_TITLE,APP_CONTENTS,APP_REG_DATE,APP_DOCS_NUM,APP_STATUS_CODE) values (247,0,'kh2009',1,'그룹웨어 제작 기안서 제출의 건','247.html',to_date('21/03/08','RR/MM/DD'),'210308-3',1);
Insert into ST.APPROVAL (APP_SEQ,APP_TYPE_CODE,APP_ID,APP_ARCHIVE,APP_TITLE,APP_CONTENTS,APP_REG_DATE,APP_DOCS_NUM,APP_STATUS_CODE) values (248,0,'kh2016',1,'[기안] 전사적 자원관리 시스템 업체 선정의 건','248.html',to_date('21/03/08','RR/MM/DD'),'210308-4',1);
Insert into ST.APPROVAL (APP_SEQ,APP_TYPE_CODE,APP_ID,APP_ARCHIVE,APP_TITLE,APP_CONTENTS,APP_REG_DATE,APP_DOCS_NUM,APP_STATUS_CODE) values (249,0,'kh2012',1,'그룹웨어 제작 기안서 제출의 건','249.html',to_date('21/03/08','RR/MM/DD'),'210308-5',1);
Insert into ST.APPROVAL (APP_SEQ,APP_TYPE_CODE,APP_ID,APP_ARCHIVE,APP_TITLE,APP_CONTENTS,APP_REG_DATE,APP_DOCS_NUM,APP_STATUS_CODE) values (250,0,'kh2013',1,'그룹웨어 제작 기안서 제출의 건','250.html',to_date('21/03/08','RR/MM/DD'),'210308-6',1);
Insert into ST.APPROVAL (APP_SEQ,APP_TYPE_CODE,APP_ID,APP_ARCHIVE,APP_TITLE,APP_CONTENTS,APP_REG_DATE,APP_DOCS_NUM,APP_STATUS_CODE) values (251,3,'kh2016',1,'부 칠순잔치','251.html',to_date('21/03/08','RR/MM/DD'),'210308-7',1);
Insert into ST.APPROVAL (APP_SEQ,APP_TYPE_CODE,APP_ID,APP_ARCHIVE,APP_TITLE,APP_CONTENTS,APP_REG_DATE,APP_DOCS_NUM,APP_STATUS_CODE) values (252,0,'kh2015',1,'그룹웨어 제작 기안서 제출의 건','252.html',to_date('21/03/08','RR/MM/DD'),'210308-8',1);
Insert into ST.APPROVAL (APP_SEQ,APP_TYPE_CODE,APP_ID,APP_ARCHIVE,APP_TITLE,APP_CONTENTS,APP_REG_DATE,APP_DOCS_NUM,APP_STATUS_CODE) values (253,3,'kh2020',1,'휴가 안 보내주면 퇴사 할거에요','253.html',to_date('21/03/08','RR/MM/DD'),'210308-9',1);
Insert into ST.APPROVAL (APP_SEQ,APP_TYPE_CODE,APP_ID,APP_ARCHIVE,APP_TITLE,APP_CONTENTS,APP_REG_DATE,APP_DOCS_NUM,APP_STATUS_CODE) values (254,0,'kh2006',1,'그룹웨어 제작 기안서 제출의 건','254.html',to_date('21/03/08','RR/MM/DD'),'210308-10',1);
Insert into ST.APPROVAL (APP_SEQ,APP_TYPE_CODE,APP_ID,APP_ARCHIVE,APP_TITLE,APP_CONTENTS,APP_REG_DATE,APP_DOCS_NUM,APP_STATUS_CODE) values (255,1,'kh2017',1,'[품의] 사내  네스프레소 구매의 건','255.html',to_date('21/03/08','RR/MM/DD'),'210308-11',2);
Insert into ST.APPROVAL (APP_SEQ,APP_TYPE_CODE,APP_ID,APP_ARCHIVE,APP_TITLE,APP_CONTENTS,APP_REG_DATE,APP_DOCS_NUM,APP_STATUS_CODE) values (256,9,'kh2017',0,'2021년 03월 월간 업무일지','256.html',to_date('21/03/08','RR/MM/DD'),'210308-12',0);
Insert into ST.APPROVAL (APP_SEQ,APP_TYPE_CODE,APP_ID,APP_ARCHIVE,APP_TITLE,APP_CONTENTS,APP_REG_DATE,APP_DOCS_NUM,APP_STATUS_CODE) values (257,5,'kh2018',1,'[발주] 중장기 프로젝트 전 필수 용품 발주서 ','257.html',to_date('21/03/08','RR/MM/DD'),'210308-13',1);
Insert into ST.APPROVAL (APP_SEQ,APP_TYPE_CODE,APP_ID,APP_ARCHIVE,APP_TITLE,APP_CONTENTS,APP_REG_DATE,APP_DOCS_NUM,APP_STATUS_CODE) values (258,0,'kh2018',1,'[기안] 회장님 생신선물 후보리스트','258.html',to_date('21/03/08','RR/MM/DD'),'210308-14',1);
Insert into ST.APPROVAL (APP_SEQ,APP_TYPE_CODE,APP_ID,APP_ARCHIVE,APP_TITLE,APP_CONTENTS,APP_REG_DATE,APP_DOCS_NUM,APP_STATUS_CODE) values (259,0,'1111',1,'testing3...','259.html',to_date('21/03/08','RR/MM/DD'),'210308-15',1);
Insert into ST.APPROVAL (APP_SEQ,APP_TYPE_CODE,APP_ID,APP_ARCHIVE,APP_TITLE,APP_CONTENTS,APP_REG_DATE,APP_DOCS_NUM,APP_STATUS_CODE) values (260,4,'kh2019',1,'2021년 03월 08일 회의록','260.html',to_date('21/03/08','RR/MM/DD'),'210308-16',1);
Insert into ST.APPROVAL (APP_SEQ,APP_TYPE_CODE,APP_ID,APP_ARCHIVE,APP_TITLE,APP_CONTENTS,APP_REG_DATE,APP_DOCS_NUM,APP_STATUS_CODE) values (261,0,'kh2019',1,'[기안] 학사관리 시스템 개발 관련 기안 건','261.html',to_date('21/03/08','RR/MM/DD'),'210308-17',1);
Insert into ST.APPROVAL (APP_SEQ,APP_TYPE_CODE,APP_ID,APP_ARCHIVE,APP_TITLE,APP_CONTENTS,APP_REG_DATE,APP_DOCS_NUM,APP_STATUS_CODE) values (262,3,'kh2022',1,'첫 휴가입니다 제발 보내주세요','262.html',to_date('21/03/08','RR/MM/DD'),'210308-18',2);
Insert into ST.APPROVAL (APP_SEQ,APP_TYPE_CODE,APP_ID,APP_ARCHIVE,APP_TITLE,APP_CONTENTS,APP_REG_DATE,APP_DOCS_NUM,APP_STATUS_CODE) values (263,3,'kh2000',1,'내 휴가는 누가 결재해주냐','263.html',to_date('21/03/08','RR/MM/DD'),'210308-19',0);
Insert into ST.APPROVAL (APP_SEQ,APP_TYPE_CODE,APP_ID,APP_ARCHIVE,APP_TITLE,APP_CONTENTS,APP_REG_DATE,APP_DOCS_NUM,APP_STATUS_CODE) values (264,0,'kh2006',1,'기안신청의 건','264.html',to_date('21/03/08','RR/MM/DD'),'210308-20',0);
Insert into ST.APPROVAL (APP_SEQ,APP_TYPE_CODE,APP_ID,APP_ARCHIVE,APP_TITLE,APP_CONTENTS,APP_REG_DATE,APP_DOCS_NUM,APP_STATUS_CODE) values (265,0,'kh2016',1,'기안서요','265.html',to_date('21/03/08','RR/MM/DD'),'210308-21',0);
Insert into ST.APPROVAL (APP_SEQ,APP_TYPE_CODE,APP_ID,APP_ARCHIVE,APP_TITLE,APP_CONTENTS,APP_REG_DATE,APP_DOCS_NUM,APP_STATUS_CODE) values (266,2,'kh2006',1,'회식비용 지출결의서','266.html',to_date('21/03/08','RR/MM/DD'),'210308-22',2);
Insert into ST.APPROVAL (APP_SEQ,APP_TYPE_CODE,APP_ID,APP_ARCHIVE,APP_TITLE,APP_CONTENTS,APP_REG_DATE,APP_DOCS_NUM,APP_STATUS_CODE) values (288,3,'kh2001',1,'휴가 신청합니다.','288.html',to_date('21/03/08','RR/MM/DD'),'210308-43',1);
Insert into ST.APPROVAL (APP_SEQ,APP_TYPE_CODE,APP_ID,APP_ARCHIVE,APP_TITLE,APP_CONTENTS,APP_REG_DATE,APP_DOCS_NUM,APP_STATUS_CODE) values (289,7,'kh2004',0,'ㅇㅇㅇ','289.html',to_date('21/03/08','RR/MM/DD'),'210308-44',1);
Insert into ST.APPROVAL (APP_SEQ,APP_TYPE_CODE,APP_ID,APP_ARCHIVE,APP_TITLE,APP_CONTENTS,APP_REG_DATE,APP_DOCS_NUM,APP_STATUS_CODE) values (290,6,'kh2008',1,'마지막날인데 밥 일찍 먹을수도 있지 않을까요','290.html',to_date('21/03/08','RR/MM/DD'),'210308-45',2);
Insert into ST.APPROVAL (APP_SEQ,APP_TYPE_CODE,APP_ID,APP_ARCHIVE,APP_TITLE,APP_CONTENTS,APP_REG_DATE,APP_DOCS_NUM,APP_STATUS_CODE) values (291,0,'kh2010',1,'!!!!!!!@#!@#','291.html',to_date('21/03/08','RR/MM/DD'),'210308-46',1);
Insert into ST.APPROVAL (APP_SEQ,APP_TYPE_CODE,APP_ID,APP_ARCHIVE,APP_TITLE,APP_CONTENTS,APP_REG_DATE,APP_DOCS_NUM,APP_STATUS_CODE) values (15,0,'1111',1,'test','<p>test</p>',to_date('21/01/26','RR/MM/DD'),'null-1',0);
Insert into ST.APPROVAL (APP_SEQ,APP_TYPE_CODE,APP_ID,APP_ARCHIVE,APP_TITLE,APP_CONTENTS,APP_REG_DATE,APP_DOCS_NUM,APP_STATUS_CODE) values (16,0,'1111',1,'test','<p>test</p>',to_date('21/01/26','RR/MM/DD'),'null-1',0);
Insert into ST.APPROVAL (APP_SEQ,APP_TYPE_CODE,APP_ID,APP_ARCHIVE,APP_TITLE,APP_CONTENTS,APP_REG_DATE,APP_DOCS_NUM,APP_STATUS_CODE) values (17,0,'1111',1,'test','<p>test333</p>',to_date('21/01/26','RR/MM/DD'),'null-1',0);
Insert into ST.APPROVAL (APP_SEQ,APP_TYPE_CODE,APP_ID,APP_ARCHIVE,APP_TITLE,APP_CONTENTS,APP_REG_DATE,APP_DOCS_NUM,APP_STATUS_CODE) values (18,0,'1111',1,'test','<p>test</p>',to_date('21/01/26','RR/MM/DD'),'210126-1',0);
Insert into ST.APPROVAL (APP_SEQ,APP_TYPE_CODE,APP_ID,APP_ARCHIVE,APP_TITLE,APP_CONTENTS,APP_REG_DATE,APP_DOCS_NUM,APP_STATUS_CODE) values (19,0,'1111',1,'tst333','<p>test</p>',to_date('21/01/26','RR/MM/DD'),'null-1',0);
Insert into ST.APPROVAL (APP_SEQ,APP_TYPE_CODE,APP_ID,APP_ARCHIVE,APP_TITLE,APP_CONTENTS,APP_REG_DATE,APP_DOCS_NUM,APP_STATUS_CODE) values (23,3,'1111',1,'test','<p>test</p>',to_date('21/01/26','RR/MM/DD'),'null-1',0);
Insert into ST.APPROVAL (APP_SEQ,APP_TYPE_CODE,APP_ID,APP_ARCHIVE,APP_TITLE,APP_CONTENTS,APP_REG_DATE,APP_DOCS_NUM,APP_STATUS_CODE) values (34,3,'1111',1,'ㅅㄷㄴㅅ','<p>ㅅㄷㄴㅅ</p>',to_date('21/01/26','RR/MM/DD'),'null-2',0);
Insert into ST.APPROVAL (APP_SEQ,APP_TYPE_CODE,APP_ID,APP_ARCHIVE,APP_TITLE,APP_CONTENTS,APP_REG_DATE,APP_DOCS_NUM,APP_STATUS_CODE) values (39,0,'1111',1,'test','<p>test</p>',to_date('21/01/26','RR/MM/DD'),'null-1',0);
Insert into ST.APPROVAL (APP_SEQ,APP_TYPE_CODE,APP_ID,APP_ARCHIVE,APP_TITLE,APP_CONTENTS,APP_REG_DATE,APP_DOCS_NUM,APP_STATUS_CODE) values (40,3,'1111',1,'test','<p>test</p>',to_date('21/01/26','RR/MM/DD'),'null-2',0);
Insert into ST.APPROVAL (APP_SEQ,APP_TYPE_CODE,APP_ID,APP_ARCHIVE,APP_TITLE,APP_CONTENTS,APP_REG_DATE,APP_DOCS_NUM,APP_STATUS_CODE) values (41,0,'1111',1,'test','<p>test</p>',to_date('21/01/26','RR/MM/DD'),'null-3',0);
Insert into ST.APPROVAL (APP_SEQ,APP_TYPE_CODE,APP_ID,APP_ARCHIVE,APP_TITLE,APP_CONTENTS,APP_REG_DATE,APP_DOCS_NUM,APP_STATUS_CODE) values (42,3,'1111',10,'test','<p>test</p>',to_date('21/01/26','RR/MM/DD'),'210126-1',0);
Insert into ST.APPROVAL (APP_SEQ,APP_TYPE_CODE,APP_ID,APP_ARCHIVE,APP_TITLE,APP_CONTENTS,APP_REG_DATE,APP_DOCS_NUM,APP_STATUS_CODE) values (50,0,'1111',1,'ㅅㄷㄴㅅ','<p>ㅅㄷㄴㅅ</p>',to_date('21/01/29','RR/MM/DD'),'210129-1',1);
Insert into ST.APPROVAL (APP_SEQ,APP_TYPE_CODE,APP_ID,APP_ARCHIVE,APP_TITLE,APP_CONTENTS,APP_REG_DATE,APP_DOCS_NUM,APP_STATUS_CODE) values (65,0,'test1',10,'ㅅㄷㄴㅅ','temp',to_date('21/02/02','RR/MM/DD'),'210202-1',1);
Insert into ST.APPROVAL (APP_SEQ,APP_TYPE_CODE,APP_ID,APP_ARCHIVE,APP_TITLE,APP_CONTENTS,APP_REG_DATE,APP_DOCS_NUM,APP_STATUS_CODE) values (71,3,'test1',1,'휴가테스트','71.html',to_date('21/02/07','RR/MM/DD'),'210207-1',0);
Insert into ST.APPROVAL (APP_SEQ,APP_TYPE_CODE,APP_ID,APP_ARCHIVE,APP_TITLE,APP_CONTENTS,APP_REG_DATE,APP_DOCS_NUM,APP_STATUS_CODE) values (72,0,'1111',1,'3e3','72.html',to_date('21/02/07','RR/MM/DD'),'210207-1',1);
Insert into ST.APPROVAL (APP_SEQ,APP_TYPE_CODE,APP_ID,APP_ARCHIVE,APP_TITLE,APP_CONTENTS,APP_REG_DATE,APP_DOCS_NUM,APP_STATUS_CODE) values (73,0,'1111',1,'3e3','73.html',to_date('21/02/07','RR/MM/DD'),'210207-1',1);
Insert into ST.APPROVAL (APP_SEQ,APP_TYPE_CODE,APP_ID,APP_ARCHIVE,APP_TITLE,APP_CONTENTS,APP_REG_DATE,APP_DOCS_NUM,APP_STATUS_CODE) values (75,0,'test1',1,'test','75.html',to_date('21/02/08','RR/MM/DD'),'210208-1',0);
Insert into ST.APPROVAL (APP_SEQ,APP_TYPE_CODE,APP_ID,APP_ARCHIVE,APP_TITLE,APP_CONTENTS,APP_REG_DATE,APP_DOCS_NUM,APP_STATUS_CODE) values (76,0,'test1',1,'test','76.html',to_date('21/02/08','RR/MM/DD'),'210208-2',0);
Insert into ST.APPROVAL (APP_SEQ,APP_TYPE_CODE,APP_ID,APP_ARCHIVE,APP_TITLE,APP_CONTENTS,APP_REG_DATE,APP_DOCS_NUM,APP_STATUS_CODE) values (77,0,'test1',1,'test','77.html',to_date('21/02/08','RR/MM/DD'),'210208-1',0);
Insert into ST.APPROVAL (APP_SEQ,APP_TYPE_CODE,APP_ID,APP_ARCHIVE,APP_TITLE,APP_CONTENTS,APP_REG_DATE,APP_DOCS_NUM,APP_STATUS_CODE) values (78,0,'test1',1,'test','78.html',to_date('21/02/08','RR/MM/DD'),'210208-2',0);
Insert into ST.APPROVAL (APP_SEQ,APP_TYPE_CODE,APP_ID,APP_ARCHIVE,APP_TITLE,APP_CONTENTS,APP_REG_DATE,APP_DOCS_NUM,APP_STATUS_CODE) values (95,0,'test1',0,'주간 업무일지 테스트','95.html',to_date('21/02/14','RR/MM/DD'),'210214-1',2);
Insert into ST.APPROVAL (APP_SEQ,APP_TYPE_CODE,APP_ID,APP_ARCHIVE,APP_TITLE,APP_CONTENTS,APP_REG_DATE,APP_DOCS_NUM,APP_STATUS_CODE) values (108,7,'1111',0,'넥사크로 하는 중','108.html',to_date('21/02/15','RR/MM/DD'),'210215-1',0);
Insert into ST.APPROVAL (APP_SEQ,APP_TYPE_CODE,APP_ID,APP_ARCHIVE,APP_TITLE,APP_CONTENTS,APP_REG_DATE,APP_DOCS_NUM,APP_STATUS_CODE) values (144,3,'test1',1,'휴가테스트','144.html',to_date('21/02/23','RR/MM/DD'),'210223-1',1);
Insert into ST.APPROVAL (APP_SEQ,APP_TYPE_CODE,APP_ID,APP_ARCHIVE,APP_TITLE,APP_CONTENTS,APP_REG_DATE,APP_DOCS_NUM,APP_STATUS_CODE) values (157,6,'test1',2,'댓글 테스트 ','157.html',to_date('21/02/24','RR/MM/DD'),'210224-5',2);
Insert into ST.APPROVAL (APP_SEQ,APP_TYPE_CODE,APP_ID,APP_ARCHIVE,APP_TITLE,APP_CONTENTS,APP_REG_DATE,APP_DOCS_NUM,APP_STATUS_CODE) values (158,6,'test1',1,'댓글테스트2','158.html',to_date('21/02/24','RR/MM/DD'),'210224-6',1);
Insert into ST.APPROVAL (APP_SEQ,APP_TYPE_CODE,APP_ID,APP_ARCHIVE,APP_TITLE,APP_CONTENTS,APP_REG_DATE,APP_DOCS_NUM,APP_STATUS_CODE) values (159,6,'test1',1,'댓글테스트3','159.html',to_date('21/02/24','RR/MM/DD'),'210224-7',0);
Insert into ST.APPROVAL (APP_SEQ,APP_TYPE_CODE,APP_ID,APP_ARCHIVE,APP_TITLE,APP_CONTENTS,APP_REG_DATE,APP_DOCS_NUM,APP_STATUS_CODE) values (165,2,'test4',1,'21/02/18 지출결의서 제출의 건','165.html',to_date('21/02/26','RR/MM/DD'),'210226-1',0);
Insert into ST.APPROVAL (APP_SEQ,APP_TYPE_CODE,APP_ID,APP_ARCHIVE,APP_TITLE,APP_CONTENTS,APP_REG_DATE,APP_DOCS_NUM,APP_STATUS_CODE) values (188,3,'test1',1,'생축','188.html',to_date('21/03/05','RR/MM/DD'),'210305-7',1);
Insert into ST.APPROVAL (APP_SEQ,APP_TYPE_CODE,APP_ID,APP_ARCHIVE,APP_TITLE,APP_CONTENTS,APP_REG_DATE,APP_DOCS_NUM,APP_STATUS_CODE) values (189,3,'test1',1,'휴가테스트','189.html',to_date('21/03/05','RR/MM/DD'),'210305-8',1);
Insert into ST.APPROVAL (APP_SEQ,APP_TYPE_CODE,APP_ID,APP_ARCHIVE,APP_TITLE,APP_CONTENTS,APP_REG_DATE,APP_DOCS_NUM,APP_STATUS_CODE) values (190,3,'test1',1,'휴가테스트','190.html',to_date('21/03/05','RR/MM/DD'),'210305-9',1);
Insert into ST.APPROVAL (APP_SEQ,APP_TYPE_CODE,APP_ID,APP_ARCHIVE,APP_TITLE,APP_CONTENTS,APP_REG_DATE,APP_DOCS_NUM,APP_STATUS_CODE) values (191,3,'test1',1,'휴가테스트','191.html',to_date('21/03/05','RR/MM/DD'),'210305-10',1);
Insert into ST.APPROVAL (APP_SEQ,APP_TYPE_CODE,APP_ID,APP_ARCHIVE,APP_TITLE,APP_CONTENTS,APP_REG_DATE,APP_DOCS_NUM,APP_STATUS_CODE) values (192,3,'test1',1,'휴가테스트','192.html',to_date('21/03/05','RR/MM/DD'),'210305-11',0);
Insert into ST.APPROVAL (APP_SEQ,APP_TYPE_CODE,APP_ID,APP_ARCHIVE,APP_TITLE,APP_CONTENTS,APP_REG_DATE,APP_DOCS_NUM,APP_STATUS_CODE) values (197,3,'kh2003',1,'3월 8일 휴가 신청의 건','197.html',to_date('21/03/07','RR/MM/DD'),'210307-1',1);
Insert into ST.APPROVAL (APP_SEQ,APP_TYPE_CODE,APP_ID,APP_ARCHIVE,APP_TITLE,APP_CONTENTS,APP_REG_DATE,APP_DOCS_NUM,APP_STATUS_CODE) values (220,0,'test1',1,'test','220.html',to_date('21/03/07','RR/MM/DD'),'210307-24',2);
Insert into ST.APPROVAL (APP_SEQ,APP_TYPE_CODE,APP_ID,APP_ARCHIVE,APP_TITLE,APP_CONTENTS,APP_REG_DATE,APP_DOCS_NUM,APP_STATUS_CODE) values (230,0,'test1',1,'test','230.html',to_date('21/03/07','RR/MM/DD'),'210307-34',0);
Insert into ST.APPROVAL (APP_SEQ,APP_TYPE_CODE,APP_ID,APP_ARCHIVE,APP_TITLE,APP_CONTENTS,APP_REG_DATE,APP_DOCS_NUM,APP_STATUS_CODE) values (236,0,'1111',1,'test','236.html',to_date('21/03/07','RR/MM/DD'),'210307-39',1);
Insert into ST.APPROVAL (APP_SEQ,APP_TYPE_CODE,APP_ID,APP_ARCHIVE,APP_TITLE,APP_CONTENTS,APP_REG_DATE,APP_DOCS_NUM,APP_STATUS_CODE) values (241,0,'1111',1,'testing..','temp',to_date('21/03/07','RR/MM/DD'),'210307-44',1);
Insert into ST.APPROVAL (APP_SEQ,APP_TYPE_CODE,APP_ID,APP_ARCHIVE,APP_TITLE,APP_CONTENTS,APP_REG_DATE,APP_DOCS_NUM,APP_STATUS_CODE) values (242,0,'1111',1,'testing..','temp',to_date('21/03/07','RR/MM/DD'),'210307-45',1);
Insert into ST.APPROVAL (APP_SEQ,APP_TYPE_CODE,APP_ID,APP_ARCHIVE,APP_TITLE,APP_CONTENTS,APP_REG_DATE,APP_DOCS_NUM,APP_STATUS_CODE) values (243,0,'1111',1,'testing...','243.html',to_date('21/03/07','RR/MM/DD'),'210307-46',1);
Insert into ST.APPROVAL (APP_SEQ,APP_TYPE_CODE,APP_ID,APP_ARCHIVE,APP_TITLE,APP_CONTENTS,APP_REG_DATE,APP_DOCS_NUM,APP_STATUS_CODE) values (244,0,'test1',1,'test','244.html',to_date('21/03/07','RR/MM/DD'),'210307-47',2);
Insert into ST.APPROVAL (APP_SEQ,APP_TYPE_CODE,APP_ID,APP_ARCHIVE,APP_TITLE,APP_CONTENTS,APP_REG_DATE,APP_DOCS_NUM,APP_STATUS_CODE) values (12,0,'1111',1,'test','<p>test2222</p>',to_date('21/01/26','RR/MM/DD'),'null-1',0);
Insert into ST.APPROVAL (APP_SEQ,APP_TYPE_CODE,APP_ID,APP_ARCHIVE,APP_TITLE,APP_CONTENTS,APP_REG_DATE,APP_DOCS_NUM,APP_STATUS_CODE) values (13,0,'1111',1,'test','<p>tsets</p>',to_date('21/01/26','RR/MM/DD'),'null-1',0);
Insert into ST.APPROVAL (APP_SEQ,APP_TYPE_CODE,APP_ID,APP_ARCHIVE,APP_TITLE,APP_CONTENTS,APP_REG_DATE,APP_DOCS_NUM,APP_STATUS_CODE) values (22,3,'1111',1,'test','<p>test</p>',to_date('21/01/26','RR/MM/DD'),'null-1',0);
Insert into ST.APPROVAL (APP_SEQ,APP_TYPE_CODE,APP_ID,APP_ARCHIVE,APP_TITLE,APP_CONTENTS,APP_REG_DATE,APP_DOCS_NUM,APP_STATUS_CODE) values (24,0,'1111',1,'test','<p>test</p>',to_date('21/01/26','RR/MM/DD'),'210126-1',0);
Insert into ST.APPROVAL (APP_SEQ,APP_TYPE_CODE,APP_ID,APP_ARCHIVE,APP_TITLE,APP_CONTENTS,APP_REG_DATE,APP_DOCS_NUM,APP_STATUS_CODE) values (25,3,'1111',5,'test','<p>test</p>',to_date('21/01/26','RR/MM/DD'),'210126-2',0);
Insert into ST.APPROVAL (APP_SEQ,APP_TYPE_CODE,APP_ID,APP_ARCHIVE,APP_TITLE,APP_CONTENTS,APP_REG_DATE,APP_DOCS_NUM,APP_STATUS_CODE) values (26,0,'1111',1,'test','<p>test</p>',to_date('21/01/26','RR/MM/DD'),'210126-4',0);
Insert into ST.APPROVAL (APP_SEQ,APP_TYPE_CODE,APP_ID,APP_ARCHIVE,APP_TITLE,APP_CONTENTS,APP_REG_DATE,APP_DOCS_NUM,APP_STATUS_CODE) values (27,3,'1111',1,'휴가테스트','<p>test</p>',to_date('21/01/26','RR/MM/DD'),'210126-5',0);
Insert into ST.APPROVAL (APP_SEQ,APP_TYPE_CODE,APP_ID,APP_ARCHIVE,APP_TITLE,APP_CONTENTS,APP_REG_DATE,APP_DOCS_NUM,APP_STATUS_CODE) values (28,0,'1111',1,'test','<p>test</p>',to_date('21/01/26','RR/MM/DD'),'null-2',0);
Insert into ST.APPROVAL (APP_SEQ,APP_TYPE_CODE,APP_ID,APP_ARCHIVE,APP_TITLE,APP_CONTENTS,APP_REG_DATE,APP_DOCS_NUM,APP_STATUS_CODE) values (29,3,'1111',1,'휴가테스트','<p>ㅅㄷㄴㅅ</p>',to_date('21/01/26','RR/MM/DD'),'null-3',0);
Insert into ST.APPROVAL (APP_SEQ,APP_TYPE_CODE,APP_ID,APP_ARCHIVE,APP_TITLE,APP_CONTENTS,APP_REG_DATE,APP_DOCS_NUM,APP_STATUS_CODE) values (30,3,'1111',1,'휴가테스트','<p>ㅅㄷㄴㅅ</p>',to_date('21/01/26','RR/MM/DD'),'null-4',0);
Insert into ST.APPROVAL (APP_SEQ,APP_TYPE_CODE,APP_ID,APP_ARCHIVE,APP_TITLE,APP_CONTENTS,APP_REG_DATE,APP_DOCS_NUM,APP_STATUS_CODE) values (31,3,'1111',1,'ㅅㄷㄴㅅ','<p>ㅅㄷㄴㅅ</p>',to_date('21/01/26','RR/MM/DD'),'null-1',0);
Insert into ST.APPROVAL (APP_SEQ,APP_TYPE_CODE,APP_ID,APP_ARCHIVE,APP_TITLE,APP_CONTENTS,APP_REG_DATE,APP_DOCS_NUM,APP_STATUS_CODE) values (32,3,'1111',1,'ㅅㄷㄴㅅ','<p>ㅅㄷㄴㅅ</p>',to_date('21/01/26','RR/MM/DD'),'null-2',0);
Insert into ST.APPROVAL (APP_SEQ,APP_TYPE_CODE,APP_ID,APP_ARCHIVE,APP_TITLE,APP_CONTENTS,APP_REG_DATE,APP_DOCS_NUM,APP_STATUS_CODE) values (33,3,'1111',1,'휴가테스트','<p>휴가테스트</p>',to_date('21/01/26','RR/MM/DD'),'null-1',0);
Insert into ST.APPROVAL (APP_SEQ,APP_TYPE_CODE,APP_ID,APP_ARCHIVE,APP_TITLE,APP_CONTENTS,APP_REG_DATE,APP_DOCS_NUM,APP_STATUS_CODE) values (35,3,'1111',1,'ㅅㄷㄴㅅ','<p>ㅅㄷㄴㅅ</p>',to_date('21/01/26','RR/MM/DD'),'null-1',0);
Insert into ST.APPROVAL (APP_SEQ,APP_TYPE_CODE,APP_ID,APP_ARCHIVE,APP_TITLE,APP_CONTENTS,APP_REG_DATE,APP_DOCS_NUM,APP_STATUS_CODE) values (36,3,'1111',1,'휴가테스트','<p>ㅅㄷㄴㅅ</p>',to_date('21/01/26','RR/MM/DD'),'null-3',0);
Insert into ST.APPROVAL (APP_SEQ,APP_TYPE_CODE,APP_ID,APP_ARCHIVE,APP_TITLE,APP_CONTENTS,APP_REG_DATE,APP_DOCS_NUM,APP_STATUS_CODE) values (37,0,'1111',1,'test','<p>test</p>',to_date('21/01/26','RR/MM/DD'),'null-1',0);
Insert into ST.APPROVAL (APP_SEQ,APP_TYPE_CODE,APP_ID,APP_ARCHIVE,APP_TITLE,APP_CONTENTS,APP_REG_DATE,APP_DOCS_NUM,APP_STATUS_CODE) values (38,3,'1111',1,'test','<p>test</p>',to_date('21/01/26','RR/MM/DD'),'null-1',0);
Insert into ST.APPROVAL (APP_SEQ,APP_TYPE_CODE,APP_ID,APP_ARCHIVE,APP_TITLE,APP_CONTENTS,APP_REG_DATE,APP_DOCS_NUM,APP_STATUS_CODE) values (43,0,'test1',1,'test','<p>test</p>',to_date('21/01/29','RR/MM/DD'),'210129-1',1);
Insert into ST.APPROVAL (APP_SEQ,APP_TYPE_CODE,APP_ID,APP_ARCHIVE,APP_TITLE,APP_CONTENTS,APP_REG_DATE,APP_DOCS_NUM,APP_STATUS_CODE) values (44,0,'test1',1,'test','<p>test</p>',to_date('21/01/29','RR/MM/DD'),'210129-2',1);
Insert into ST.APPROVAL (APP_SEQ,APP_TYPE_CODE,APP_ID,APP_ARCHIVE,APP_TITLE,APP_CONTENTS,APP_REG_DATE,APP_DOCS_NUM,APP_STATUS_CODE) values (53,0,'test1',1,'test','<p>test</p>',to_date('21/02/01','RR/MM/DD'),'null-1',1);
Insert into ST.APPROVAL (APP_SEQ,APP_TYPE_CODE,APP_ID,APP_ARCHIVE,APP_TITLE,APP_CONTENTS,APP_REG_DATE,APP_DOCS_NUM,APP_STATUS_CODE) values (70,0,'test1',1,'첨부파일 테스트','70.html',to_date('21/02/07','RR/MM/DD'),'210207-1',1);
Insert into ST.APPROVAL (APP_SEQ,APP_TYPE_CODE,APP_ID,APP_ARCHIVE,APP_TITLE,APP_CONTENTS,APP_REG_DATE,APP_DOCS_NUM,APP_STATUS_CODE) values (97,7,'test1',0,'일일 업무일지1','97.html',to_date('21/02/15','RR/MM/DD'),'210215-1',1);
Insert into ST.APPROVAL (APP_SEQ,APP_TYPE_CODE,APP_ID,APP_ARCHIVE,APP_TITLE,APP_CONTENTS,APP_REG_DATE,APP_DOCS_NUM,APP_STATUS_CODE) values (98,7,'test1',0,'일일 업무일지2','98.html',to_date('21/02/15','RR/MM/DD'),'210215-2',1);
Insert into ST.APPROVAL (APP_SEQ,APP_TYPE_CODE,APP_ID,APP_ARCHIVE,APP_TITLE,APP_CONTENTS,APP_REG_DATE,APP_DOCS_NUM,APP_STATUS_CODE) values (99,8,'test1',0,'주간 업무일지1','99.html',to_date('21/02/15','RR/MM/DD'),'210215-3',1);
Insert into ST.APPROVAL (APP_SEQ,APP_TYPE_CODE,APP_ID,APP_ARCHIVE,APP_TITLE,APP_CONTENTS,APP_REG_DATE,APP_DOCS_NUM,APP_STATUS_CODE) values (100,9,'test1',0,'월간 업무일지 테스트','100.html',to_date('21/02/15','RR/MM/DD'),'210215-4',1);
Insert into ST.APPROVAL (APP_SEQ,APP_TYPE_CODE,APP_ID,APP_ARCHIVE,APP_TITLE,APP_CONTENTS,APP_REG_DATE,APP_DOCS_NUM,APP_STATUS_CODE) values (101,7,'test2',0,'일일 업무일지1','101.html',to_date('21/02/15','RR/MM/DD'),'210215-5',1);
Insert into ST.APPROVAL (APP_SEQ,APP_TYPE_CODE,APP_ID,APP_ARCHIVE,APP_TITLE,APP_CONTENTS,APP_REG_DATE,APP_DOCS_NUM,APP_STATUS_CODE) values (102,7,'test2',0,'일일 업무일지1','102.html',to_date('21/02/15','RR/MM/DD'),'210215-6',1);
Insert into ST.APPROVAL (APP_SEQ,APP_TYPE_CODE,APP_ID,APP_ARCHIVE,APP_TITLE,APP_CONTENTS,APP_REG_DATE,APP_DOCS_NUM,APP_STATUS_CODE) values (103,9,'test1',0,'월간 업무일지 테스트','103.html',to_date('21/02/15','RR/MM/DD'),'210215-7',1);
Insert into ST.APPROVAL (APP_SEQ,APP_TYPE_CODE,APP_ID,APP_ARCHIVE,APP_TITLE,APP_CONTENTS,APP_REG_DATE,APP_DOCS_NUM,APP_STATUS_CODE) values (104,8,'test1',0,'주간 업무일지 테스트','104.html',to_date('21/02/15','RR/MM/DD'),'210215-8',1);
Insert into ST.APPROVAL (APP_SEQ,APP_TYPE_CODE,APP_ID,APP_ARCHIVE,APP_TITLE,APP_CONTENTS,APP_REG_DATE,APP_DOCS_NUM,APP_STATUS_CODE) values (145,3,'test1',1,'휴가테스트','145.html',to_date('21/02/23','RR/MM/DD'),'210223-1',0);
Insert into ST.APPROVAL (APP_SEQ,APP_TYPE_CODE,APP_ID,APP_ARCHIVE,APP_TITLE,APP_CONTENTS,APP_REG_DATE,APP_DOCS_NUM,APP_STATUS_CODE) values (90,7,'test1',0,'ewafsd','90.html',to_date('21/02/11','RR/MM/DD'),'210211-2',0);
Insert into ST.APPROVAL (APP_SEQ,APP_TYPE_CODE,APP_ID,APP_ARCHIVE,APP_TITLE,APP_CONTENTS,APP_REG_DATE,APP_DOCS_NUM,APP_STATUS_CODE) values (91,7,'test1',0,'waefsafs','91.html',to_date('21/02/11','RR/MM/DD'),'210211-1',2);
Insert into ST.APPROVAL (APP_SEQ,APP_TYPE_CODE,APP_ID,APP_ARCHIVE,APP_TITLE,APP_CONTENTS,APP_REG_DATE,APP_DOCS_NUM,APP_STATUS_CODE) values (172,0,'test7',1,'fdsfasdfasf','172.html',to_date('21/03/01','RR/MM/DD'),'210301-1',1);
Insert into ST.APPROVAL (APP_SEQ,APP_TYPE_CODE,APP_ID,APP_ARCHIVE,APP_TITLE,APP_CONTENTS,APP_REG_DATE,APP_DOCS_NUM,APP_STATUS_CODE) values (173,7,'test7',0,'fasdasf','173.html',to_date('21/03/01','RR/MM/DD'),'210301-2',0);
Insert into ST.APPROVAL (APP_SEQ,APP_TYPE_CODE,APP_ID,APP_ARCHIVE,APP_TITLE,APP_CONTENTS,APP_REG_DATE,APP_DOCS_NUM,APP_STATUS_CODE) values (174,2,'kh2001',1,'출장 경비','174.html',to_date('21/03/02','RR/MM/DD'),'210302-1',1);
Insert into ST.APPROVAL (APP_SEQ,APP_TYPE_CODE,APP_ID,APP_ARCHIVE,APP_TITLE,APP_CONTENTS,APP_REG_DATE,APP_DOCS_NUM,APP_STATUS_CODE) values (175,4,'kh2001',1,'3월 8일 회의록','175.html',to_date('21/03/02','RR/MM/DD'),'210302-2',1);
Insert into ST.APPROVAL (APP_SEQ,APP_TYPE_CODE,APP_ID,APP_ARCHIVE,APP_TITLE,APP_CONTENTS,APP_REG_DATE,APP_DOCS_NUM,APP_STATUS_CODE) values (176,7,'kh2001',0,'권용국 팀장 일일 업무 일지','176.html',to_date('21/03/02','RR/MM/DD'),'210302-3',2);
Insert into ST.APPROVAL (APP_SEQ,APP_TYPE_CODE,APP_ID,APP_ARCHIVE,APP_TITLE,APP_CONTENTS,APP_REG_DATE,APP_DOCS_NUM,APP_STATUS_CODE) values (177,8,'kh2001',0,'영업 1팀 주간 업무 일지','177.html',to_date('21/03/02','RR/MM/DD'),'210302-4',0);
Insert into ST.APPROVAL (APP_SEQ,APP_TYPE_CODE,APP_ID,APP_ARCHIVE,APP_TITLE,APP_CONTENTS,APP_REG_DATE,APP_DOCS_NUM,APP_STATUS_CODE) values (184,9,'test1',0,'3월 업무일지','184.html',to_date('21/03/05','RR/MM/DD'),'210305-3',2);
Insert into ST.APPROVAL (APP_SEQ,APP_TYPE_CODE,APP_ID,APP_ARCHIVE,APP_TITLE,APP_CONTENTS,APP_REG_DATE,APP_DOCS_NUM,APP_STATUS_CODE) values (193,3,'1111',1,'나 생일이야','193.html',to_date('21/03/05','RR/MM/DD'),'210305-12',1);
Insert into ST.APPROVAL (APP_SEQ,APP_TYPE_CODE,APP_ID,APP_ARCHIVE,APP_TITLE,APP_CONTENTS,APP_REG_DATE,APP_DOCS_NUM,APP_STATUS_CODE) values (194,3,'1111',1,'나생일이야','194.html',to_date('21/03/05','RR/MM/DD'),'210305-13',0);
Insert into ST.APPROVAL (APP_SEQ,APP_TYPE_CODE,APP_ID,APP_ARCHIVE,APP_TITLE,APP_CONTENTS,APP_REG_DATE,APP_DOCS_NUM,APP_STATUS_CODE) values (195,0,'kh2004',2,'STJWARE 개발 기안서 제출의 건','195.html',to_date('21/03/05','RR/MM/DD'),'210305-14',0);
Insert into ST.APPROVAL (APP_SEQ,APP_TYPE_CODE,APP_ID,APP_ARCHIVE,APP_TITLE,APP_CONTENTS,APP_REG_DATE,APP_DOCS_NUM,APP_STATUS_CODE) values (196,3,'kh2004',1,'휴가가고 싶습니다.','196.html',to_date('21/03/05','RR/MM/DD'),'210305-15',2);
Insert into ST.APPROVAL (APP_SEQ,APP_TYPE_CODE,APP_ID,APP_ARCHIVE,APP_TITLE,APP_CONTENTS,APP_REG_DATE,APP_DOCS_NUM,APP_STATUS_CODE) values (198,1,'kh2006',3,'[품의] 사내 아이패드 구매의 건','198.html',to_date('21/03/07','RR/MM/DD'),'210307-2',1);
Insert into ST.APPROVAL (APP_SEQ,APP_TYPE_CODE,APP_ID,APP_ARCHIVE,APP_TITLE,APP_CONTENTS,APP_REG_DATE,APP_DOCS_NUM,APP_STATUS_CODE) values (199,0,'kh2006',1,'[기안]사내 공모전 아이디어 전달의 건','199.html',to_date('21/03/07','RR/MM/DD'),'210307-3',1);
Insert into ST.APPROVAL (APP_SEQ,APP_TYPE_CODE,APP_ID,APP_ARCHIVE,APP_TITLE,APP_CONTENTS,APP_REG_DATE,APP_DOCS_NUM,APP_STATUS_CODE) values (200,1,'kh2009',1,'[품의] 사내 안마의자 구매의 건','200.html',to_date('21/03/07','RR/MM/DD'),'210307-4',2);
Insert into ST.APPROVAL (APP_SEQ,APP_TYPE_CODE,APP_ID,APP_ARCHIVE,APP_TITLE,APP_CONTENTS,APP_REG_DATE,APP_DOCS_NUM,APP_STATUS_CODE) values (201,7,'kh2009',0,'2021년 03월 07일 업무일지','201.html',to_date('21/03/07','RR/MM/DD'),'210307-5',0);
Insert into ST.APPROVAL (APP_SEQ,APP_TYPE_CODE,APP_ID,APP_ARCHIVE,APP_TITLE,APP_CONTENTS,APP_REG_DATE,APP_DOCS_NUM,APP_STATUS_CODE) values (202,3,'kh2009',1,'[휴가] 생일 휴가계','202.html',to_date('21/03/07','RR/MM/DD'),'210307-6',2);
Insert into ST.APPROVAL (APP_SEQ,APP_TYPE_CODE,APP_ID,APP_ARCHIVE,APP_TITLE,APP_CONTENTS,APP_REG_DATE,APP_DOCS_NUM,APP_STATUS_CODE) values (205,3,'kh2005',1,'3월 8일 휴가 신청의 건','temp',to_date('21/03/07','RR/MM/DD'),'210307-9',1);
Insert into ST.APPROVAL (APP_SEQ,APP_TYPE_CODE,APP_ID,APP_ARCHIVE,APP_TITLE,APP_CONTENTS,APP_REG_DATE,APP_DOCS_NUM,APP_STATUS_CODE) values (207,1,'kh2010',5,'[품의] 사내 무선충전기 구매의 건','temp',to_date('21/03/07','RR/MM/DD'),'210307-11',1);
Insert into ST.APPROVAL (APP_SEQ,APP_TYPE_CODE,APP_ID,APP_ARCHIVE,APP_TITLE,APP_CONTENTS,APP_REG_DATE,APP_DOCS_NUM,APP_STATUS_CODE) values (208,3,'kh2010',1,'3월 8일 휴가 신청의 건','temp',to_date('21/03/07','RR/MM/DD'),'210307-12',1);
Insert into ST.APPROVAL (APP_SEQ,APP_TYPE_CODE,APP_ID,APP_ARCHIVE,APP_TITLE,APP_CONTENTS,APP_REG_DATE,APP_DOCS_NUM,APP_STATUS_CODE) values (209,3,'kh2010',1,'3월 8일 휴가 신청의 건','temp',to_date('21/03/07','RR/MM/DD'),'210307-13',1);
Insert into ST.APPROVAL (APP_SEQ,APP_TYPE_CODE,APP_ID,APP_ARCHIVE,APP_TITLE,APP_CONTENTS,APP_REG_DATE,APP_DOCS_NUM,APP_STATUS_CODE) values (211,3,'1111',1,'휴가테스트','temp',to_date('21/03/07','RR/MM/DD'),'210307-15',1);
Insert into ST.APPROVAL (APP_SEQ,APP_TYPE_CODE,APP_ID,APP_ARCHIVE,APP_TITLE,APP_CONTENTS,APP_REG_DATE,APP_DOCS_NUM,APP_STATUS_CODE) values (214,1,'test1',1,'첨부파일 테스트','214.html',to_date('21/03/07','RR/MM/DD'),'210307-18',1);
Insert into ST.APPROVAL (APP_SEQ,APP_TYPE_CODE,APP_ID,APP_ARCHIVE,APP_TITLE,APP_CONTENTS,APP_REG_DATE,APP_DOCS_NUM,APP_STATUS_CODE) values (217,0,'1111',1,'test','temp',to_date('21/03/07','RR/MM/DD'),'210307-21',1);
Insert into ST.APPROVAL (APP_SEQ,APP_TYPE_CODE,APP_ID,APP_ARCHIVE,APP_TITLE,APP_CONTENTS,APP_REG_DATE,APP_DOCS_NUM,APP_STATUS_CODE) values (218,0,'1111',1,'휴가테스트','temp',to_date('21/03/07','RR/MM/DD'),'210307-22',1);
Insert into ST.APPROVAL (APP_SEQ,APP_TYPE_CODE,APP_ID,APP_ARCHIVE,APP_TITLE,APP_CONTENTS,APP_REG_DATE,APP_DOCS_NUM,APP_STATUS_CODE) values (219,0,'1111',1,'호스팅 테스트','temp',to_date('21/03/07','RR/MM/DD'),'210307-23',1);
Insert into ST.APPROVAL (APP_SEQ,APP_TYPE_CODE,APP_ID,APP_ARCHIVE,APP_TITLE,APP_CONTENTS,APP_REG_DATE,APP_DOCS_NUM,APP_STATUS_CODE) values (221,0,'test1',1,'test','temp',to_date('21/03/07','RR/MM/DD'),'210307-25',1);
Insert into ST.APPROVAL (APP_SEQ,APP_TYPE_CODE,APP_ID,APP_ARCHIVE,APP_TITLE,APP_CONTENTS,APP_REG_DATE,APP_DOCS_NUM,APP_STATUS_CODE) values (222,0,'test1',1,'test','temp',to_date('21/03/07','RR/MM/DD'),'210307-26',1);
Insert into ST.APPROVAL (APP_SEQ,APP_TYPE_CODE,APP_ID,APP_ARCHIVE,APP_TITLE,APP_CONTENTS,APP_REG_DATE,APP_DOCS_NUM,APP_STATUS_CODE) values (223,3,'kh2014',1,'생일 연차','temp',to_date('21/03/07','RR/MM/DD'),'210307-27',1);
Insert into ST.APPROVAL (APP_SEQ,APP_TYPE_CODE,APP_ID,APP_ARCHIVE,APP_TITLE,APP_CONTENTS,APP_REG_DATE,APP_DOCS_NUM,APP_STATUS_CODE) values (225,0,'1111',1,'teest2','temp',to_date('21/03/07','RR/MM/DD'),'210307-29',1);
Insert into ST.APPROVAL (APP_SEQ,APP_TYPE_CODE,APP_ID,APP_ARCHIVE,APP_TITLE,APP_CONTENTS,APP_REG_DATE,APP_DOCS_NUM,APP_STATUS_CODE) values (226,0,'1111',1,'teest2','temp',to_date('21/03/07','RR/MM/DD'),'210307-30',1);
Insert into ST.APPROVAL (APP_SEQ,APP_TYPE_CODE,APP_ID,APP_ARCHIVE,APP_TITLE,APP_CONTENTS,APP_REG_DATE,APP_DOCS_NUM,APP_STATUS_CODE) values (227,0,'test1',1,'test','temp',to_date('21/03/07','RR/MM/DD'),'210307-31',1);
Insert into ST.APPROVAL (APP_SEQ,APP_TYPE_CODE,APP_ID,APP_ARCHIVE,APP_TITLE,APP_CONTENTS,APP_REG_DATE,APP_DOCS_NUM,APP_STATUS_CODE) values (228,0,'test1',1,'test','temp',to_date('21/03/07','RR/MM/DD'),'210307-32',1);
Insert into ST.APPROVAL (APP_SEQ,APP_TYPE_CODE,APP_ID,APP_ARCHIVE,APP_TITLE,APP_CONTENTS,APP_REG_DATE,APP_DOCS_NUM,APP_STATUS_CODE) values (229,0,'test1',1,'test','temp',to_date('21/03/07','RR/MM/DD'),'210307-33',1);
Insert into ST.APPROVAL (APP_SEQ,APP_TYPE_CODE,APP_ID,APP_ARCHIVE,APP_TITLE,APP_CONTENTS,APP_REG_DATE,APP_DOCS_NUM,APP_STATUS_CODE) values (231,0,'test1',1,'test','temp',to_date('21/03/07','RR/MM/DD'),'210307-35',1);
Insert into ST.APPROVAL (APP_SEQ,APP_TYPE_CODE,APP_ID,APP_ARCHIVE,APP_TITLE,APP_CONTENTS,APP_REG_DATE,APP_DOCS_NUM,APP_STATUS_CODE) values (233,0,'1111',1,'error test','temp',to_date('21/03/07','RR/MM/DD'),'210307-36',1);
Insert into ST.APPROVAL (APP_SEQ,APP_TYPE_CODE,APP_ID,APP_ARCHIVE,APP_TITLE,APP_CONTENTS,APP_REG_DATE,APP_DOCS_NUM,APP_STATUS_CODE) values (234,0,'1111',1,'error test','temp',to_date('21/03/07','RR/MM/DD'),'210307-37',1);
Insert into ST.APPROVAL (APP_SEQ,APP_TYPE_CODE,APP_ID,APP_ARCHIVE,APP_TITLE,APP_CONTENTS,APP_REG_DATE,APP_DOCS_NUM,APP_STATUS_CODE) values (235,1,'1111',1,'testing...','temp',to_date('21/03/07','RR/MM/DD'),'210307-38',1);
REM INSERTING into ST.APPROVAL_ATTACHED_FILES
SET DEFINE OFF;
Insert into ST.APPROVAL_ATTACHED_FILES (APP_SEQ,APP_ORI_NAME,APP_SAVED_NAME) values (51,'find.png','5db4e2a2f72d45888200c0885d83c953_find.png');
Insert into ST.APPROVAL_ATTACHED_FILES (APP_SEQ,APP_ORI_NAME,APP_SAVED_NAME) values (271,'넥사크로.jpg','8e5467f635d6419588e771ee58c2ce1a_넥사크로.jpg');
Insert into ST.APPROVAL_ATTACHED_FILES (APP_SEQ,APP_ORI_NAME,APP_SAVED_NAME) values (282,'cat2 (1).png','fa921b51318a4a4198580205c47646b2_cat2 (1).png');
Insert into ST.APPROVAL_ATTACHED_FILES (APP_SEQ,APP_ORI_NAME,APP_SAVED_NAME) values (287,'cute1[대괄호].png','c10669bfb8c945ef92e14ef9f0d47bdc_cute1[대괄호].png');
Insert into ST.APPROVAL_ATTACHED_FILES (APP_SEQ,APP_ORI_NAME,APP_SAVED_NAME) values (109,'DxDiag.txt','804b317bb091484ca4f3843dd2783c51_DxDiag.txt');
Insert into ST.APPROVAL_ATTACHED_FILES (APP_SEQ,APP_ORI_NAME,APP_SAVED_NAME) values (113,'00_1_test_tea.png','ff7648e8ba2240c3accce818e57857ef_00_1_test_tea.png');
Insert into ST.APPROVAL_ATTACHED_FILES (APP_SEQ,APP_ORI_NAME,APP_SAVED_NAME) values (178,'leaf logo.png','2d78caabcbba4e38a0c9c126305d0cb2_leaf logo.png');
Insert into ST.APPROVAL_ATTACHED_FILES (APP_SEQ,APP_ORI_NAME,APP_SAVED_NAME) values (115,'[dsa]Profile-Male.png','279c19b1818e4529a0e26753d05566b6_[dsa]Profile-Male.png');
Insert into ST.APPROVAL_ATTACHED_FILES (APP_SEQ,APP_ORI_NAME,APP_SAVED_NAME) values (117,'[dsa]Profile-Male.png','827fac6784c14906ad8379de83d7a20e_[dsa]Profile-Male.png');
Insert into ST.APPROVAL_ATTACHED_FILES (APP_SEQ,APP_ORI_NAME,APP_SAVED_NAME) values (118,'[dsa]Profile-Male.png','0263cfc1fc2f4e6f9519beed84b11629_[dsa]Profile-Male.png');
Insert into ST.APPROVAL_ATTACHED_FILES (APP_SEQ,APP_ORI_NAME,APP_SAVED_NAME) values (119,'[dsa]Profile-Male.png','47c0850f6f154a18ad03ed2a2773d55e_[dsa]Profile-Male.png');
Insert into ST.APPROVAL_ATTACHED_FILES (APP_SEQ,APP_ORI_NAME,APP_SAVED_NAME) values (135,'03_자기소개작성팁.PNG','1c85929e6add4ecc855350c6465a6af1_03_자기소개작성팁.PNG');
Insert into ST.APPROVAL_ATTACHED_FILES (APP_SEQ,APP_ORI_NAME,APP_SAVED_NAME) values (136,'[dsa]Profile-Male.png','ae751406cb7e43f5bf15873adb1f9b26_[dsa]Profile-Male.png');
Insert into ST.APPROVAL_ATTACHED_FILES (APP_SEQ,APP_ORI_NAME,APP_SAVED_NAME) values (169,'그대의 고양이는 다정할께요.png','e0f7ce388d2d4f3fb7217cbdd4cf558e_그대의 고양이는 다정할께요.png');
Insert into ST.APPROVAL_ATTACHED_FILES (APP_SEQ,APP_ORI_NAME,APP_SAVED_NAME) values (170,'41016953-비즈니스-데이터-시장-요소-바-파이-차트-다이어그램-및-그래프-벡터-일러스트-레이-션-플랫-아이콘-.png','b9ad25e27ee949838fc9f10ea7fcde20_41016953-비즈니스-데이터-시장-요소-바-파이-차트-다이어그램-및-그래프-벡터-일러스트-레이-션-플랫-아이콘-.png');
Insert into ST.APPROVAL_ATTACHED_FILES (APP_SEQ,APP_ORI_NAME,APP_SAVED_NAME) values (256,'find.png','8ce690a468db41a095bc9aca03b1b9ee_find.png');
Insert into ST.APPROVAL_ATTACHED_FILES (APP_SEQ,APP_ORI_NAME,APP_SAVED_NAME) values (264,'Z202012_2020120146-그리드에서+Dataset의+데이터+조건에+따라+background+색상을+설정.docx','6631fa869f424895ba4f4dd89d9b86b3_Z202012_2020120146-그리드에서+Dataset의+데이터+조건에+따라+background+색상을+설정.docx');
Insert into ST.APPROVAL_ATTACHED_FILES (APP_SEQ,APP_ORI_NAME,APP_SAVED_NAME) values (266,'mybatis.jpg','c4e6daa6b4134465b7e6bcaa00f0e171_mybatis.jpg');
Insert into ST.APPROVAL_ATTACHED_FILES (APP_SEQ,APP_ORI_NAME,APP_SAVED_NAME) values (19,'DxDiag.txt','51473df8b0a84c499edd0e4e5125d6d6_DxDiag.txt');
Insert into ST.APPROVAL_ATTACHED_FILES (APP_SEQ,APP_ORI_NAME,APP_SAVED_NAME) values (70,'1조_파이널요구사항명세서.xlsx','36708c420f3b4ff5a6b913d848a1d2cd_1조_파이널요구사항명세서.xlsx');
Insert into ST.APPROVAL_ATTACHED_FILES (APP_SEQ,APP_ORI_NAME,APP_SAVED_NAME) values (193,'back.png','9ce6b572bf45411d9d3644d9a9572725_back.png');
Insert into ST.APPROVAL_ATTACHED_FILES (APP_SEQ,APP_ORI_NAME,APP_SAVED_NAME) values (195,'assa.png','cc9093f086e3415fb760c772d22c8688_assa.png');
Insert into ST.APPROVAL_ATTACHED_FILES (APP_SEQ,APP_ORI_NAME,APP_SAVED_NAME) values (231,'01.24541509.1.png','9432ca067f824b7d966bab5bc8963534_01.24541509.1.png');
REM INSERTING into ST.APPROVAL_COMMENTS
SET DEFINE OFF;
Insert into ST.APPROVAL_COMMENTS (APP_CMT_SEQ,APP_SEQ,APP_CMT_WRITER,APP_CMT_CONTENTS,APP_CMT_DATE,APP_CMT_DEL) values (8,70,'test1','댓글작성 8',to_date('21/02/07','RR/MM/DD'),null);
Insert into ST.APPROVAL_COMMENTS (APP_CMT_SEQ,APP_SEQ,APP_CMT_WRITER,APP_CMT_CONTENTS,APP_CMT_DATE,APP_CMT_DEL) values (73,174,'kh2007','아껴쓰세오',to_date('21/03/08','RR/MM/DD'),null);
Insert into ST.APPROVAL_COMMENTS (APP_CMT_SEQ,APP_SEQ,APP_CMT_WRITER,APP_CMT_CONTENTS,APP_CMT_DATE,APP_CMT_DEL) values (74,268,'kh2011','짠짠짠~',to_date('21/03/08','RR/MM/DD'),null);
Insert into ST.APPROVAL_COMMENTS (APP_CMT_SEQ,APP_SEQ,APP_CMT_WRITER,APP_CMT_CONTENTS,APP_CMT_DATE,APP_CMT_DEL) values (75,262,'kh2012','휴가는 가야죠~~',to_date('21/03/08','RR/MM/DD'),null);
Insert into ST.APPROVAL_COMMENTS (APP_CMT_SEQ,APP_SEQ,APP_CMT_WRITER,APP_CMT_CONTENTS,APP_CMT_DATE,APP_CMT_DEL) values (76,270,'kh2006','댓글',to_date('21/03/08','RR/MM/DD'),to_date('21/03/08','RR/MM/DD'));
Insert into ST.APPROVAL_COMMENTS (APP_CMT_SEQ,APP_SEQ,APP_CMT_WRITER,APP_CMT_CONTENTS,APP_CMT_DATE,APP_CMT_DEL) values (77,270,'kh2006','댓글 작성',to_date('21/03/08','RR/MM/DD'),null);
Insert into ST.APPROVAL_COMMENTS (APP_CMT_SEQ,APP_SEQ,APP_CMT_WRITER,APP_CMT_CONTENTS,APP_CMT_DATE,APP_CMT_DEL) values (78,274,'kh2001','ㅎㅇ
',to_date('21/03/08','RR/MM/DD'),null);
Insert into ST.APPROVAL_COMMENTS (APP_CMT_SEQ,APP_SEQ,APP_CMT_WRITER,APP_CMT_CONTENTS,APP_CMT_DATE,APP_CMT_DEL) values (79,269,'kh2007','아주 찬성입니다.',to_date('21/03/08','RR/MM/DD'),null);
Insert into ST.APPROVAL_COMMENTS (APP_CMT_SEQ,APP_SEQ,APP_CMT_WRITER,APP_CMT_CONTENTS,APP_CMT_DATE,APP_CMT_DEL) values (80,269,'kh2007','아주 찬성입니다.',to_date('21/03/08','RR/MM/DD'),to_date('21/03/08','RR/MM/DD'));
Insert into ST.APPROVAL_COMMENTS (APP_CMT_SEQ,APP_SEQ,APP_CMT_WRITER,APP_CMT_CONTENTS,APP_CMT_DATE,APP_CMT_DEL) values (84,196,'kh2004','대리님 반대',to_date('21/03/08','RR/MM/DD'),null);
Insert into ST.APPROVAL_COMMENTS (APP_CMT_SEQ,APP_SEQ,APP_CMT_WRITER,APP_CMT_CONTENTS,APP_CMT_DATE,APP_CMT_DEL) values (86,246,'kh2011','ㅁㅁㅁㅁㅁㅁㅁㅁㅁㅁㅁㅁㅁㅁㅁㅁㅁㅁㅁㅁㅁㅁㅁㅁㅁㅁㅁㅁㅁㅁㅁㅁㅁㅁㅁㅁㅁㅁㅁㅁㅁㅁㅁㅁㅁㅁㅁㅁㅁㅁㅁㅁㅁㅁㅁㅁㅁㅁㅁㅁㅁㅁㅁㅁㅁㅁㅁㅁㅁㅁㅁㅁㅁㅁㅁㅁㅁㅁㅁㅁㅁㅁㅁㅁㅁㅁㅁㅁㅁㅁㅁㅁㅁㅁㅁㅁㅁㅁㅁ',to_date('21/03/08','RR/MM/DD'),null);
Insert into ST.APPROVAL_COMMENTS (APP_CMT_SEQ,APP_SEQ,APP_CMT_WRITER,APP_CMT_CONTENTS,APP_CMT_DATE,APP_CMT_DEL) values (4,70,'test1','댓글 테스트4',to_date('21/02/07','RR/MM/DD'),null);
Insert into ST.APPROVAL_COMMENTS (APP_CMT_SEQ,APP_SEQ,APP_CMT_WRITER,APP_CMT_CONTENTS,APP_CMT_DATE,APP_CMT_DEL) values (5,70,'test1','댓글 테스트5',to_date('21/02/07','RR/MM/DD'),null);
Insert into ST.APPROVAL_COMMENTS (APP_CMT_SEQ,APP_SEQ,APP_CMT_WRITER,APP_CMT_CONTENTS,APP_CMT_DATE,APP_CMT_DEL) values (6,70,'test1','댓글 테스트6',to_date('21/02/07','RR/MM/DD'),null);
Insert into ST.APPROVAL_COMMENTS (APP_CMT_SEQ,APP_SEQ,APP_CMT_WRITER,APP_CMT_CONTENTS,APP_CMT_DATE,APP_CMT_DEL) values (7,70,'test1','댓글 작성7',to_date('21/02/07','RR/MM/DD'),null);
Insert into ST.APPROVAL_COMMENTS (APP_CMT_SEQ,APP_SEQ,APP_CMT_WRITER,APP_CMT_CONTENTS,APP_CMT_DATE,APP_CMT_DEL) values (14,70,'test1','ㅅㄷㄴㅅ',to_date('21/02/07','RR/MM/DD'),null);
Insert into ST.APPROVAL_COMMENTS (APP_CMT_SEQ,APP_SEQ,APP_CMT_WRITER,APP_CMT_CONTENTS,APP_CMT_DATE,APP_CMT_DEL) values (15,70,'test1','test',to_date('21/02/07','RR/MM/DD'),null);
Insert into ST.APPROVAL_COMMENTS (APP_CMT_SEQ,APP_SEQ,APP_CMT_WRITER,APP_CMT_CONTENTS,APP_CMT_DATE,APP_CMT_DEL) values (16,70,'test1','test',to_date('21/02/07','RR/MM/DD'),null);
Insert into ST.APPROVAL_COMMENTS (APP_CMT_SEQ,APP_SEQ,APP_CMT_WRITER,APP_CMT_CONTENTS,APP_CMT_DATE,APP_CMT_DEL) values (17,70,'test1','ㅅㄷㄴㅅ',to_date('21/02/07','RR/MM/DD'),null);
Insert into ST.APPROVAL_COMMENTS (APP_CMT_SEQ,APP_SEQ,APP_CMT_WRITER,APP_CMT_CONTENTS,APP_CMT_DATE,APP_CMT_DEL) values (18,70,'test1','댓 작성 제발',to_date('21/02/07','RR/MM/DD'),null);
Insert into ST.APPROVAL_COMMENTS (APP_CMT_SEQ,APP_SEQ,APP_CMT_WRITER,APP_CMT_CONTENTS,APP_CMT_DATE,APP_CMT_DEL) values (19,70,'test1','22',to_date('21/02/07','RR/MM/DD'),null);
Insert into ST.APPROVAL_COMMENTS (APP_CMT_SEQ,APP_SEQ,APP_CMT_WRITER,APP_CMT_CONTENTS,APP_CMT_DATE,APP_CMT_DEL) values (20,70,'test1','33333',to_date('21/02/07','RR/MM/DD'),null);
Insert into ST.APPROVAL_COMMENTS (APP_CMT_SEQ,APP_SEQ,APP_CMT_WRITER,APP_CMT_CONTENTS,APP_CMT_DATE,APP_CMT_DEL) values (21,70,'test1','33333',to_date('21/02/07','RR/MM/DD'),null);
Insert into ST.APPROVAL_COMMENTS (APP_CMT_SEQ,APP_SEQ,APP_CMT_WRITER,APP_CMT_CONTENTS,APP_CMT_DATE,APP_CMT_DEL) values (22,70,'test1','ㅅㄷㄴㅅ',to_date('21/02/07','RR/MM/DD'),null);
Insert into ST.APPROVAL_COMMENTS (APP_CMT_SEQ,APP_SEQ,APP_CMT_WRITER,APP_CMT_CONTENTS,APP_CMT_DATE,APP_CMT_DEL) values (23,70,'test1','댓글',to_date('21/02/07','RR/MM/DD'),null);
Insert into ST.APPROVAL_COMMENTS (APP_CMT_SEQ,APP_SEQ,APP_CMT_WRITER,APP_CMT_CONTENTS,APP_CMT_DATE,APP_CMT_DEL) values (24,70,'test1','ㅅㄷㅅㄷㅅ',to_date('21/02/07','RR/MM/DD'),null);
Insert into ST.APPROVAL_COMMENTS (APP_CMT_SEQ,APP_SEQ,APP_CMT_WRITER,APP_CMT_CONTENTS,APP_CMT_DATE,APP_CMT_DEL) values (25,70,'test1','대대대ㅐ댓글',to_date('21/02/07','RR/MM/DD'),null);
Insert into ST.APPROVAL_COMMENTS (APP_CMT_SEQ,APP_SEQ,APP_CMT_WRITER,APP_CMT_CONTENTS,APP_CMT_DATE,APP_CMT_DEL) values (26,70,'test1','ㅅㄷㄴㅅ',to_date('21/02/07','RR/MM/DD'),null);
Insert into ST.APPROVAL_COMMENTS (APP_CMT_SEQ,APP_SEQ,APP_CMT_WRITER,APP_CMT_CONTENTS,APP_CMT_DATE,APP_CMT_DEL) values (31,58,'test1','댓글입니다.',to_date('21/02/18','RR/MM/DD'),null);
Insert into ST.APPROVAL_COMMENTS (APP_CMT_SEQ,APP_SEQ,APP_CMT_WRITER,APP_CMT_CONTENTS,APP_CMT_DATE,APP_CMT_DEL) values (36,121,'test2','ㄹㅇㄴㅁ',to_date('21/02/19','RR/MM/DD'),null);
Insert into ST.APPROVAL_COMMENTS (APP_CMT_SEQ,APP_SEQ,APP_CMT_WRITER,APP_CMT_CONTENTS,APP_CMT_DATE,APP_CMT_DEL) values (37,120,'1111','좋네요',to_date('21/02/19','RR/MM/DD'),null);
Insert into ST.APPROVAL_COMMENTS (APP_CMT_SEQ,APP_SEQ,APP_CMT_WRITER,APP_CMT_CONTENTS,APP_CMT_DATE,APP_CMT_DEL) values (38,124,'1111','ㅇㄴㄹㄹㅇ',to_date('21/02/19','RR/MM/DD'),null);
Insert into ST.APPROVAL_COMMENTS (APP_CMT_SEQ,APP_SEQ,APP_CMT_WRITER,APP_CMT_CONTENTS,APP_CMT_DATE,APP_CMT_DEL) values (39,125,'1111','ㄴㅇㄹㅇㄴㄹ',to_date('21/02/19','RR/MM/DD'),null);
Insert into ST.APPROVAL_COMMENTS (APP_CMT_SEQ,APP_SEQ,APP_CMT_WRITER,APP_CMT_CONTENTS,APP_CMT_DATE,APP_CMT_DEL) values (40,122,'test2','ㅇㄴㅁ',to_date('21/02/19','RR/MM/DD'),null);
Insert into ST.APPROVAL_COMMENTS (APP_CMT_SEQ,APP_SEQ,APP_CMT_WRITER,APP_CMT_CONTENTS,APP_CMT_DATE,APP_CMT_DEL) values (41,126,'1111','ㅇㄴㄹ',to_date('21/02/19','RR/MM/DD'),null);
Insert into ST.APPROVAL_COMMENTS (APP_CMT_SEQ,APP_SEQ,APP_CMT_WRITER,APP_CMT_CONTENTS,APP_CMT_DATE,APP_CMT_DEL) values (42,129,'1111','ㄴㅇㄹ',to_date('21/02/19','RR/MM/DD'),null);
Insert into ST.APPROVAL_COMMENTS (APP_CMT_SEQ,APP_SEQ,APP_CMT_WRITER,APP_CMT_CONTENTS,APP_CMT_DATE,APP_CMT_DEL) values (43,130,'1111','ㅇㄴㄹㄴㅇㄹ',to_date('21/02/19','RR/MM/DD'),null);
Insert into ST.APPROVAL_COMMENTS (APP_CMT_SEQ,APP_SEQ,APP_CMT_WRITER,APP_CMT_CONTENTS,APP_CMT_DATE,APP_CMT_DEL) values (44,130,'1111','ㄴㅇㄹㄴㄹ',to_date('21/02/19','RR/MM/DD'),null);
Insert into ST.APPROVAL_COMMENTS (APP_CMT_SEQ,APP_SEQ,APP_CMT_WRITER,APP_CMT_CONTENTS,APP_CMT_DATE,APP_CMT_DEL) values (56,153,'test1','댓댓글 작성 ',to_date('21/02/24','RR/MM/DD'),null);
Insert into ST.APPROVAL_COMMENTS (APP_CMT_SEQ,APP_SEQ,APP_CMT_WRITER,APP_CMT_CONTENTS,APP_CMT_DATE,APP_CMT_DEL) values (57,155,'test1','ㅅㄷㄴㅅ',to_date('21/02/24','RR/MM/DD'),null);
Insert into ST.APPROVAL_COMMENTS (APP_CMT_SEQ,APP_SEQ,APP_CMT_WRITER,APP_CMT_CONTENTS,APP_CMT_DATE,APP_CMT_DEL) values (70,178,'test1','의견입니다.',to_date('21/03/04','RR/MM/DD'),null);
Insert into ST.APPROVAL_COMMENTS (APP_CMT_SEQ,APP_SEQ,APP_CMT_WRITER,APP_CMT_CONTENTS,APP_CMT_DATE,APP_CMT_DEL) values (83,262,'kh2019','부장되면 그때 보내드리겠습니다.',to_date('21/03/08','RR/MM/DD'),null);
Insert into ST.APPROVAL_COMMENTS (APP_CMT_SEQ,APP_SEQ,APP_CMT_WRITER,APP_CMT_CONTENTS,APP_CMT_DATE,APP_CMT_DEL) values (85,196,'kh2004','오오왜지뭐지',to_date('21/03/08','RR/MM/DD'),null);
Insert into ST.APPROVAL_COMMENTS (APP_CMT_SEQ,APP_SEQ,APP_CMT_WRITER,APP_CMT_CONTENTS,APP_CMT_DATE,APP_CMT_DEL) values (30,58,'test1','댓글입니다.',to_date('21/02/18','RR/MM/DD'),null);
Insert into ST.APPROVAL_COMMENTS (APP_CMT_SEQ,APP_SEQ,APP_CMT_WRITER,APP_CMT_CONTENTS,APP_CMT_DATE,APP_CMT_DEL) values (32,109,'1111','이런이런..',to_date('21/02/19','RR/MM/DD'),null);
Insert into ST.APPROVAL_COMMENTS (APP_CMT_SEQ,APP_SEQ,APP_CMT_WRITER,APP_CMT_CONTENTS,APP_CMT_DATE,APP_CMT_DEL) values (33,115,'test2','ㅇㄴㅁ',to_date('21/02/19','RR/MM/DD'),null);
Insert into ST.APPROVAL_COMMENTS (APP_CMT_SEQ,APP_SEQ,APP_CMT_WRITER,APP_CMT_CONTENTS,APP_CMT_DATE,APP_CMT_DEL) values (34,118,'test2','ㄹㅇㄴㅁㄹㅇㄴㅁㄹㅇㄴㅁㄹ',to_date('21/02/19','RR/MM/DD'),null);
Insert into ST.APPROVAL_COMMENTS (APP_CMT_SEQ,APP_SEQ,APP_CMT_WRITER,APP_CMT_CONTENTS,APP_CMT_DATE,APP_CMT_DEL) values (35,119,'test2','ㄹㅇㄴㅁㄹㅇㄴㅁ',to_date('21/02/19','RR/MM/DD'),null);
Insert into ST.APPROVAL_COMMENTS (APP_CMT_SEQ,APP_SEQ,APP_CMT_WRITER,APP_CMT_CONTENTS,APP_CMT_DATE,APP_CMT_DEL) values (45,123,'1111','ㄴㅇㄹ',to_date('21/02/19','RR/MM/DD'),null);
Insert into ST.APPROVAL_COMMENTS (APP_CMT_SEQ,APP_SEQ,APP_CMT_WRITER,APP_CMT_CONTENTS,APP_CMT_DATE,APP_CMT_DEL) values (46,132,'test2','ㅇㄹㄴㅁㄹㅇㄴㅁ',to_date('21/02/19','RR/MM/DD'),null);
Insert into ST.APPROVAL_COMMENTS (APP_CMT_SEQ,APP_SEQ,APP_CMT_WRITER,APP_CMT_CONTENTS,APP_CMT_DATE,APP_CMT_DEL) values (47,133,'test2','ㄹㅇㄴㅁ',to_date('21/02/19','RR/MM/DD'),to_date('21/02/19','RR/MM/DD'));
Insert into ST.APPROVAL_COMMENTS (APP_CMT_SEQ,APP_SEQ,APP_CMT_WRITER,APP_CMT_CONTENTS,APP_CMT_DATE,APP_CMT_DEL) values (48,120,'test2','ㄱㅈㄷ',to_date('21/02/19','RR/MM/DD'),null);
Insert into ST.APPROVAL_COMMENTS (APP_CMT_SEQ,APP_SEQ,APP_CMT_WRITER,APP_CMT_CONTENTS,APP_CMT_DATE,APP_CMT_DEL) values (49,135,'1111','ㅇㄴㄹ',to_date('21/02/19','RR/MM/DD'),null);
Insert into ST.APPROVAL_COMMENTS (APP_CMT_SEQ,APP_SEQ,APP_CMT_WRITER,APP_CMT_CONTENTS,APP_CMT_DATE,APP_CMT_DEL) values (50,107,'test1','의견있습니다.',to_date('21/02/19','RR/MM/DD'),to_date('21/02/19','RR/MM/DD'));
Insert into ST.APPROVAL_COMMENTS (APP_CMT_SEQ,APP_SEQ,APP_CMT_WRITER,APP_CMT_CONTENTS,APP_CMT_DATE,APP_CMT_DEL) values (51,137,'1111','ㅇㄴㄹ',to_date('21/02/19','RR/MM/DD'),null);
Insert into ST.APPROVAL_COMMENTS (APP_CMT_SEQ,APP_SEQ,APP_CMT_WRITER,APP_CMT_CONTENTS,APP_CMT_DATE,APP_CMT_DEL) values (52,137,'1111','ㄴㅇㄹㅇㄹㄹ',to_date('21/02/19','RR/MM/DD'),null);
Insert into ST.APPROVAL_COMMENTS (APP_CMT_SEQ,APP_SEQ,APP_CMT_WRITER,APP_CMT_CONTENTS,APP_CMT_DATE,APP_CMT_DEL) values (53,138,'test2','ㄹㅇㅁ',to_date('21/02/19','RR/MM/DD'),null);
Insert into ST.APPROVAL_COMMENTS (APP_CMT_SEQ,APP_SEQ,APP_CMT_WRITER,APP_CMT_CONTENTS,APP_CMT_DATE,APP_CMT_DEL) values (54,139,'test2','ㄹㅇㄴㅁ',to_date('21/02/19','RR/MM/DD'),to_date('21/02/19','RR/MM/DD'));
Insert into ST.APPROVAL_COMMENTS (APP_CMT_SEQ,APP_SEQ,APP_CMT_WRITER,APP_CMT_CONTENTS,APP_CMT_DATE,APP_CMT_DEL) values (55,136,'test2','ㅇㄴㅁ',to_date('21/02/19','RR/MM/DD'),to_date('21/02/19','RR/MM/DD'));
Insert into ST.APPROVAL_COMMENTS (APP_CMT_SEQ,APP_SEQ,APP_CMT_WRITER,APP_CMT_CONTENTS,APP_CMT_DATE,APP_CMT_DEL) values (66,169,'test4','tttt',to_date('21/02/26','RR/MM/DD'),null);
Insert into ST.APPROVAL_COMMENTS (APP_CMT_SEQ,APP_SEQ,APP_CMT_WRITER,APP_CMT_CONTENTS,APP_CMT_DATE,APP_CMT_DEL) values (67,170,'test4','루룰',to_date('21/02/26','RR/MM/DD'),null);
Insert into ST.APPROVAL_COMMENTS (APP_CMT_SEQ,APP_SEQ,APP_CMT_WRITER,APP_CMT_CONTENTS,APP_CMT_DATE,APP_CMT_DEL) values (68,170,'test4','신기하구만~~~',to_date('21/02/26','RR/MM/DD'),null);
Insert into ST.APPROVAL_COMMENTS (APP_CMT_SEQ,APP_SEQ,APP_CMT_WRITER,APP_CMT_CONTENTS,APP_CMT_DATE,APP_CMT_DEL) values (72,266,'kh2016','에게? 배짱이 좀 작으시네 ',to_date('21/03/08','RR/MM/DD'),null);
Insert into ST.APPROVAL_COMMENTS (APP_CMT_SEQ,APP_SEQ,APP_CMT_WRITER,APP_CMT_CONTENTS,APP_CMT_DATE,APP_CMT_DEL) values (81,176,'kh2001','176_contents176_contents176_contents176_contents176_contents176_contents176_contents176_contents176_contents176_contents176_contents176_contents176_contents176_contents176_contents176_contents176_contents176_contents176_contents176_contents176_contents176_contents176_contents176_contents176_contents',to_date('21/03/08','RR/MM/DD'),to_date('21/03/08','RR/MM/DD'));
Insert into ST.APPROVAL_COMMENTS (APP_CMT_SEQ,APP_SEQ,APP_CMT_WRITER,APP_CMT_CONTENTS,APP_CMT_DATE,APP_CMT_DEL) values (82,266,'kh2006','점심식대 2만원이면 후한거지 우씨. ',to_date('21/03/08','RR/MM/DD'),null);
Insert into ST.APPROVAL_COMMENTS (APP_CMT_SEQ,APP_SEQ,APP_CMT_WRITER,APP_CMT_CONTENTS,APP_CMT_DATE,APP_CMT_DEL) values (27,70,'test1','ㅅㄷㄴㅅ',to_date('21/02/07','RR/MM/DD'),null);
Insert into ST.APPROVAL_COMMENTS (APP_CMT_SEQ,APP_SEQ,APP_CMT_WRITER,APP_CMT_CONTENTS,APP_CMT_DATE,APP_CMT_DEL) values (28,70,'test1','ㄴㅅㄴㄷ',to_date('21/02/07','RR/MM/DD'),null);
Insert into ST.APPROVAL_COMMENTS (APP_CMT_SEQ,APP_SEQ,APP_CMT_WRITER,APP_CMT_CONTENTS,APP_CMT_DATE,APP_CMT_DEL) values (29,108,'1111','아직도 하는 중 ',to_date('21/02/15','RR/MM/DD'),null);
Insert into ST.APPROVAL_COMMENTS (APP_CMT_SEQ,APP_SEQ,APP_CMT_WRITER,APP_CMT_CONTENTS,APP_CMT_DATE,APP_CMT_DEL) values (58,156,'test1','댓글 테스트',to_date('21/02/24','RR/MM/DD'),null);
Insert into ST.APPROVAL_COMMENTS (APP_CMT_SEQ,APP_SEQ,APP_CMT_WRITER,APP_CMT_CONTENTS,APP_CMT_DATE,APP_CMT_DEL) values (59,159,'test1','댓글 테스트',to_date('21/02/24','RR/MM/DD'),null);
Insert into ST.APPROVAL_COMMENTS (APP_CMT_SEQ,APP_SEQ,APP_CMT_WRITER,APP_CMT_CONTENTS,APP_CMT_DATE,APP_CMT_DEL) values (1,70,'test1','댓글 테스트',to_date('21/02/07','RR/MM/DD'),to_date('21/02/07','RR/MM/DD'));
Insert into ST.APPROVAL_COMMENTS (APP_CMT_SEQ,APP_SEQ,APP_CMT_WRITER,APP_CMT_CONTENTS,APP_CMT_DATE,APP_CMT_DEL) values (2,70,'test1','댓글 테스트2',to_date('21/02/07','RR/MM/DD'),to_date('21/02/07','RR/MM/DD'));
Insert into ST.APPROVAL_COMMENTS (APP_CMT_SEQ,APP_SEQ,APP_CMT_WRITER,APP_CMT_CONTENTS,APP_CMT_DATE,APP_CMT_DEL) values (3,70,'test1','댓글 테스트3',to_date('21/02/07','RR/MM/DD'),to_date('21/02/07','RR/MM/DD'));
Insert into ST.APPROVAL_COMMENTS (APP_CMT_SEQ,APP_SEQ,APP_CMT_WRITER,APP_CMT_CONTENTS,APP_CMT_DATE,APP_CMT_DEL) values (9,70,'test1','댓9',to_date('21/02/07','RR/MM/DD'),null);
Insert into ST.APPROVAL_COMMENTS (APP_CMT_SEQ,APP_SEQ,APP_CMT_WRITER,APP_CMT_CONTENTS,APP_CMT_DATE,APP_CMT_DEL) values (10,70,'test1','댓10',to_date('21/02/07','RR/MM/DD'),null);
Insert into ST.APPROVAL_COMMENTS (APP_CMT_SEQ,APP_SEQ,APP_CMT_WRITER,APP_CMT_CONTENTS,APP_CMT_DATE,APP_CMT_DEL) values (11,70,'test1','댓글 테스트10',to_date('21/02/07','RR/MM/DD'),null);
Insert into ST.APPROVAL_COMMENTS (APP_CMT_SEQ,APP_SEQ,APP_CMT_WRITER,APP_CMT_CONTENTS,APP_CMT_DATE,APP_CMT_DEL) values (12,70,'test1','댓11',to_date('21/02/07','RR/MM/DD'),to_date('21/02/07','RR/MM/DD'));
Insert into ST.APPROVAL_COMMENTS (APP_CMT_SEQ,APP_SEQ,APP_CMT_WRITER,APP_CMT_CONTENTS,APP_CMT_DATE,APP_CMT_DEL) values (13,70,'test1','댓글 테스트 12',to_date('21/02/07','RR/MM/DD'),null);
Insert into ST.APPROVAL_COMMENTS (APP_CMT_SEQ,APP_SEQ,APP_CMT_WRITER,APP_CMT_CONTENTS,APP_CMT_DATE,APP_CMT_DEL) values (60,51,'test4','test',to_date('21/02/25','RR/MM/DD'),null);
Insert into ST.APPROVAL_COMMENTS (APP_CMT_SEQ,APP_SEQ,APP_CMT_WRITER,APP_CMT_CONTENTS,APP_CMT_DATE,APP_CMT_DEL) values (61,67,'test4','trest',to_date('21/02/25','RR/MM/DD'),to_date('21/02/25','RR/MM/DD'));
Insert into ST.APPROVAL_COMMENTS (APP_CMT_SEQ,APP_SEQ,APP_CMT_WRITER,APP_CMT_CONTENTS,APP_CMT_DATE,APP_CMT_DEL) values (62,67,'test4','test',to_date('21/02/25','RR/MM/DD'),to_date('21/02/25','RR/MM/DD'));
Insert into ST.APPROVAL_COMMENTS (APP_CMT_SEQ,APP_SEQ,APP_CMT_WRITER,APP_CMT_CONTENTS,APP_CMT_DATE,APP_CMT_DEL) values (63,67,'test4','test',to_date('21/02/25','RR/MM/DD'),null);
Insert into ST.APPROVAL_COMMENTS (APP_CMT_SEQ,APP_SEQ,APP_CMT_WRITER,APP_CMT_CONTENTS,APP_CMT_DATE,APP_CMT_DEL) values (64,107,'test1','test',to_date('21/02/25','RR/MM/DD'),null);
Insert into ST.APPROVAL_COMMENTS (APP_CMT_SEQ,APP_SEQ,APP_CMT_WRITER,APP_CMT_CONTENTS,APP_CMT_DATE,APP_CMT_DEL) values (65,119,'test4','ㅅㄷㄴㅅ',to_date('21/02/26','RR/MM/DD'),null);
Insert into ST.APPROVAL_COMMENTS (APP_CMT_SEQ,APP_SEQ,APP_CMT_WRITER,APP_CMT_CONTENTS,APP_CMT_DATE,APP_CMT_DEL) values (69,137,'1111','ㅇㅅㅇ',to_date('21/02/28','RR/MM/DD'),null);
Insert into ST.APPROVAL_COMMENTS (APP_CMT_SEQ,APP_SEQ,APP_CMT_WRITER,APP_CMT_CONTENTS,APP_CMT_DATE,APP_CMT_DEL) values (71,196,'kh2004','결재 / 반송버튼을 눌러보세요!',to_date('21/03/05','RR/MM/DD'),to_date('21/03/08','RR/MM/DD'));
REM INSERTING into ST.APPROVAL_SIGN
SET DEFINE OFF;
Insert into ST.APPROVAL_SIGN (APP_SEQ,APP_SIGN_ID,APP_SIGN_ORDER,APP_SIGN_DATE,APP_SIGN_ACCEPT,APP_SIGN_TYPE_CODE) values (49,'test7',1,null,'N',0);
Insert into ST.APPROVAL_SIGN (APP_SEQ,APP_SIGN_ID,APP_SIGN_ORDER,APP_SIGN_DATE,APP_SIGN_ACCEPT,APP_SIGN_TYPE_CODE) values (51,'test4',-1,null,'N',1);
Insert into ST.APPROVAL_SIGN (APP_SEQ,APP_SIGN_ID,APP_SIGN_ORDER,APP_SIGN_DATE,APP_SIGN_ACCEPT,APP_SIGN_TYPE_CODE) values (51,'test3',1,null,'N',0);
Insert into ST.APPROVAL_SIGN (APP_SEQ,APP_SIGN_ID,APP_SIGN_ORDER,APP_SIGN_DATE,APP_SIGN_ACCEPT,APP_SIGN_TYPE_CODE) values (57,'test1',1,to_date('21/02/07','RR/MM/DD'),'N',0);
Insert into ST.APPROVAL_SIGN (APP_SEQ,APP_SIGN_ID,APP_SIGN_ORDER,APP_SIGN_DATE,APP_SIGN_ACCEPT,APP_SIGN_TYPE_CODE) values (57,'test6',-1,null,'N',1);
Insert into ST.APPROVAL_SIGN (APP_SEQ,APP_SIGN_ID,APP_SIGN_ORDER,APP_SIGN_DATE,APP_SIGN_ACCEPT,APP_SIGN_TYPE_CODE) values (57,'test2',-1,null,'N',1);
Insert into ST.APPROVAL_SIGN (APP_SEQ,APP_SIGN_ID,APP_SIGN_ORDER,APP_SIGN_DATE,APP_SIGN_ACCEPT,APP_SIGN_TYPE_CODE) values (62,'test1',1,to_date('21/02/05','RR/MM/DD'),'Y',0);
Insert into ST.APPROVAL_SIGN (APP_SEQ,APP_SIGN_ID,APP_SIGN_ORDER,APP_SIGN_DATE,APP_SIGN_ACCEPT,APP_SIGN_TYPE_CODE) values (63,'test1',1,to_date('21/02/05','RR/MM/DD'),'N',0);
Insert into ST.APPROVAL_SIGN (APP_SEQ,APP_SIGN_ID,APP_SIGN_ORDER,APP_SIGN_DATE,APP_SIGN_ACCEPT,APP_SIGN_TYPE_CODE) values (64,'test1',1,to_date('21/02/05','RR/MM/DD'),'Y',0);
Insert into ST.APPROVAL_SIGN (APP_SEQ,APP_SIGN_ID,APP_SIGN_ORDER,APP_SIGN_DATE,APP_SIGN_ACCEPT,APP_SIGN_TYPE_CODE) values (64,'test3',-1,null,'N',1);
Insert into ST.APPROVAL_SIGN (APP_SEQ,APP_SIGN_ID,APP_SIGN_ORDER,APP_SIGN_DATE,APP_SIGN_ACCEPT,APP_SIGN_TYPE_CODE) values (64,'test2',-1,null,'N',1);
Insert into ST.APPROVAL_SIGN (APP_SEQ,APP_SIGN_ID,APP_SIGN_ORDER,APP_SIGN_DATE,APP_SIGN_ACCEPT,APP_SIGN_TYPE_CODE) values (64,'test6',-1,null,'N',1);
Insert into ST.APPROVAL_SIGN (APP_SEQ,APP_SIGN_ID,APP_SIGN_ORDER,APP_SIGN_DATE,APP_SIGN_ACCEPT,APP_SIGN_TYPE_CODE) values (64,'1111',-1,null,'N',1);
Insert into ST.APPROVAL_SIGN (APP_SEQ,APP_SIGN_ID,APP_SIGN_ORDER,APP_SIGN_DATE,APP_SIGN_ACCEPT,APP_SIGN_TYPE_CODE) values (111,'test6',-1,null,'N',1);
Insert into ST.APPROVAL_SIGN (APP_SEQ,APP_SIGN_ID,APP_SIGN_ORDER,APP_SIGN_DATE,APP_SIGN_ACCEPT,APP_SIGN_TYPE_CODE) values (111,'1111',-1,null,'N',1);
Insert into ST.APPROVAL_SIGN (APP_SEQ,APP_SIGN_ID,APP_SIGN_ORDER,APP_SIGN_DATE,APP_SIGN_ACCEPT,APP_SIGN_TYPE_CODE) values (111,'test1',1,null,'N',0);
Insert into ST.APPROVAL_SIGN (APP_SEQ,APP_SIGN_ID,APP_SIGN_ORDER,APP_SIGN_DATE,APP_SIGN_ACCEPT,APP_SIGN_TYPE_CODE) values (111,'test2',2,null,'N',0);
Insert into ST.APPROVAL_SIGN (APP_SEQ,APP_SIGN_ID,APP_SIGN_ORDER,APP_SIGN_DATE,APP_SIGN_ACCEPT,APP_SIGN_TYPE_CODE) values (112,'test1',1,null,'N',0);
Insert into ST.APPROVAL_SIGN (APP_SEQ,APP_SIGN_ID,APP_SIGN_ORDER,APP_SIGN_DATE,APP_SIGN_ACCEPT,APP_SIGN_TYPE_CODE) values (146,'test1',1,to_date('21/02/23','RR/MM/DD'),'Y',0);
Insert into ST.APPROVAL_SIGN (APP_SEQ,APP_SIGN_ID,APP_SIGN_ORDER,APP_SIGN_DATE,APP_SIGN_ACCEPT,APP_SIGN_TYPE_CODE) values (179,'1111',1,to_date('21/03/05','RR/MM/DD'),'Y',0);
Insert into ST.APPROVAL_SIGN (APP_SEQ,APP_SIGN_ID,APP_SIGN_ORDER,APP_SIGN_DATE,APP_SIGN_ACCEPT,APP_SIGN_TYPE_CODE) values (180,'1111',1,to_date('21/03/05','RR/MM/DD'),'N',0);
Insert into ST.APPROVAL_SIGN (APP_SEQ,APP_SIGN_ID,APP_SIGN_ORDER,APP_SIGN_DATE,APP_SIGN_ACCEPT,APP_SIGN_TYPE_CODE) values (181,'test1',1,null,'N',0);
Insert into ST.APPROVAL_SIGN (APP_SEQ,APP_SIGN_ID,APP_SIGN_ORDER,APP_SIGN_DATE,APP_SIGN_ACCEPT,APP_SIGN_TYPE_CODE) values (182,'test1',1,null,'N',0);
Insert into ST.APPROVAL_SIGN (APP_SEQ,APP_SIGN_ID,APP_SIGN_ORDER,APP_SIGN_DATE,APP_SIGN_ACCEPT,APP_SIGN_TYPE_CODE) values (182,'kh2010',2,null,'N',0);
Insert into ST.APPROVAL_SIGN (APP_SEQ,APP_SIGN_ID,APP_SIGN_ORDER,APP_SIGN_DATE,APP_SIGN_ACCEPT,APP_SIGN_TYPE_CODE) values (182,'kh2002',3,null,'N',0);
Insert into ST.APPROVAL_SIGN (APP_SEQ,APP_SIGN_ID,APP_SIGN_ORDER,APP_SIGN_DATE,APP_SIGN_ACCEPT,APP_SIGN_TYPE_CODE) values (182,'DWGghost',4,null,'N',0);
Insert into ST.APPROVAL_SIGN (APP_SEQ,APP_SIGN_ID,APP_SIGN_ORDER,APP_SIGN_DATE,APP_SIGN_ACCEPT,APP_SIGN_TYPE_CODE) values (182,'kh2016',5,null,'N',0);
Insert into ST.APPROVAL_SIGN (APP_SEQ,APP_SIGN_ID,APP_SIGN_ORDER,APP_SIGN_DATE,APP_SIGN_ACCEPT,APP_SIGN_TYPE_CODE) values (185,'kh2002',1,to_date('21/03/05','RR/MM/DD'),'Y',0);
Insert into ST.APPROVAL_SIGN (APP_SEQ,APP_SIGN_ID,APP_SIGN_ORDER,APP_SIGN_DATE,APP_SIGN_ACCEPT,APP_SIGN_TYPE_CODE) values (185,'kh2016',2,to_date('21/03/08','RR/MM/DD'),'Y',0);
Insert into ST.APPROVAL_SIGN (APP_SEQ,APP_SIGN_ID,APP_SIGN_ORDER,APP_SIGN_DATE,APP_SIGN_ACCEPT,APP_SIGN_TYPE_CODE) values (185,'kh2022',-1,null,'N',1);
Insert into ST.APPROVAL_SIGN (APP_SEQ,APP_SIGN_ID,APP_SIGN_ORDER,APP_SIGN_DATE,APP_SIGN_ACCEPT,APP_SIGN_TYPE_CODE) values (185,'kh2012',-1,null,'N',1);
Insert into ST.APPROVAL_SIGN (APP_SEQ,APP_SIGN_ID,APP_SIGN_ORDER,APP_SIGN_DATE,APP_SIGN_ACCEPT,APP_SIGN_TYPE_CODE) values (185,'kh2019',-1,null,'N',1);
Insert into ST.APPROVAL_SIGN (APP_SEQ,APP_SIGN_ID,APP_SIGN_ORDER,APP_SIGN_DATE,APP_SIGN_ACCEPT,APP_SIGN_TYPE_CODE) values (185,'kh2007',3,to_date('21/03/08','RR/MM/DD'),'Y',0);
Insert into ST.APPROVAL_SIGN (APP_SEQ,APP_SIGN_ID,APP_SIGN_ORDER,APP_SIGN_DATE,APP_SIGN_ACCEPT,APP_SIGN_TYPE_CODE) values (212,'1111',1,null,'N',0);
Insert into ST.APPROVAL_SIGN (APP_SEQ,APP_SIGN_ID,APP_SIGN_ORDER,APP_SIGN_DATE,APP_SIGN_ACCEPT,APP_SIGN_TYPE_CODE) values (213,'1111',1,null,'N',0);
Insert into ST.APPROVAL_SIGN (APP_SEQ,APP_SIGN_ID,APP_SIGN_ORDER,APP_SIGN_DATE,APP_SIGN_ACCEPT,APP_SIGN_TYPE_CODE) values (215,'test1',1,null,'N',0);
Insert into ST.APPROVAL_SIGN (APP_SEQ,APP_SIGN_ID,APP_SIGN_ORDER,APP_SIGN_DATE,APP_SIGN_ACCEPT,APP_SIGN_TYPE_CODE) values (216,'test1',1,to_date('21/03/08','RR/MM/DD'),'Y',0);
Insert into ST.APPROVAL_SIGN (APP_SEQ,APP_SIGN_ID,APP_SIGN_ORDER,APP_SIGN_DATE,APP_SIGN_ACCEPT,APP_SIGN_TYPE_CODE) values (216,'kh2010',2,to_date('21/03/08','RR/MM/DD'),'Y',0);
Insert into ST.APPROVAL_SIGN (APP_SEQ,APP_SIGN_ID,APP_SIGN_ORDER,APP_SIGN_DATE,APP_SIGN_ACCEPT,APP_SIGN_TYPE_CODE) values (216,'kh2002',3,to_date('21/03/08','RR/MM/DD'),'Y',0);
Insert into ST.APPROVAL_SIGN (APP_SEQ,APP_SIGN_ID,APP_SIGN_ORDER,APP_SIGN_DATE,APP_SIGN_ACCEPT,APP_SIGN_TYPE_CODE) values (216,'kh2016',4,to_date('21/03/08','RR/MM/DD'),'Y',0);
Insert into ST.APPROVAL_SIGN (APP_SEQ,APP_SIGN_ID,APP_SIGN_ORDER,APP_SIGN_DATE,APP_SIGN_ACCEPT,APP_SIGN_TYPE_CODE) values (267,'kh2016',1,to_date('21/03/08','RR/MM/DD'),'Y',0);
Insert into ST.APPROVAL_SIGN (APP_SEQ,APP_SIGN_ID,APP_SIGN_ORDER,APP_SIGN_DATE,APP_SIGN_ACCEPT,APP_SIGN_TYPE_CODE) values (267,'kh2002',2,to_date('21/03/08','RR/MM/DD'),'Y',0);
Insert into ST.APPROVAL_SIGN (APP_SEQ,APP_SIGN_ID,APP_SIGN_ORDER,APP_SIGN_DATE,APP_SIGN_ACCEPT,APP_SIGN_TYPE_CODE) values (268,'kh2011',1,to_date('21/03/08','RR/MM/DD'),'Y',0);
Insert into ST.APPROVAL_SIGN (APP_SEQ,APP_SIGN_ID,APP_SIGN_ORDER,APP_SIGN_DATE,APP_SIGN_ACCEPT,APP_SIGN_TYPE_CODE) values (268,'kh2008',2,null,'N',0);
Insert into ST.APPROVAL_SIGN (APP_SEQ,APP_SIGN_ID,APP_SIGN_ORDER,APP_SIGN_DATE,APP_SIGN_ACCEPT,APP_SIGN_TYPE_CODE) values (269,'kh2005',1,to_date('21/03/08','RR/MM/DD'),'Y',0);
Insert into ST.APPROVAL_SIGN (APP_SEQ,APP_SIGN_ID,APP_SIGN_ORDER,APP_SIGN_DATE,APP_SIGN_ACCEPT,APP_SIGN_TYPE_CODE) values (269,'kh2007',2,to_date('21/03/08','RR/MM/DD'),'Y',0);
Insert into ST.APPROVAL_SIGN (APP_SEQ,APP_SIGN_ID,APP_SIGN_ORDER,APP_SIGN_DATE,APP_SIGN_ACCEPT,APP_SIGN_TYPE_CODE) values (269,'kh2017',-1,null,'N',1);
Insert into ST.APPROVAL_SIGN (APP_SEQ,APP_SIGN_ID,APP_SIGN_ORDER,APP_SIGN_DATE,APP_SIGN_ACCEPT,APP_SIGN_TYPE_CODE) values (269,'kh2000',3,to_date('21/03/08','RR/MM/DD'),'Y',0);
Insert into ST.APPROVAL_SIGN (APP_SEQ,APP_SIGN_ID,APP_SIGN_ORDER,APP_SIGN_DATE,APP_SIGN_ACCEPT,APP_SIGN_TYPE_CODE) values (270,'kh2006',1,null,'N',0);
Insert into ST.APPROVAL_SIGN (APP_SEQ,APP_SIGN_ID,APP_SIGN_ORDER,APP_SIGN_DATE,APP_SIGN_ACCEPT,APP_SIGN_TYPE_CODE) values (270,'kh2008',2,null,'N',0);
Insert into ST.APPROVAL_SIGN (APP_SEQ,APP_SIGN_ID,APP_SIGN_ORDER,APP_SIGN_DATE,APP_SIGN_ACCEPT,APP_SIGN_TYPE_CODE) values (270,'stj0000',3,null,'N',0);
Insert into ST.APPROVAL_SIGN (APP_SEQ,APP_SIGN_ID,APP_SIGN_ORDER,APP_SIGN_DATE,APP_SIGN_ACCEPT,APP_SIGN_TYPE_CODE) values (271,'kh2012',1,to_date('21/03/08','RR/MM/DD'),'N',0);
Insert into ST.APPROVAL_SIGN (APP_SEQ,APP_SIGN_ID,APP_SIGN_ORDER,APP_SIGN_DATE,APP_SIGN_ACCEPT,APP_SIGN_TYPE_CODE) values (272,'test1',1,to_date('21/03/08','RR/MM/DD'),'Y',0);
Insert into ST.APPROVAL_SIGN (APP_SEQ,APP_SIGN_ID,APP_SIGN_ORDER,APP_SIGN_DATE,APP_SIGN_ACCEPT,APP_SIGN_TYPE_CODE) values (272,'kh2010',2,to_date('21/03/08','RR/MM/DD'),'N',2);
Insert into ST.APPROVAL_SIGN (APP_SEQ,APP_SIGN_ID,APP_SIGN_ORDER,APP_SIGN_DATE,APP_SIGN_ACCEPT,APP_SIGN_TYPE_CODE) values (272,'kh2016',3,null,'N',0);
Insert into ST.APPROVAL_SIGN (APP_SEQ,APP_SIGN_ID,APP_SIGN_ORDER,APP_SIGN_DATE,APP_SIGN_ACCEPT,APP_SIGN_TYPE_CODE) values (272,'kh2002',-1,null,'N',1);
Insert into ST.APPROVAL_SIGN (APP_SEQ,APP_SIGN_ID,APP_SIGN_ORDER,APP_SIGN_DATE,APP_SIGN_ACCEPT,APP_SIGN_TYPE_CODE) values (273,'kh2011',1,to_date('21/03/08','RR/MM/DD'),'Y',0);
Insert into ST.APPROVAL_SIGN (APP_SEQ,APP_SIGN_ID,APP_SIGN_ORDER,APP_SIGN_DATE,APP_SIGN_ACCEPT,APP_SIGN_TYPE_CODE) values (274,'kh2004',2,to_date('21/03/08','RR/MM/DD'),'Y',0);
Insert into ST.APPROVAL_SIGN (APP_SEQ,APP_SIGN_ID,APP_SIGN_ORDER,APP_SIGN_DATE,APP_SIGN_ACCEPT,APP_SIGN_TYPE_CODE) values (274,'kh2001',1,to_date('21/03/08','RR/MM/DD'),'Y',0);
Insert into ST.APPROVAL_SIGN (APP_SEQ,APP_SIGN_ID,APP_SIGN_ORDER,APP_SIGN_DATE,APP_SIGN_ACCEPT,APP_SIGN_TYPE_CODE) values (274,'kh2010',3,to_date('21/03/08','RR/MM/DD'),'Y',0);
Insert into ST.APPROVAL_SIGN (APP_SEQ,APP_SIGN_ID,APP_SIGN_ORDER,APP_SIGN_DATE,APP_SIGN_ACCEPT,APP_SIGN_TYPE_CODE) values (274,'kh2012',4,null,'N',0);
Insert into ST.APPROVAL_SIGN (APP_SEQ,APP_SIGN_ID,APP_SIGN_ORDER,APP_SIGN_DATE,APP_SIGN_ACCEPT,APP_SIGN_TYPE_CODE) values (275,'kh2008',2,to_date('21/03/08','RR/MM/DD'),'Y',0);
Insert into ST.APPROVAL_SIGN (APP_SEQ,APP_SIGN_ID,APP_SIGN_ORDER,APP_SIGN_DATE,APP_SIGN_ACCEPT,APP_SIGN_TYPE_CODE) values (275,'kh2016',1,to_date('21/03/08','RR/MM/DD'),'Y',0);
Insert into ST.APPROVAL_SIGN (APP_SEQ,APP_SIGN_ID,APP_SIGN_ORDER,APP_SIGN_DATE,APP_SIGN_ACCEPT,APP_SIGN_TYPE_CODE) values (280,'kh2012',1,to_date('21/03/08','RR/MM/DD'),'N',0);
Insert into ST.APPROVAL_SIGN (APP_SEQ,APP_SIGN_ID,APP_SIGN_ORDER,APP_SIGN_DATE,APP_SIGN_ACCEPT,APP_SIGN_TYPE_CODE) values (282,'kh2022',1,to_date('21/03/08','RR/MM/DD'),'Y',0);
Insert into ST.APPROVAL_SIGN (APP_SEQ,APP_SIGN_ID,APP_SIGN_ORDER,APP_SIGN_DATE,APP_SIGN_ACCEPT,APP_SIGN_TYPE_CODE) values (282,'admin',2,null,'N',0);
Insert into ST.APPROVAL_SIGN (APP_SEQ,APP_SIGN_ID,APP_SIGN_ORDER,APP_SIGN_DATE,APP_SIGN_ACCEPT,APP_SIGN_TYPE_CODE) values (282,'kh2019',3,null,'N',0);
Insert into ST.APPROVAL_SIGN (APP_SEQ,APP_SIGN_ID,APP_SIGN_ORDER,APP_SIGN_DATE,APP_SIGN_ACCEPT,APP_SIGN_TYPE_CODE) values (282,'kh2012',4,null,'N',0);
Insert into ST.APPROVAL_SIGN (APP_SEQ,APP_SIGN_ID,APP_SIGN_ORDER,APP_SIGN_DATE,APP_SIGN_ACCEPT,APP_SIGN_TYPE_CODE) values (283,'kh2012',1,null,'N',0);
Insert into ST.APPROVAL_SIGN (APP_SEQ,APP_SIGN_ID,APP_SIGN_ORDER,APP_SIGN_DATE,APP_SIGN_ACCEPT,APP_SIGN_TYPE_CODE) values (283,'kh2001',2,null,'N',0);
Insert into ST.APPROVAL_SIGN (APP_SEQ,APP_SIGN_ID,APP_SIGN_ORDER,APP_SIGN_DATE,APP_SIGN_ACCEPT,APP_SIGN_TYPE_CODE) values (283,'kh2020',3,null,'N',0);
Insert into ST.APPROVAL_SIGN (APP_SEQ,APP_SIGN_ID,APP_SIGN_ORDER,APP_SIGN_DATE,APP_SIGN_ACCEPT,APP_SIGN_TYPE_CODE) values (285,'kh2013',1,to_date('21/03/08','RR/MM/DD'),'Y',0);
Insert into ST.APPROVAL_SIGN (APP_SEQ,APP_SIGN_ID,APP_SIGN_ORDER,APP_SIGN_DATE,APP_SIGN_ACCEPT,APP_SIGN_TYPE_CODE) values (286,'kh2018',1,to_date('21/03/08','RR/MM/DD'),'Y',0);
Insert into ST.APPROVAL_SIGN (APP_SEQ,APP_SIGN_ID,APP_SIGN_ORDER,APP_SIGN_DATE,APP_SIGN_ACCEPT,APP_SIGN_TYPE_CODE) values (287,'kh2020',1,to_date('21/03/08','RR/MM/DD'),'Y',0);
Insert into ST.APPROVAL_SIGN (APP_SEQ,APP_SIGN_ID,APP_SIGN_ORDER,APP_SIGN_DATE,APP_SIGN_ACCEPT,APP_SIGN_TYPE_CODE) values (287,'kh2004',2,null,'N',0);
Insert into ST.APPROVAL_SIGN (APP_SEQ,APP_SIGN_ID,APP_SIGN_ORDER,APP_SIGN_DATE,APP_SIGN_ACCEPT,APP_SIGN_TYPE_CODE) values (292,'kh2015',1,to_date('21/03/08','RR/MM/DD'),'N',0);
Insert into ST.APPROVAL_SIGN (APP_SEQ,APP_SIGN_ID,APP_SIGN_ORDER,APP_SIGN_DATE,APP_SIGN_ACCEPT,APP_SIGN_TYPE_CODE) values (292,'test4',2,null,'N',0);
Insert into ST.APPROVAL_SIGN (APP_SEQ,APP_SIGN_ID,APP_SIGN_ORDER,APP_SIGN_DATE,APP_SIGN_ACCEPT,APP_SIGN_TYPE_CODE) values (47,'1111',1,to_date('21/03/05','RR/MM/DD'),'Y',0);
Insert into ST.APPROVAL_SIGN (APP_SEQ,APP_SIGN_ID,APP_SIGN_ORDER,APP_SIGN_DATE,APP_SIGN_ACCEPT,APP_SIGN_TYPE_CODE) values (47,'test3',2,null,'N',0);
Insert into ST.APPROVAL_SIGN (APP_SEQ,APP_SIGN_ID,APP_SIGN_ORDER,APP_SIGN_DATE,APP_SIGN_ACCEPT,APP_SIGN_TYPE_CODE) values (47,'test1',3,null,'N',0);
Insert into ST.APPROVAL_SIGN (APP_SEQ,APP_SIGN_ID,APP_SIGN_ORDER,APP_SIGN_DATE,APP_SIGN_ACCEPT,APP_SIGN_TYPE_CODE) values (47,'test6',4,null,'N',0);
Insert into ST.APPROVAL_SIGN (APP_SEQ,APP_SIGN_ID,APP_SIGN_ORDER,APP_SIGN_DATE,APP_SIGN_ACCEPT,APP_SIGN_TYPE_CODE) values (52,'1111',1,to_date('21/03/05','RR/MM/DD'),'Y',0);
Insert into ST.APPROVAL_SIGN (APP_SEQ,APP_SIGN_ID,APP_SIGN_ORDER,APP_SIGN_DATE,APP_SIGN_ACCEPT,APP_SIGN_TYPE_CODE) values (54,'test1',1,null,'N',0);
Insert into ST.APPROVAL_SIGN (APP_SEQ,APP_SIGN_ID,APP_SIGN_ORDER,APP_SIGN_DATE,APP_SIGN_ACCEPT,APP_SIGN_TYPE_CODE) values (55,'test1',1,null,'N',0);
Insert into ST.APPROVAL_SIGN (APP_SEQ,APP_SIGN_ID,APP_SIGN_ORDER,APP_SIGN_DATE,APP_SIGN_ACCEPT,APP_SIGN_TYPE_CODE) values (56,'test1',1,null,'N',0);
Insert into ST.APPROVAL_SIGN (APP_SEQ,APP_SIGN_ID,APP_SIGN_ORDER,APP_SIGN_DATE,APP_SIGN_ACCEPT,APP_SIGN_TYPE_CODE) values (56,'test6',2,null,'N',0);
Insert into ST.APPROVAL_SIGN (APP_SEQ,APP_SIGN_ID,APP_SIGN_ORDER,APP_SIGN_DATE,APP_SIGN_ACCEPT,APP_SIGN_TYPE_CODE) values (56,'test2',3,null,'N',0);
Insert into ST.APPROVAL_SIGN (APP_SEQ,APP_SIGN_ID,APP_SIGN_ORDER,APP_SIGN_DATE,APP_SIGN_ACCEPT,APP_SIGN_TYPE_CODE) values (56,'1111',4,null,'N',0);
Insert into ST.APPROVAL_SIGN (APP_SEQ,APP_SIGN_ID,APP_SIGN_ORDER,APP_SIGN_DATE,APP_SIGN_ACCEPT,APP_SIGN_TYPE_CODE) values (58,'test1',1,null,'N',0);
Insert into ST.APPROVAL_SIGN (APP_SEQ,APP_SIGN_ID,APP_SIGN_ORDER,APP_SIGN_DATE,APP_SIGN_ACCEPT,APP_SIGN_TYPE_CODE) values (58,'test6',-1,null,'N',1);
Insert into ST.APPROVAL_SIGN (APP_SEQ,APP_SIGN_ID,APP_SIGN_ORDER,APP_SIGN_DATE,APP_SIGN_ACCEPT,APP_SIGN_TYPE_CODE) values (58,'test2',-1,null,'N',1);
Insert into ST.APPROVAL_SIGN (APP_SEQ,APP_SIGN_ID,APP_SIGN_ORDER,APP_SIGN_DATE,APP_SIGN_ACCEPT,APP_SIGN_TYPE_CODE) values (59,'test1',1,to_date('21/02/07','RR/MM/DD'),'N',0);
Insert into ST.APPROVAL_SIGN (APP_SEQ,APP_SIGN_ID,APP_SIGN_ORDER,APP_SIGN_DATE,APP_SIGN_ACCEPT,APP_SIGN_TYPE_CODE) values (59,'test2',2,null,'N',2);
Insert into ST.APPROVAL_SIGN (APP_SEQ,APP_SIGN_ID,APP_SIGN_ORDER,APP_SIGN_DATE,APP_SIGN_ACCEPT,APP_SIGN_TYPE_CODE) values (59,'test6',2,null,'N',2);
Insert into ST.APPROVAL_SIGN (APP_SEQ,APP_SIGN_ID,APP_SIGN_ORDER,APP_SIGN_DATE,APP_SIGN_ACCEPT,APP_SIGN_TYPE_CODE) values (60,'test1',1,to_date('21/02/05','RR/MM/DD'),'N',0);
Insert into ST.APPROVAL_SIGN (APP_SEQ,APP_SIGN_ID,APP_SIGN_ORDER,APP_SIGN_DATE,APP_SIGN_ACCEPT,APP_SIGN_TYPE_CODE) values (60,'test2',2,null,'N',2);
Insert into ST.APPROVAL_SIGN (APP_SEQ,APP_SIGN_ID,APP_SIGN_ORDER,APP_SIGN_DATE,APP_SIGN_ACCEPT,APP_SIGN_TYPE_CODE) values (60,'test6',2,null,'N',2);
Insert into ST.APPROVAL_SIGN (APP_SEQ,APP_SIGN_ID,APP_SIGN_ORDER,APP_SIGN_DATE,APP_SIGN_ACCEPT,APP_SIGN_TYPE_CODE) values (61,'test1',1,null,'N',0);
Insert into ST.APPROVAL_SIGN (APP_SEQ,APP_SIGN_ID,APP_SIGN_ORDER,APP_SIGN_DATE,APP_SIGN_ACCEPT,APP_SIGN_TYPE_CODE) values (66,'test1',1,to_date('21/02/05','RR/MM/DD'),'N',0);
Insert into ST.APPROVAL_SIGN (APP_SEQ,APP_SIGN_ID,APP_SIGN_ORDER,APP_SIGN_DATE,APP_SIGN_ACCEPT,APP_SIGN_TYPE_CODE) values (67,'test1',1,to_date('21/02/05','RR/MM/DD'),'Y',0);
Insert into ST.APPROVAL_SIGN (APP_SEQ,APP_SIGN_ID,APP_SIGN_ORDER,APP_SIGN_DATE,APP_SIGN_ACCEPT,APP_SIGN_TYPE_CODE) values (67,'test2',2,to_date('21/02/19','RR/MM/DD'),'Y',0);
Insert into ST.APPROVAL_SIGN (APP_SEQ,APP_SIGN_ID,APP_SIGN_ORDER,APP_SIGN_DATE,APP_SIGN_ACCEPT,APP_SIGN_TYPE_CODE) values (67,'test6',3,null,'N',0);
Insert into ST.APPROVAL_SIGN (APP_SEQ,APP_SIGN_ID,APP_SIGN_ORDER,APP_SIGN_DATE,APP_SIGN_ACCEPT,APP_SIGN_TYPE_CODE) values (67,'test3',-1,null,'N',1);
Insert into ST.APPROVAL_SIGN (APP_SEQ,APP_SIGN_ID,APP_SIGN_ORDER,APP_SIGN_DATE,APP_SIGN_ACCEPT,APP_SIGN_TYPE_CODE) values (67,'1111',4,null,'N',2);
Insert into ST.APPROVAL_SIGN (APP_SEQ,APP_SIGN_ID,APP_SIGN_ORDER,APP_SIGN_DATE,APP_SIGN_ACCEPT,APP_SIGN_TYPE_CODE) values (67,'test4',4,null,'N',2);
Insert into ST.APPROVAL_SIGN (APP_SEQ,APP_SIGN_ID,APP_SIGN_ORDER,APP_SIGN_DATE,APP_SIGN_ACCEPT,APP_SIGN_TYPE_CODE) values (67,'test5',5,null,'N',0);
Insert into ST.APPROVAL_SIGN (APP_SEQ,APP_SIGN_ID,APP_SIGN_ORDER,APP_SIGN_DATE,APP_SIGN_ACCEPT,APP_SIGN_TYPE_CODE) values (67,'test7',6,null,'N',0);
Insert into ST.APPROVAL_SIGN (APP_SEQ,APP_SIGN_ID,APP_SIGN_ORDER,APP_SIGN_DATE,APP_SIGN_ACCEPT,APP_SIGN_TYPE_CODE) values (68,'test5',4,null,'N',2);
Insert into ST.APPROVAL_SIGN (APP_SEQ,APP_SIGN_ID,APP_SIGN_ORDER,APP_SIGN_DATE,APP_SIGN_ACCEPT,APP_SIGN_TYPE_CODE) values (68,'test7',4,null,'N',2);
Insert into ST.APPROVAL_SIGN (APP_SEQ,APP_SIGN_ID,APP_SIGN_ORDER,APP_SIGN_DATE,APP_SIGN_ACCEPT,APP_SIGN_TYPE_CODE) values (68,'test4',3,null,'N',0);
Insert into ST.APPROVAL_SIGN (APP_SEQ,APP_SIGN_ID,APP_SIGN_ORDER,APP_SIGN_DATE,APP_SIGN_ACCEPT,APP_SIGN_TYPE_CODE) values (68,'1111',2,to_date('21/02/07','RR/MM/DD'),'N',0);
Insert into ST.APPROVAL_SIGN (APP_SEQ,APP_SIGN_ID,APP_SIGN_ORDER,APP_SIGN_DATE,APP_SIGN_ACCEPT,APP_SIGN_TYPE_CODE) values (68,'test1',1,to_date('21/02/05','RR/MM/DD'),'Y',0);
Insert into ST.APPROVAL_SIGN (APP_SEQ,APP_SIGN_ID,APP_SIGN_ORDER,APP_SIGN_DATE,APP_SIGN_ACCEPT,APP_SIGN_TYPE_CODE) values (68,'test2',-1,null,'N',1);
Insert into ST.APPROVAL_SIGN (APP_SEQ,APP_SIGN_ID,APP_SIGN_ORDER,APP_SIGN_DATE,APP_SIGN_ACCEPT,APP_SIGN_TYPE_CODE) values (68,'test6',-1,null,'N',1);
Insert into ST.APPROVAL_SIGN (APP_SEQ,APP_SIGN_ID,APP_SIGN_ORDER,APP_SIGN_DATE,APP_SIGN_ACCEPT,APP_SIGN_TYPE_CODE) values (68,'hoihoi914',-1,null,'N',1);
Insert into ST.APPROVAL_SIGN (APP_SEQ,APP_SIGN_ID,APP_SIGN_ORDER,APP_SIGN_DATE,APP_SIGN_ACCEPT,APP_SIGN_TYPE_CODE) values (69,'test1',1,to_date('21/02/05','RR/MM/DD'),'Y',0);
Insert into ST.APPROVAL_SIGN (APP_SEQ,APP_SIGN_ID,APP_SIGN_ORDER,APP_SIGN_DATE,APP_SIGN_ACCEPT,APP_SIGN_TYPE_CODE) values (69,'test6',2,null,'N',0);
Insert into ST.APPROVAL_SIGN (APP_SEQ,APP_SIGN_ID,APP_SIGN_ORDER,APP_SIGN_DATE,APP_SIGN_ACCEPT,APP_SIGN_TYPE_CODE) values (69,'test2',3,null,'N',0);
Insert into ST.APPROVAL_SIGN (APP_SEQ,APP_SIGN_ID,APP_SIGN_ORDER,APP_SIGN_DATE,APP_SIGN_ACCEPT,APP_SIGN_TYPE_CODE) values (69,'test3',4,null,'N',0);
Insert into ST.APPROVAL_SIGN (APP_SEQ,APP_SIGN_ID,APP_SIGN_ORDER,APP_SIGN_DATE,APP_SIGN_ACCEPT,APP_SIGN_TYPE_CODE) values (69,'1111',5,null,'N',0);
Insert into ST.APPROVAL_SIGN (APP_SEQ,APP_SIGN_ID,APP_SIGN_ORDER,APP_SIGN_DATE,APP_SIGN_ACCEPT,APP_SIGN_TYPE_CODE) values (69,'test4',6,null,'N',0);
Insert into ST.APPROVAL_SIGN (APP_SEQ,APP_SIGN_ID,APP_SIGN_ORDER,APP_SIGN_DATE,APP_SIGN_ACCEPT,APP_SIGN_TYPE_CODE) values (69,'hoihoi914',7,null,'N',0);
Insert into ST.APPROVAL_SIGN (APP_SEQ,APP_SIGN_ID,APP_SIGN_ORDER,APP_SIGN_DATE,APP_SIGN_ACCEPT,APP_SIGN_TYPE_CODE) values (69,'test7',8,null,'N',0);
Insert into ST.APPROVAL_SIGN (APP_SEQ,APP_SIGN_ID,APP_SIGN_ORDER,APP_SIGN_DATE,APP_SIGN_ACCEPT,APP_SIGN_TYPE_CODE) values (69,'test5',9,null,'N',0);
Insert into ST.APPROVAL_SIGN (APP_SEQ,APP_SIGN_ID,APP_SIGN_ORDER,APP_SIGN_DATE,APP_SIGN_ACCEPT,APP_SIGN_TYPE_CODE) values (74,'1111',1,to_date('21/02/07','RR/MM/DD'),'Y',0);
Insert into ST.APPROVAL_SIGN (APP_SEQ,APP_SIGN_ID,APP_SIGN_ORDER,APP_SIGN_DATE,APP_SIGN_ACCEPT,APP_SIGN_TYPE_CODE) values (92,'1111',1,to_date('21/02/11','RR/MM/DD'),'Y',0);
Insert into ST.APPROVAL_SIGN (APP_SEQ,APP_SIGN_ID,APP_SIGN_ORDER,APP_SIGN_DATE,APP_SIGN_ACCEPT,APP_SIGN_TYPE_CODE) values (92,'test1',2,to_date('21/02/11','RR/MM/DD'),'Y',0);
Insert into ST.APPROVAL_SIGN (APP_SEQ,APP_SIGN_ID,APP_SIGN_ORDER,APP_SIGN_DATE,APP_SIGN_ACCEPT,APP_SIGN_TYPE_CODE) values (93,'1111',1,to_date('21/02/11','RR/MM/DD'),'N',0);
Insert into ST.APPROVAL_SIGN (APP_SEQ,APP_SIGN_ID,APP_SIGN_ORDER,APP_SIGN_DATE,APP_SIGN_ACCEPT,APP_SIGN_TYPE_CODE) values (93,'test1',2,null,'N',0);
Insert into ST.APPROVAL_SIGN (APP_SEQ,APP_SIGN_ID,APP_SIGN_ORDER,APP_SIGN_DATE,APP_SIGN_ACCEPT,APP_SIGN_TYPE_CODE) values (107,'test1',1,to_date('21/02/15','RR/MM/DD'),'Y',0);
Insert into ST.APPROVAL_SIGN (APP_SEQ,APP_SIGN_ID,APP_SIGN_ORDER,APP_SIGN_DATE,APP_SIGN_ACCEPT,APP_SIGN_TYPE_CODE) values (109,'test1',1,null,'N',0);
Insert into ST.APPROVAL_SIGN (APP_SEQ,APP_SIGN_ID,APP_SIGN_ORDER,APP_SIGN_DATE,APP_SIGN_ACCEPT,APP_SIGN_TYPE_CODE) values (109,'test6',-1,null,'N',1);
Insert into ST.APPROVAL_SIGN (APP_SEQ,APP_SIGN_ID,APP_SIGN_ORDER,APP_SIGN_DATE,APP_SIGN_ACCEPT,APP_SIGN_TYPE_CODE) values (109,'test2',-1,null,'N',1);
Insert into ST.APPROVAL_SIGN (APP_SEQ,APP_SIGN_ID,APP_SIGN_ORDER,APP_SIGN_DATE,APP_SIGN_ACCEPT,APP_SIGN_TYPE_CODE) values (109,'test3',2,null,'N',2);
Insert into ST.APPROVAL_SIGN (APP_SEQ,APP_SIGN_ID,APP_SIGN_ORDER,APP_SIGN_DATE,APP_SIGN_ACCEPT,APP_SIGN_TYPE_CODE) values (109,'1111',2,null,'N',2);
Insert into ST.APPROVAL_SIGN (APP_SEQ,APP_SIGN_ID,APP_SIGN_ORDER,APP_SIGN_DATE,APP_SIGN_ACCEPT,APP_SIGN_TYPE_CODE) values (109,'2309rpg',3,null,'N',0);
Insert into ST.APPROVAL_SIGN (APP_SEQ,APP_SIGN_ID,APP_SIGN_ORDER,APP_SIGN_DATE,APP_SIGN_ACCEPT,APP_SIGN_TYPE_CODE) values (109,'test4',4,null,'N',0);
Insert into ST.APPROVAL_SIGN (APP_SEQ,APP_SIGN_ID,APP_SIGN_ORDER,APP_SIGN_DATE,APP_SIGN_ACCEPT,APP_SIGN_TYPE_CODE) values (110,'test1',1,to_date('21/02/19','RR/MM/DD'),'Y',0);
Insert into ST.APPROVAL_SIGN (APP_SEQ,APP_SIGN_ID,APP_SIGN_ORDER,APP_SIGN_DATE,APP_SIGN_ACCEPT,APP_SIGN_TYPE_CODE) values (113,'test1',1,null,'N',0);
Insert into ST.APPROVAL_SIGN (APP_SEQ,APP_SIGN_ID,APP_SIGN_ORDER,APP_SIGN_DATE,APP_SIGN_ACCEPT,APP_SIGN_TYPE_CODE) values (113,'test2',2,null,'N',0);
Insert into ST.APPROVAL_SIGN (APP_SEQ,APP_SIGN_ID,APP_SIGN_ORDER,APP_SIGN_DATE,APP_SIGN_ACCEPT,APP_SIGN_TYPE_CODE) values (113,'test6',3,null,'N',0);
Insert into ST.APPROVAL_SIGN (APP_SEQ,APP_SIGN_ID,APP_SIGN_ORDER,APP_SIGN_DATE,APP_SIGN_ACCEPT,APP_SIGN_TYPE_CODE) values (113,'test3',4,null,'N',0);
Insert into ST.APPROVAL_SIGN (APP_SEQ,APP_SIGN_ID,APP_SIGN_ORDER,APP_SIGN_DATE,APP_SIGN_ACCEPT,APP_SIGN_TYPE_CODE) values (113,'1111',5,null,'N',0);
Insert into ST.APPROVAL_SIGN (APP_SEQ,APP_SIGN_ID,APP_SIGN_ORDER,APP_SIGN_DATE,APP_SIGN_ACCEPT,APP_SIGN_TYPE_CODE) values (113,'2309rpg',6,null,'N',0);
Insert into ST.APPROVAL_SIGN (APP_SEQ,APP_SIGN_ID,APP_SIGN_ORDER,APP_SIGN_DATE,APP_SIGN_ACCEPT,APP_SIGN_TYPE_CODE) values (113,'test4',7,null,'N',0);
Insert into ST.APPROVAL_SIGN (APP_SEQ,APP_SIGN_ID,APP_SIGN_ORDER,APP_SIGN_DATE,APP_SIGN_ACCEPT,APP_SIGN_TYPE_CODE) values (113,'test5',8,null,'N',0);
Insert into ST.APPROVAL_SIGN (APP_SEQ,APP_SIGN_ID,APP_SIGN_ORDER,APP_SIGN_DATE,APP_SIGN_ACCEPT,APP_SIGN_TYPE_CODE) values (113,'hoihoi914',9,null,'N',0);
Insert into ST.APPROVAL_SIGN (APP_SEQ,APP_SIGN_ID,APP_SIGN_ORDER,APP_SIGN_DATE,APP_SIGN_ACCEPT,APP_SIGN_TYPE_CODE) values (113,'test7',10,null,'N',0);
Insert into ST.APPROVAL_SIGN (APP_SEQ,APP_SIGN_ID,APP_SIGN_ORDER,APP_SIGN_DATE,APP_SIGN_ACCEPT,APP_SIGN_TYPE_CODE) values (121,'test2',1,to_date('21/02/19','RR/MM/DD'),'N',0);
Insert into ST.APPROVAL_SIGN (APP_SEQ,APP_SIGN_ID,APP_SIGN_ORDER,APP_SIGN_DATE,APP_SIGN_ACCEPT,APP_SIGN_TYPE_CODE) values (122,'test2',1,to_date('21/02/19','RR/MM/DD'),'Y',0);
Insert into ST.APPROVAL_SIGN (APP_SEQ,APP_SIGN_ID,APP_SIGN_ORDER,APP_SIGN_DATE,APP_SIGN_ACCEPT,APP_SIGN_TYPE_CODE) values (123,'1111',1,to_date('21/02/19','RR/MM/DD'),'N',0);
Insert into ST.APPROVAL_SIGN (APP_SEQ,APP_SIGN_ID,APP_SIGN_ORDER,APP_SIGN_DATE,APP_SIGN_ACCEPT,APP_SIGN_TYPE_CODE) values (124,'1111',1,to_date('21/03/05','RR/MM/DD'),'Y',0);
Insert into ST.APPROVAL_SIGN (APP_SEQ,APP_SIGN_ID,APP_SIGN_ORDER,APP_SIGN_DATE,APP_SIGN_ACCEPT,APP_SIGN_TYPE_CODE) values (125,'1111',1,to_date('21/03/05','RR/MM/DD'),'Y',0);
Insert into ST.APPROVAL_SIGN (APP_SEQ,APP_SIGN_ID,APP_SIGN_ORDER,APP_SIGN_DATE,APP_SIGN_ACCEPT,APP_SIGN_TYPE_CODE) values (126,'1111',1,to_date('21/03/05','RR/MM/DD'),'Y',0);
Insert into ST.APPROVAL_SIGN (APP_SEQ,APP_SIGN_ID,APP_SIGN_ORDER,APP_SIGN_DATE,APP_SIGN_ACCEPT,APP_SIGN_TYPE_CODE) values (127,'test2',1,null,'N',0);
Insert into ST.APPROVAL_SIGN (APP_SEQ,APP_SIGN_ID,APP_SIGN_ORDER,APP_SIGN_DATE,APP_SIGN_ACCEPT,APP_SIGN_TYPE_CODE) values (128,'1111',1,to_date('21/02/28','RR/MM/DD'),'Y',0);
Insert into ST.APPROVAL_SIGN (APP_SEQ,APP_SIGN_ID,APP_SIGN_ORDER,APP_SIGN_DATE,APP_SIGN_ACCEPT,APP_SIGN_TYPE_CODE) values (129,'1111',1,to_date('21/02/19','RR/MM/DD'),'Y',0);
Insert into ST.APPROVAL_SIGN (APP_SEQ,APP_SIGN_ID,APP_SIGN_ORDER,APP_SIGN_DATE,APP_SIGN_ACCEPT,APP_SIGN_TYPE_CODE) values (130,'1111',1,to_date('21/02/19','RR/MM/DD'),'Y',0);
Insert into ST.APPROVAL_SIGN (APP_SEQ,APP_SIGN_ID,APP_SIGN_ORDER,APP_SIGN_DATE,APP_SIGN_ACCEPT,APP_SIGN_TYPE_CODE) values (131,'test2',1,null,'N',0);
Insert into ST.APPROVAL_SIGN (APP_SEQ,APP_SIGN_ID,APP_SIGN_ORDER,APP_SIGN_DATE,APP_SIGN_ACCEPT,APP_SIGN_TYPE_CODE) values (153,'test1',1,null,'N',0);
Insert into ST.APPROVAL_SIGN (APP_SEQ,APP_SIGN_ID,APP_SIGN_ORDER,APP_SIGN_DATE,APP_SIGN_ACCEPT,APP_SIGN_TYPE_CODE) values (154,'test1',1,null,'N',0);
Insert into ST.APPROVAL_SIGN (APP_SEQ,APP_SIGN_ID,APP_SIGN_ORDER,APP_SIGN_DATE,APP_SIGN_ACCEPT,APP_SIGN_TYPE_CODE) values (155,'test1',1,null,'N',0);
Insert into ST.APPROVAL_SIGN (APP_SEQ,APP_SIGN_ID,APP_SIGN_ORDER,APP_SIGN_DATE,APP_SIGN_ACCEPT,APP_SIGN_TYPE_CODE) values (156,'test1',1,null,'N',0);
Insert into ST.APPROVAL_SIGN (APP_SEQ,APP_SIGN_ID,APP_SIGN_ORDER,APP_SIGN_DATE,APP_SIGN_ACCEPT,APP_SIGN_TYPE_CODE) values (166,'test4',1,to_date('21/02/26','RR/MM/DD'),'Y',0);
Insert into ST.APPROVAL_SIGN (APP_SEQ,APP_SIGN_ID,APP_SIGN_ORDER,APP_SIGN_DATE,APP_SIGN_ACCEPT,APP_SIGN_TYPE_CODE) values (166,'test1',2,to_date('21/03/08','RR/MM/DD'),'Y',0);
Insert into ST.APPROVAL_SIGN (APP_SEQ,APP_SIGN_ID,APP_SIGN_ORDER,APP_SIGN_DATE,APP_SIGN_ACCEPT,APP_SIGN_TYPE_CODE) values (166,'1111',-1,null,'N',1);
Insert into ST.APPROVAL_SIGN (APP_SEQ,APP_SIGN_ID,APP_SIGN_ORDER,APP_SIGN_DATE,APP_SIGN_ACCEPT,APP_SIGN_TYPE_CODE) values (166,'test3',-1,null,'N',1);
Insert into ST.APPROVAL_SIGN (APP_SEQ,APP_SIGN_ID,APP_SIGN_ORDER,APP_SIGN_DATE,APP_SIGN_ACCEPT,APP_SIGN_TYPE_CODE) values (166,'1004',-1,null,'N',1);
Insert into ST.APPROVAL_SIGN (APP_SEQ,APP_SIGN_ID,APP_SIGN_ORDER,APP_SIGN_DATE,APP_SIGN_ACCEPT,APP_SIGN_TYPE_CODE) values (166,'admin',-1,null,'N',1);
Insert into ST.APPROVAL_SIGN (APP_SEQ,APP_SIGN_ID,APP_SIGN_ORDER,APP_SIGN_DATE,APP_SIGN_ACCEPT,APP_SIGN_TYPE_CODE) values (171,'test7',1,to_date('21/02/27','RR/MM/DD'),'Y',0);
Insert into ST.APPROVAL_SIGN (APP_SEQ,APP_SIGN_ID,APP_SIGN_ORDER,APP_SIGN_DATE,APP_SIGN_ACCEPT,APP_SIGN_TYPE_CODE) values (171,'test4',2,null,'N',0);
Insert into ST.APPROVAL_SIGN (APP_SEQ,APP_SIGN_ID,APP_SIGN_ORDER,APP_SIGN_DATE,APP_SIGN_ACCEPT,APP_SIGN_TYPE_CODE) values (171,'1111',-1,null,'N',1);
Insert into ST.APPROVAL_SIGN (APP_SEQ,APP_SIGN_ID,APP_SIGN_ORDER,APP_SIGN_DATE,APP_SIGN_ACCEPT,APP_SIGN_TYPE_CODE) values (178,'kh2004',7,null,'N',0);
Insert into ST.APPROVAL_SIGN (APP_SEQ,APP_SIGN_ID,APP_SIGN_ORDER,APP_SIGN_DATE,APP_SIGN_ACCEPT,APP_SIGN_TYPE_CODE) values (178,'kh2013',6,null,'N',0);
Insert into ST.APPROVAL_SIGN (APP_SEQ,APP_SIGN_ID,APP_SIGN_ORDER,APP_SIGN_DATE,APP_SIGN_ACCEPT,APP_SIGN_TYPE_CODE) values (178,'kh2018',5,null,'N',0);
Insert into ST.APPROVAL_SIGN (APP_SEQ,APP_SIGN_ID,APP_SIGN_ORDER,APP_SIGN_DATE,APP_SIGN_ACCEPT,APP_SIGN_TYPE_CODE) values (178,'kh2011',4,null,'N',0);
Insert into ST.APPROVAL_SIGN (APP_SEQ,APP_SIGN_ID,APP_SIGN_ORDER,APP_SIGN_DATE,APP_SIGN_ACCEPT,APP_SIGN_TYPE_CODE) values (178,'kh2002',3,to_date('21/03/08','RR/MM/DD'),'Y',2);
Insert into ST.APPROVAL_SIGN (APP_SEQ,APP_SIGN_ID,APP_SIGN_ORDER,APP_SIGN_DATE,APP_SIGN_ACCEPT,APP_SIGN_TYPE_CODE) values (178,'kh2016',3,null,'N',2);
Insert into ST.APPROVAL_SIGN (APP_SEQ,APP_SIGN_ID,APP_SIGN_ORDER,APP_SIGN_DATE,APP_SIGN_ACCEPT,APP_SIGN_TYPE_CODE) values (178,'kh2010',2,to_date('21/03/08','RR/MM/DD'),'Y',0);
Insert into ST.APPROVAL_SIGN (APP_SEQ,APP_SIGN_ID,APP_SIGN_ORDER,APP_SIGN_DATE,APP_SIGN_ACCEPT,APP_SIGN_TYPE_CODE) values (178,'test1',1,to_date('21/03/04','RR/MM/DD'),'Y',0);
Insert into ST.APPROVAL_SIGN (APP_SEQ,APP_SIGN_ID,APP_SIGN_ORDER,APP_SIGN_DATE,APP_SIGN_ACCEPT,APP_SIGN_TYPE_CODE) values (178,'kh2009',-1,null,'N',1);
Insert into ST.APPROVAL_SIGN (APP_SEQ,APP_SIGN_ID,APP_SIGN_ORDER,APP_SIGN_DATE,APP_SIGN_ACCEPT,APP_SIGN_TYPE_CODE) values (178,'kh2015',-1,null,'N',1);
Insert into ST.APPROVAL_SIGN (APP_SEQ,APP_SIGN_ID,APP_SIGN_ORDER,APP_SIGN_DATE,APP_SIGN_ACCEPT,APP_SIGN_TYPE_CODE) values (178,'kh2001',-1,null,'N',1);
Insert into ST.APPROVAL_SIGN (APP_SEQ,APP_SIGN_ID,APP_SIGN_ORDER,APP_SIGN_DATE,APP_SIGN_ACCEPT,APP_SIGN_TYPE_CODE) values (178,'kh2003',-1,null,'N',1);
Insert into ST.APPROVAL_SIGN (APP_SEQ,APP_SIGN_ID,APP_SIGN_ORDER,APP_SIGN_DATE,APP_SIGN_ACCEPT,APP_SIGN_TYPE_CODE) values (178,'kh2019',8,null,'N',0);
Insert into ST.APPROVAL_SIGN (APP_SEQ,APP_SIGN_ID,APP_SIGN_ORDER,APP_SIGN_DATE,APP_SIGN_ACCEPT,APP_SIGN_TYPE_CODE) values (178,'kh2012',9,null,'N',0);
Insert into ST.APPROVAL_SIGN (APP_SEQ,APP_SIGN_ID,APP_SIGN_ORDER,APP_SIGN_DATE,APP_SIGN_ACCEPT,APP_SIGN_TYPE_CODE) values (178,'kh2022',10,null,'N',0);
Insert into ST.APPROVAL_SIGN (APP_SEQ,APP_SIGN_ID,APP_SIGN_ORDER,APP_SIGN_DATE,APP_SIGN_ACCEPT,APP_SIGN_TYPE_CODE) values (276,'kh2001',1,to_date('21/03/08','RR/MM/DD'),'N',0);
Insert into ST.APPROVAL_SIGN (APP_SEQ,APP_SIGN_ID,APP_SIGN_ORDER,APP_SIGN_DATE,APP_SIGN_ACCEPT,APP_SIGN_TYPE_CODE) values (277,'kh2011',1,to_date('21/03/08','RR/MM/DD'),'N',0);
Insert into ST.APPROVAL_SIGN (APP_SEQ,APP_SIGN_ID,APP_SIGN_ORDER,APP_SIGN_DATE,APP_SIGN_ACCEPT,APP_SIGN_TYPE_CODE) values (278,'kh2011',1,to_date('21/03/08','RR/MM/DD'),'N',0);
Insert into ST.APPROVAL_SIGN (APP_SEQ,APP_SIGN_ID,APP_SIGN_ORDER,APP_SIGN_DATE,APP_SIGN_ACCEPT,APP_SIGN_TYPE_CODE) values (281,'kh2010',1,to_date('21/03/08','RR/MM/DD'),'Y',0);
Insert into ST.APPROVAL_SIGN (APP_SEQ,APP_SIGN_ID,APP_SIGN_ORDER,APP_SIGN_DATE,APP_SIGN_ACCEPT,APP_SIGN_TYPE_CODE) values (281,'kh2011',2,to_date('21/03/08','RR/MM/DD'),'Y',0);
Insert into ST.APPROVAL_SIGN (APP_SEQ,APP_SIGN_ID,APP_SIGN_ORDER,APP_SIGN_DATE,APP_SIGN_ACCEPT,APP_SIGN_TYPE_CODE) values (281,'kh2012',3,null,'N',0);
Insert into ST.APPROVAL_SIGN (APP_SEQ,APP_SIGN_ID,APP_SIGN_ORDER,APP_SIGN_DATE,APP_SIGN_ACCEPT,APP_SIGN_TYPE_CODE) values (281,'kh2022',4,null,'N',0);
Insert into ST.APPROVAL_SIGN (APP_SEQ,APP_SIGN_ID,APP_SIGN_ORDER,APP_SIGN_DATE,APP_SIGN_ACCEPT,APP_SIGN_TYPE_CODE) values (281,'kh2018',5,null,'N',0);
Insert into ST.APPROVAL_SIGN (APP_SEQ,APP_SIGN_ID,APP_SIGN_ORDER,APP_SIGN_DATE,APP_SIGN_ACCEPT,APP_SIGN_TYPE_CODE) values (281,'test1',6,null,'N',0);
Insert into ST.APPROVAL_SIGN (APP_SEQ,APP_SIGN_ID,APP_SIGN_ORDER,APP_SIGN_DATE,APP_SIGN_ACCEPT,APP_SIGN_TYPE_CODE) values (281,'kh2003',7,null,'N',0);
Insert into ST.APPROVAL_SIGN (APP_SEQ,APP_SIGN_ID,APP_SIGN_ORDER,APP_SIGN_DATE,APP_SIGN_ACCEPT,APP_SIGN_TYPE_CODE) values (281,'test2',8,null,'N',0);
Insert into ST.APPROVAL_SIGN (APP_SEQ,APP_SIGN_ID,APP_SIGN_ORDER,APP_SIGN_DATE,APP_SIGN_ACCEPT,APP_SIGN_TYPE_CODE) values (281,'kh2004',9,null,'N',0);
Insert into ST.APPROVAL_SIGN (APP_SEQ,APP_SIGN_ID,APP_SIGN_ORDER,APP_SIGN_DATE,APP_SIGN_ACCEPT,APP_SIGN_TYPE_CODE) values (281,'kh2013',10,null,'N',0);
Insert into ST.APPROVAL_SIGN (APP_SEQ,APP_SIGN_ID,APP_SIGN_ORDER,APP_SIGN_DATE,APP_SIGN_ACCEPT,APP_SIGN_TYPE_CODE) values (281,'kh2019',11,null,'N',0);
Insert into ST.APPROVAL_SIGN (APP_SEQ,APP_SIGN_ID,APP_SIGN_ORDER,APP_SIGN_DATE,APP_SIGN_ACCEPT,APP_SIGN_TYPE_CODE) values (281,'admin',12,null,'N',0);
Insert into ST.APPROVAL_SIGN (APP_SEQ,APP_SIGN_ID,APP_SIGN_ORDER,APP_SIGN_DATE,APP_SIGN_ACCEPT,APP_SIGN_TYPE_CODE) values (281,'kh2005',13,null,'N',0);
Insert into ST.APPROVAL_SIGN (APP_SEQ,APP_SIGN_ID,APP_SIGN_ORDER,APP_SIGN_DATE,APP_SIGN_ACCEPT,APP_SIGN_TYPE_CODE) values (281,'kh2020',14,null,'N',0);
Insert into ST.APPROVAL_SIGN (APP_SEQ,APP_SIGN_ID,APP_SIGN_ORDER,APP_SIGN_DATE,APP_SIGN_ACCEPT,APP_SIGN_TYPE_CODE) values (281,'kh2021',15,null,'N',0);
Insert into ST.APPROVAL_SIGN (APP_SEQ,APP_SIGN_ID,APP_SIGN_ORDER,APP_SIGN_DATE,APP_SIGN_ACCEPT,APP_SIGN_TYPE_CODE) values (281,'1111',16,null,'N',0);
Insert into ST.APPROVAL_SIGN (APP_SEQ,APP_SIGN_ID,APP_SIGN_ORDER,APP_SIGN_DATE,APP_SIGN_ACCEPT,APP_SIGN_TYPE_CODE) values (281,'kh2006',17,null,'N',0);
Insert into ST.APPROVAL_SIGN (APP_SEQ,APP_SIGN_ID,APP_SIGN_ORDER,APP_SIGN_DATE,APP_SIGN_ACCEPT,APP_SIGN_TYPE_CODE) values (281,'kh2008',18,null,'N',0);
Insert into ST.APPROVAL_SIGN (APP_SEQ,APP_SIGN_ID,APP_SIGN_ORDER,APP_SIGN_DATE,APP_SIGN_ACCEPT,APP_SIGN_TYPE_CODE) values (281,'kh2014',19,null,'N',0);
Insert into ST.APPROVAL_SIGN (APP_SEQ,APP_SIGN_ID,APP_SIGN_ORDER,APP_SIGN_DATE,APP_SIGN_ACCEPT,APP_SIGN_TYPE_CODE) values (281,'kh2007',20,null,'N',0);
Insert into ST.APPROVAL_SIGN (APP_SEQ,APP_SIGN_ID,APP_SIGN_ORDER,APP_SIGN_DATE,APP_SIGN_ACCEPT,APP_SIGN_TYPE_CODE) values (281,'kh2017',21,null,'N',0);
Insert into ST.APPROVAL_SIGN (APP_SEQ,APP_SIGN_ID,APP_SIGN_ORDER,APP_SIGN_DATE,APP_SIGN_ACCEPT,APP_SIGN_TYPE_CODE) values (281,'kh2000',22,null,'N',0);
Insert into ST.APPROVAL_SIGN (APP_SEQ,APP_SIGN_ID,APP_SIGN_ORDER,APP_SIGN_DATE,APP_SIGN_ACCEPT,APP_SIGN_TYPE_CODE) values (284,'kh2006',1,to_date('21/03/08','RR/MM/DD'),'Y',0);
Insert into ST.APPROVAL_SIGN (APP_SEQ,APP_SIGN_ID,APP_SIGN_ORDER,APP_SIGN_DATE,APP_SIGN_ACCEPT,APP_SIGN_TYPE_CODE) values (48,'1111',1,to_date('21/02/15','RR/MM/DD'),'Y',0);
Insert into ST.APPROVAL_SIGN (APP_SEQ,APP_SIGN_ID,APP_SIGN_ORDER,APP_SIGN_DATE,APP_SIGN_ACCEPT,APP_SIGN_TYPE_CODE) values (94,'test1',1,to_date('21/02/14','RR/MM/DD'),'N',0);
Insert into ST.APPROVAL_SIGN (APP_SEQ,APP_SIGN_ID,APP_SIGN_ORDER,APP_SIGN_DATE,APP_SIGN_ACCEPT,APP_SIGN_TYPE_CODE) values (96,'test1',1,to_date('21/02/14','RR/MM/DD'),'Y',0);
Insert into ST.APPROVAL_SIGN (APP_SEQ,APP_SIGN_ID,APP_SIGN_ORDER,APP_SIGN_DATE,APP_SIGN_ACCEPT,APP_SIGN_TYPE_CODE) values (105,'test1',1,to_date('21/02/15','RR/MM/DD'),'N',0);
Insert into ST.APPROVAL_SIGN (APP_SEQ,APP_SIGN_ID,APP_SIGN_ORDER,APP_SIGN_DATE,APP_SIGN_ACCEPT,APP_SIGN_TYPE_CODE) values (106,'test1',1,to_date('21/02/15','RR/MM/DD'),'Y',0);
Insert into ST.APPROVAL_SIGN (APP_SEQ,APP_SIGN_ID,APP_SIGN_ORDER,APP_SIGN_DATE,APP_SIGN_ACCEPT,APP_SIGN_TYPE_CODE) values (114,'test2',1,to_date('21/02/19','RR/MM/DD'),'N',0);
Insert into ST.APPROVAL_SIGN (APP_SEQ,APP_SIGN_ID,APP_SIGN_ORDER,APP_SIGN_DATE,APP_SIGN_ACCEPT,APP_SIGN_TYPE_CODE) values (114,'test6',2,null,'N',0);
Insert into ST.APPROVAL_SIGN (APP_SEQ,APP_SIGN_ID,APP_SIGN_ORDER,APP_SIGN_DATE,APP_SIGN_ACCEPT,APP_SIGN_TYPE_CODE) values (114,'test1',3,null,'N',0);
Insert into ST.APPROVAL_SIGN (APP_SEQ,APP_SIGN_ID,APP_SIGN_ORDER,APP_SIGN_DATE,APP_SIGN_ACCEPT,APP_SIGN_TYPE_CODE) values (115,'1111',2,null,'N',0);
Insert into ST.APPROVAL_SIGN (APP_SEQ,APP_SIGN_ID,APP_SIGN_ORDER,APP_SIGN_DATE,APP_SIGN_ACCEPT,APP_SIGN_TYPE_CODE) values (115,'test2',1,to_date('21/02/19','RR/MM/DD'),'N',0);
Insert into ST.APPROVAL_SIGN (APP_SEQ,APP_SIGN_ID,APP_SIGN_ORDER,APP_SIGN_DATE,APP_SIGN_ACCEPT,APP_SIGN_TYPE_CODE) values (115,'test4',3,null,'N',0);
Insert into ST.APPROVAL_SIGN (APP_SEQ,APP_SIGN_ID,APP_SIGN_ORDER,APP_SIGN_DATE,APP_SIGN_ACCEPT,APP_SIGN_TYPE_CODE) values (115,'2309rpg',4,null,'N',0);
Insert into ST.APPROVAL_SIGN (APP_SEQ,APP_SIGN_ID,APP_SIGN_ORDER,APP_SIGN_DATE,APP_SIGN_ACCEPT,APP_SIGN_TYPE_CODE) values (115,'test1',5,null,'N',0);
Insert into ST.APPROVAL_SIGN (APP_SEQ,APP_SIGN_ID,APP_SIGN_ORDER,APP_SIGN_DATE,APP_SIGN_ACCEPT,APP_SIGN_TYPE_CODE) values (115,'test5',6,null,'N',0);
Insert into ST.APPROVAL_SIGN (APP_SEQ,APP_SIGN_ID,APP_SIGN_ORDER,APP_SIGN_DATE,APP_SIGN_ACCEPT,APP_SIGN_TYPE_CODE) values (116,'1111',1,to_date('21/02/19','RR/MM/DD'),'Y',0);
Insert into ST.APPROVAL_SIGN (APP_SEQ,APP_SIGN_ID,APP_SIGN_ORDER,APP_SIGN_DATE,APP_SIGN_ACCEPT,APP_SIGN_TYPE_CODE) values (116,'test1',2,null,'N',0);
Insert into ST.APPROVAL_SIGN (APP_SEQ,APP_SIGN_ID,APP_SIGN_ORDER,APP_SIGN_DATE,APP_SIGN_ACCEPT,APP_SIGN_TYPE_CODE) values (117,'1111',2,null,'N',0);
Insert into ST.APPROVAL_SIGN (APP_SEQ,APP_SIGN_ID,APP_SIGN_ORDER,APP_SIGN_DATE,APP_SIGN_ACCEPT,APP_SIGN_TYPE_CODE) values (117,'test2',1,to_date('21/02/19','RR/MM/DD'),'N',0);
Insert into ST.APPROVAL_SIGN (APP_SEQ,APP_SIGN_ID,APP_SIGN_ORDER,APP_SIGN_DATE,APP_SIGN_ACCEPT,APP_SIGN_TYPE_CODE) values (117,'test4',3,null,'N',0);
Insert into ST.APPROVAL_SIGN (APP_SEQ,APP_SIGN_ID,APP_SIGN_ORDER,APP_SIGN_DATE,APP_SIGN_ACCEPT,APP_SIGN_TYPE_CODE) values (117,'2309rpg',4,null,'N',0);
Insert into ST.APPROVAL_SIGN (APP_SEQ,APP_SIGN_ID,APP_SIGN_ORDER,APP_SIGN_DATE,APP_SIGN_ACCEPT,APP_SIGN_TYPE_CODE) values (117,'test1',5,null,'N',0);
Insert into ST.APPROVAL_SIGN (APP_SEQ,APP_SIGN_ID,APP_SIGN_ORDER,APP_SIGN_DATE,APP_SIGN_ACCEPT,APP_SIGN_TYPE_CODE) values (117,'test5',6,null,'N',0);
Insert into ST.APPROVAL_SIGN (APP_SEQ,APP_SIGN_ID,APP_SIGN_ORDER,APP_SIGN_DATE,APP_SIGN_ACCEPT,APP_SIGN_TYPE_CODE) values (118,'1111',2,null,'N',0);
Insert into ST.APPROVAL_SIGN (APP_SEQ,APP_SIGN_ID,APP_SIGN_ORDER,APP_SIGN_DATE,APP_SIGN_ACCEPT,APP_SIGN_TYPE_CODE) values (118,'test2',1,to_date('21/02/19','RR/MM/DD'),'N',0);
Insert into ST.APPROVAL_SIGN (APP_SEQ,APP_SIGN_ID,APP_SIGN_ORDER,APP_SIGN_DATE,APP_SIGN_ACCEPT,APP_SIGN_TYPE_CODE) values (118,'test4',3,null,'N',0);
Insert into ST.APPROVAL_SIGN (APP_SEQ,APP_SIGN_ID,APP_SIGN_ORDER,APP_SIGN_DATE,APP_SIGN_ACCEPT,APP_SIGN_TYPE_CODE) values (118,'2309rpg',4,null,'N',0);
Insert into ST.APPROVAL_SIGN (APP_SEQ,APP_SIGN_ID,APP_SIGN_ORDER,APP_SIGN_DATE,APP_SIGN_ACCEPT,APP_SIGN_TYPE_CODE) values (118,'test1',5,null,'N',0);
Insert into ST.APPROVAL_SIGN (APP_SEQ,APP_SIGN_ID,APP_SIGN_ORDER,APP_SIGN_DATE,APP_SIGN_ACCEPT,APP_SIGN_TYPE_CODE) values (118,'test5',6,null,'N',0);
Insert into ST.APPROVAL_SIGN (APP_SEQ,APP_SIGN_ID,APP_SIGN_ORDER,APP_SIGN_DATE,APP_SIGN_ACCEPT,APP_SIGN_TYPE_CODE) values (119,'1111',2,null,'N',0);
Insert into ST.APPROVAL_SIGN (APP_SEQ,APP_SIGN_ID,APP_SIGN_ORDER,APP_SIGN_DATE,APP_SIGN_ACCEPT,APP_SIGN_TYPE_CODE) values (119,'test2',1,to_date('21/02/19','RR/MM/DD'),'N',0);
Insert into ST.APPROVAL_SIGN (APP_SEQ,APP_SIGN_ID,APP_SIGN_ORDER,APP_SIGN_DATE,APP_SIGN_ACCEPT,APP_SIGN_TYPE_CODE) values (119,'test4',3,null,'N',0);
Insert into ST.APPROVAL_SIGN (APP_SEQ,APP_SIGN_ID,APP_SIGN_ORDER,APP_SIGN_DATE,APP_SIGN_ACCEPT,APP_SIGN_TYPE_CODE) values (119,'2309rpg',4,null,'N',0);
Insert into ST.APPROVAL_SIGN (APP_SEQ,APP_SIGN_ID,APP_SIGN_ORDER,APP_SIGN_DATE,APP_SIGN_ACCEPT,APP_SIGN_TYPE_CODE) values (119,'test1',5,null,'N',0);
Insert into ST.APPROVAL_SIGN (APP_SEQ,APP_SIGN_ID,APP_SIGN_ORDER,APP_SIGN_DATE,APP_SIGN_ACCEPT,APP_SIGN_TYPE_CODE) values (119,'test5',6,null,'N',0);
Insert into ST.APPROVAL_SIGN (APP_SEQ,APP_SIGN_ID,APP_SIGN_ORDER,APP_SIGN_DATE,APP_SIGN_ACCEPT,APP_SIGN_TYPE_CODE) values (120,'1111',1,to_date('21/02/19','RR/MM/DD'),'Y',0);
Insert into ST.APPROVAL_SIGN (APP_SEQ,APP_SIGN_ID,APP_SIGN_ORDER,APP_SIGN_DATE,APP_SIGN_ACCEPT,APP_SIGN_TYPE_CODE) values (120,'test2',2,to_date('21/02/19','RR/MM/DD'),'Y',0);
Insert into ST.APPROVAL_SIGN (APP_SEQ,APP_SIGN_ID,APP_SIGN_ORDER,APP_SIGN_DATE,APP_SIGN_ACCEPT,APP_SIGN_TYPE_CODE) values (132,'test2',1,null,'N',0);
Insert into ST.APPROVAL_SIGN (APP_SEQ,APP_SIGN_ID,APP_SIGN_ORDER,APP_SIGN_DATE,APP_SIGN_ACCEPT,APP_SIGN_TYPE_CODE) values (133,'test2',1,to_date('21/02/19','RR/MM/DD'),'N',0);
Insert into ST.APPROVAL_SIGN (APP_SEQ,APP_SIGN_ID,APP_SIGN_ORDER,APP_SIGN_DATE,APP_SIGN_ACCEPT,APP_SIGN_TYPE_CODE) values (134,'1111',1,to_date('21/02/19','RR/MM/DD'),'Y',0);
Insert into ST.APPROVAL_SIGN (APP_SEQ,APP_SIGN_ID,APP_SIGN_ORDER,APP_SIGN_DATE,APP_SIGN_ACCEPT,APP_SIGN_TYPE_CODE) values (135,'1111',1,to_date('21/02/19','RR/MM/DD'),'Y',0);
Insert into ST.APPROVAL_SIGN (APP_SEQ,APP_SIGN_ID,APP_SIGN_ORDER,APP_SIGN_DATE,APP_SIGN_ACCEPT,APP_SIGN_TYPE_CODE) values (136,'test2',1,to_date('21/02/19','RR/MM/DD'),'Y',0);
Insert into ST.APPROVAL_SIGN (APP_SEQ,APP_SIGN_ID,APP_SIGN_ORDER,APP_SIGN_DATE,APP_SIGN_ACCEPT,APP_SIGN_TYPE_CODE) values (137,'1111',1,to_date('21/02/19','RR/MM/DD'),'N',0);
Insert into ST.APPROVAL_SIGN (APP_SEQ,APP_SIGN_ID,APP_SIGN_ORDER,APP_SIGN_DATE,APP_SIGN_ACCEPT,APP_SIGN_TYPE_CODE) values (138,'test2',1,to_date('21/02/19','RR/MM/DD'),'Y',0);
Insert into ST.APPROVAL_SIGN (APP_SEQ,APP_SIGN_ID,APP_SIGN_ORDER,APP_SIGN_DATE,APP_SIGN_ACCEPT,APP_SIGN_TYPE_CODE) values (139,'test2',1,null,'N',0);
Insert into ST.APPROVAL_SIGN (APP_SEQ,APP_SIGN_ID,APP_SIGN_ORDER,APP_SIGN_DATE,APP_SIGN_ACCEPT,APP_SIGN_TYPE_CODE) values (141,'test1',1,to_date('21/02/23','RR/MM/DD'),'N',0);
Insert into ST.APPROVAL_SIGN (APP_SEQ,APP_SIGN_ID,APP_SIGN_ORDER,APP_SIGN_DATE,APP_SIGN_ACCEPT,APP_SIGN_TYPE_CODE) values (142,'test1',1,to_date('21/02/23','RR/MM/DD'),'N',0);
Insert into ST.APPROVAL_SIGN (APP_SEQ,APP_SIGN_ID,APP_SIGN_ORDER,APP_SIGN_DATE,APP_SIGN_ACCEPT,APP_SIGN_TYPE_CODE) values (143,'test1',1,to_date('21/02/23','RR/MM/DD'),'Y',0);
Insert into ST.APPROVAL_SIGN (APP_SEQ,APP_SIGN_ID,APP_SIGN_ORDER,APP_SIGN_DATE,APP_SIGN_ACCEPT,APP_SIGN_TYPE_CODE) values (147,'test1',1,to_date('21/02/23','RR/MM/DD'),'Y',0);
Insert into ST.APPROVAL_SIGN (APP_SEQ,APP_SIGN_ID,APP_SIGN_ORDER,APP_SIGN_DATE,APP_SIGN_ACCEPT,APP_SIGN_TYPE_CODE) values (148,'test1',1,to_date('21/02/23','RR/MM/DD'),'Y',0);
Insert into ST.APPROVAL_SIGN (APP_SEQ,APP_SIGN_ID,APP_SIGN_ORDER,APP_SIGN_DATE,APP_SIGN_ACCEPT,APP_SIGN_TYPE_CODE) values (149,'test1',1,to_date('21/02/23','RR/MM/DD'),'Y',0);
Insert into ST.APPROVAL_SIGN (APP_SEQ,APP_SIGN_ID,APP_SIGN_ORDER,APP_SIGN_DATE,APP_SIGN_ACCEPT,APP_SIGN_TYPE_CODE) values (150,'test1',1,to_date('21/02/23','RR/MM/DD'),'Y',0);
Insert into ST.APPROVAL_SIGN (APP_SEQ,APP_SIGN_ID,APP_SIGN_ORDER,APP_SIGN_DATE,APP_SIGN_ACCEPT,APP_SIGN_TYPE_CODE) values (151,'test1',1,to_date('21/02/23','RR/MM/DD'),'Y',0);
Insert into ST.APPROVAL_SIGN (APP_SEQ,APP_SIGN_ID,APP_SIGN_ORDER,APP_SIGN_DATE,APP_SIGN_ACCEPT,APP_SIGN_TYPE_CODE) values (152,'test1',1,to_date('21/02/23','RR/MM/DD'),'Y',0);
Insert into ST.APPROVAL_SIGN (APP_SEQ,APP_SIGN_ID,APP_SIGN_ORDER,APP_SIGN_DATE,APP_SIGN_ACCEPT,APP_SIGN_TYPE_CODE) values (162,'test1',1,null,'N',0);
Insert into ST.APPROVAL_SIGN (APP_SEQ,APP_SIGN_ID,APP_SIGN_ORDER,APP_SIGN_DATE,APP_SIGN_ACCEPT,APP_SIGN_TYPE_CODE) values (169,'test4',1,to_date('21/02/26','RR/MM/DD'),'Y',0);
Insert into ST.APPROVAL_SIGN (APP_SEQ,APP_SIGN_ID,APP_SIGN_ORDER,APP_SIGN_DATE,APP_SIGN_ACCEPT,APP_SIGN_TYPE_CODE) values (170,'test4',1,to_date('21/02/26','RR/MM/DD'),'N',0);
Insert into ST.APPROVAL_SIGN (APP_SEQ,APP_SIGN_ID,APP_SIGN_ORDER,APP_SIGN_DATE,APP_SIGN_ACCEPT,APP_SIGN_TYPE_CODE) values (183,'1111',1,to_date('21/03/05','RR/MM/DD'),'Y',0);
Insert into ST.APPROVAL_SIGN (APP_SEQ,APP_SIGN_ID,APP_SIGN_ORDER,APP_SIGN_DATE,APP_SIGN_ACCEPT,APP_SIGN_TYPE_CODE) values (224,'1111',1,null,'N',0);
Insert into ST.APPROVAL_SIGN (APP_SEQ,APP_SIGN_ID,APP_SIGN_ORDER,APP_SIGN_DATE,APP_SIGN_ACCEPT,APP_SIGN_TYPE_CODE) values (245,'kh2008',1,to_date('21/03/08','RR/MM/DD'),'Y',0);
Insert into ST.APPROVAL_SIGN (APP_SEQ,APP_SIGN_ID,APP_SIGN_ORDER,APP_SIGN_DATE,APP_SIGN_ACCEPT,APP_SIGN_TYPE_CODE) values (245,'kh2001',2,null,'N',0);
Insert into ST.APPROVAL_SIGN (APP_SEQ,APP_SIGN_ID,APP_SIGN_ORDER,APP_SIGN_DATE,APP_SIGN_ACCEPT,APP_SIGN_TYPE_CODE) values (245,'kh2015',3,null,'N',0);
Insert into ST.APPROVAL_SIGN (APP_SEQ,APP_SIGN_ID,APP_SIGN_ORDER,APP_SIGN_DATE,APP_SIGN_ACCEPT,APP_SIGN_TYPE_CODE) values (245,'kh2009',4,null,'N',0);
Insert into ST.APPROVAL_SIGN (APP_SEQ,APP_SIGN_ID,APP_SIGN_ORDER,APP_SIGN_DATE,APP_SIGN_ACCEPT,APP_SIGN_TYPE_CODE) values (246,'kh2011',1,to_date('21/03/08','RR/MM/DD'),'N',0);
Insert into ST.APPROVAL_SIGN (APP_SEQ,APP_SIGN_ID,APP_SIGN_ORDER,APP_SIGN_DATE,APP_SIGN_ACCEPT,APP_SIGN_TYPE_CODE) values (246,'test2',-1,null,'N',1);
Insert into ST.APPROVAL_SIGN (APP_SEQ,APP_SIGN_ID,APP_SIGN_ORDER,APP_SIGN_DATE,APP_SIGN_ACCEPT,APP_SIGN_TYPE_CODE) values (246,'kh2018',-1,null,'N',1);
Insert into ST.APPROVAL_SIGN (APP_SEQ,APP_SIGN_ID,APP_SIGN_ORDER,APP_SIGN_DATE,APP_SIGN_ACCEPT,APP_SIGN_TYPE_CODE) values (246,'kh2003',-1,null,'N',1);
Insert into ST.APPROVAL_SIGN (APP_SEQ,APP_SIGN_ID,APP_SIGN_ORDER,APP_SIGN_DATE,APP_SIGN_ACCEPT,APP_SIGN_TYPE_CODE) values (247,'kh2009',1,null,'N',0);
Insert into ST.APPROVAL_SIGN (APP_SEQ,APP_SIGN_ID,APP_SIGN_ORDER,APP_SIGN_DATE,APP_SIGN_ACCEPT,APP_SIGN_TYPE_CODE) values (247,'kh2001',2,null,'N',0);
Insert into ST.APPROVAL_SIGN (APP_SEQ,APP_SIGN_ID,APP_SIGN_ORDER,APP_SIGN_DATE,APP_SIGN_ACCEPT,APP_SIGN_TYPE_CODE) values (247,'kh2015',3,null,'N',0);
Insert into ST.APPROVAL_SIGN (APP_SEQ,APP_SIGN_ID,APP_SIGN_ORDER,APP_SIGN_DATE,APP_SIGN_ACCEPT,APP_SIGN_TYPE_CODE) values (248,'kh2016',1,to_date('21/03/08','RR/MM/DD'),'Y',0);
Insert into ST.APPROVAL_SIGN (APP_SEQ,APP_SIGN_ID,APP_SIGN_ORDER,APP_SIGN_DATE,APP_SIGN_ACCEPT,APP_SIGN_TYPE_CODE) values (248,'kh2000',2,null,'N',0);
Insert into ST.APPROVAL_SIGN (APP_SEQ,APP_SIGN_ID,APP_SIGN_ORDER,APP_SIGN_DATE,APP_SIGN_ACCEPT,APP_SIGN_TYPE_CODE) values (248,'kh2007',3,null,'N',0);
Insert into ST.APPROVAL_SIGN (APP_SEQ,APP_SIGN_ID,APP_SIGN_ORDER,APP_SIGN_DATE,APP_SIGN_ACCEPT,APP_SIGN_TYPE_CODE) values (248,'kh2017',4,null,'N',0);
Insert into ST.APPROVAL_SIGN (APP_SEQ,APP_SIGN_ID,APP_SIGN_ORDER,APP_SIGN_DATE,APP_SIGN_ACCEPT,APP_SIGN_TYPE_CODE) values (249,'kh2012',1,to_date('21/03/08','RR/MM/DD'),'Y',0);
Insert into ST.APPROVAL_SIGN (APP_SEQ,APP_SIGN_ID,APP_SIGN_ORDER,APP_SIGN_DATE,APP_SIGN_ACCEPT,APP_SIGN_TYPE_CODE) values (249,'kh2019',2,null,'N',2);
Insert into ST.APPROVAL_SIGN (APP_SEQ,APP_SIGN_ID,APP_SIGN_ORDER,APP_SIGN_DATE,APP_SIGN_ACCEPT,APP_SIGN_TYPE_CODE) values (249,'kh2022',2,to_date('21/03/08','RR/MM/DD'),'Y',2);
Insert into ST.APPROVAL_SIGN (APP_SEQ,APP_SIGN_ID,APP_SIGN_ORDER,APP_SIGN_DATE,APP_SIGN_ACCEPT,APP_SIGN_TYPE_CODE) values (249,'kh2013',-1,null,'N',1);
Insert into ST.APPROVAL_SIGN (APP_SEQ,APP_SIGN_ID,APP_SIGN_ORDER,APP_SIGN_DATE,APP_SIGN_ACCEPT,APP_SIGN_TYPE_CODE) values (249,'kh2004',-1,null,'N',1);
Insert into ST.APPROVAL_SIGN (APP_SEQ,APP_SIGN_ID,APP_SIGN_ORDER,APP_SIGN_DATE,APP_SIGN_ACCEPT,APP_SIGN_TYPE_CODE) values (250,'kh2013',1,null,'N',0);
Insert into ST.APPROVAL_SIGN (APP_SEQ,APP_SIGN_ID,APP_SIGN_ORDER,APP_SIGN_DATE,APP_SIGN_ACCEPT,APP_SIGN_TYPE_CODE) values (250,'kh2004',2,null,'N',0);
Insert into ST.APPROVAL_SIGN (APP_SEQ,APP_SIGN_ID,APP_SIGN_ORDER,APP_SIGN_DATE,APP_SIGN_ACCEPT,APP_SIGN_TYPE_CODE) values (250,'kh2005',-1,null,'N',1);
Insert into ST.APPROVAL_SIGN (APP_SEQ,APP_SIGN_ID,APP_SIGN_ORDER,APP_SIGN_DATE,APP_SIGN_ACCEPT,APP_SIGN_TYPE_CODE) values (250,'kh2020',-1,null,'N',1);
Insert into ST.APPROVAL_SIGN (APP_SEQ,APP_SIGN_ID,APP_SIGN_ORDER,APP_SIGN_DATE,APP_SIGN_ACCEPT,APP_SIGN_TYPE_CODE) values (250,'kh2021',-1,null,'N',1);
Insert into ST.APPROVAL_SIGN (APP_SEQ,APP_SIGN_ID,APP_SIGN_ORDER,APP_SIGN_DATE,APP_SIGN_ACCEPT,APP_SIGN_TYPE_CODE) values (250,'1111',3,null,'N',2);
Insert into ST.APPROVAL_SIGN (APP_SEQ,APP_SIGN_ID,APP_SIGN_ORDER,APP_SIGN_DATE,APP_SIGN_ACCEPT,APP_SIGN_TYPE_CODE) values (250,'kh2008',3,null,'N',2);
Insert into ST.APPROVAL_SIGN (APP_SEQ,APP_SIGN_ID,APP_SIGN_ORDER,APP_SIGN_DATE,APP_SIGN_ACCEPT,APP_SIGN_TYPE_CODE) values (250,'kh2006',3,null,'N',2);
Insert into ST.APPROVAL_SIGN (APP_SEQ,APP_SIGN_ID,APP_SIGN_ORDER,APP_SIGN_DATE,APP_SIGN_ACCEPT,APP_SIGN_TYPE_CODE) values (250,'kh2014',3,null,'N',2);
Insert into ST.APPROVAL_SIGN (APP_SEQ,APP_SIGN_ID,APP_SIGN_ORDER,APP_SIGN_DATE,APP_SIGN_ACCEPT,APP_SIGN_TYPE_CODE) values (251,'kh2016',1,to_date('21/03/08','RR/MM/DD'),'Y',0);
Insert into ST.APPROVAL_SIGN (APP_SEQ,APP_SIGN_ID,APP_SIGN_ORDER,APP_SIGN_DATE,APP_SIGN_ACCEPT,APP_SIGN_TYPE_CODE) values (251,'kh2001',2,null,'N',0);
Insert into ST.APPROVAL_SIGN (APP_SEQ,APP_SIGN_ID,APP_SIGN_ORDER,APP_SIGN_DATE,APP_SIGN_ACCEPT,APP_SIGN_TYPE_CODE) values (251,'kh2015',3,null,'N',0);
Insert into ST.APPROVAL_SIGN (APP_SEQ,APP_SIGN_ID,APP_SIGN_ORDER,APP_SIGN_DATE,APP_SIGN_ACCEPT,APP_SIGN_TYPE_CODE) values (252,'kh2015',1,to_date('21/03/08','RR/MM/DD'),'Y',0);
Insert into ST.APPROVAL_SIGN (APP_SEQ,APP_SIGN_ID,APP_SIGN_ORDER,APP_SIGN_DATE,APP_SIGN_ACCEPT,APP_SIGN_TYPE_CODE) values (252,'kh2001',2,null,'N',0);
Insert into ST.APPROVAL_SIGN (APP_SEQ,APP_SIGN_ID,APP_SIGN_ORDER,APP_SIGN_DATE,APP_SIGN_ACCEPT,APP_SIGN_TYPE_CODE) values (252,'kh2009',3,null,'N',0);
Insert into ST.APPROVAL_SIGN (APP_SEQ,APP_SIGN_ID,APP_SIGN_ORDER,APP_SIGN_DATE,APP_SIGN_ACCEPT,APP_SIGN_TYPE_CODE) values (252,'kh2010',-1,null,'N',1);
Insert into ST.APPROVAL_SIGN (APP_SEQ,APP_SIGN_ID,APP_SIGN_ORDER,APP_SIGN_DATE,APP_SIGN_ACCEPT,APP_SIGN_TYPE_CODE) values (252,'kh2016',-1,null,'N',1);
Insert into ST.APPROVAL_SIGN (APP_SEQ,APP_SIGN_ID,APP_SIGN_ORDER,APP_SIGN_DATE,APP_SIGN_ACCEPT,APP_SIGN_TYPE_CODE) values (252,'test1',-1,null,'N',1);
Insert into ST.APPROVAL_SIGN (APP_SEQ,APP_SIGN_ID,APP_SIGN_ORDER,APP_SIGN_DATE,APP_SIGN_ACCEPT,APP_SIGN_TYPE_CODE) values (252,'kh2002',-1,null,'N',1);
Insert into ST.APPROVAL_SIGN (APP_SEQ,APP_SIGN_ID,APP_SIGN_ORDER,APP_SIGN_DATE,APP_SIGN_ACCEPT,APP_SIGN_TYPE_CODE) values (253,'kh2020',1,to_date('21/03/08','RR/MM/DD'),'Y',0);
Insert into ST.APPROVAL_SIGN (APP_SEQ,APP_SIGN_ID,APP_SIGN_ORDER,APP_SIGN_DATE,APP_SIGN_ACCEPT,APP_SIGN_TYPE_CODE) values (253,'kh2005',2,to_date('21/03/08','RR/MM/DD'),'Y',0);
Insert into ST.APPROVAL_SIGN (APP_SEQ,APP_SIGN_ID,APP_SIGN_ORDER,APP_SIGN_DATE,APP_SIGN_ACCEPT,APP_SIGN_TYPE_CODE) values (253,'kh2021',3,to_date('21/03/08','RR/MM/DD'),'Y',0);
Insert into ST.APPROVAL_SIGN (APP_SEQ,APP_SIGN_ID,APP_SIGN_ORDER,APP_SIGN_DATE,APP_SIGN_ACCEPT,APP_SIGN_TYPE_CODE) values (253,'kh2000',4,null,'N',0);
Insert into ST.APPROVAL_SIGN (APP_SEQ,APP_SIGN_ID,APP_SIGN_ORDER,APP_SIGN_DATE,APP_SIGN_ACCEPT,APP_SIGN_TYPE_CODE) values (254,'kh2006',1,null,'N',0);
Insert into ST.APPROVAL_SIGN (APP_SEQ,APP_SIGN_ID,APP_SIGN_ORDER,APP_SIGN_DATE,APP_SIGN_ACCEPT,APP_SIGN_TYPE_CODE) values (254,'1111',2,null,'N',2);
Insert into ST.APPROVAL_SIGN (APP_SEQ,APP_SIGN_ID,APP_SIGN_ORDER,APP_SIGN_DATE,APP_SIGN_ACCEPT,APP_SIGN_TYPE_CODE) values (254,'kh2008',2,null,'N',2);
Insert into ST.APPROVAL_SIGN (APP_SEQ,APP_SIGN_ID,APP_SIGN_ORDER,APP_SIGN_DATE,APP_SIGN_ACCEPT,APP_SIGN_TYPE_CODE) values (254,'kh2014',2,null,'N',2);
Insert into ST.APPROVAL_SIGN (APP_SEQ,APP_SIGN_ID,APP_SIGN_ORDER,APP_SIGN_DATE,APP_SIGN_ACCEPT,APP_SIGN_TYPE_CODE) values (254,'kh2005',-1,null,'N',1);
Insert into ST.APPROVAL_SIGN (APP_SEQ,APP_SIGN_ID,APP_SIGN_ORDER,APP_SIGN_DATE,APP_SIGN_ACCEPT,APP_SIGN_TYPE_CODE) values (254,'kh2020',-1,null,'N',1);
Insert into ST.APPROVAL_SIGN (APP_SEQ,APP_SIGN_ID,APP_SIGN_ORDER,APP_SIGN_DATE,APP_SIGN_ACCEPT,APP_SIGN_TYPE_CODE) values (254,'kh2021',-1,null,'N',1);
Insert into ST.APPROVAL_SIGN (APP_SEQ,APP_SIGN_ID,APP_SIGN_ORDER,APP_SIGN_DATE,APP_SIGN_ACCEPT,APP_SIGN_TYPE_CODE) values (255,'kh2017',1,to_date('21/03/08','RR/MM/DD'),'Y',0);
Insert into ST.APPROVAL_SIGN (APP_SEQ,APP_SIGN_ID,APP_SIGN_ORDER,APP_SIGN_DATE,APP_SIGN_ACCEPT,APP_SIGN_TYPE_CODE) values (255,'kh2000',2,to_date('21/03/08','RR/MM/DD'),'N',0);
Insert into ST.APPROVAL_SIGN (APP_SEQ,APP_SIGN_ID,APP_SIGN_ORDER,APP_SIGN_DATE,APP_SIGN_ACCEPT,APP_SIGN_TYPE_CODE) values (256,'kh2017',1,to_date('21/03/08','RR/MM/DD'),'Y',0);
Insert into ST.APPROVAL_SIGN (APP_SEQ,APP_SIGN_ID,APP_SIGN_ORDER,APP_SIGN_DATE,APP_SIGN_ACCEPT,APP_SIGN_TYPE_CODE) values (257,'kh2018',1,to_date('21/03/08','RR/MM/DD'),'Y',0);
Insert into ST.APPROVAL_SIGN (APP_SEQ,APP_SIGN_ID,APP_SIGN_ORDER,APP_SIGN_DATE,APP_SIGN_ACCEPT,APP_SIGN_TYPE_CODE) values (257,'kh2019',2,null,'N',0);
Insert into ST.APPROVAL_SIGN (APP_SEQ,APP_SIGN_ID,APP_SIGN_ORDER,APP_SIGN_DATE,APP_SIGN_ACCEPT,APP_SIGN_TYPE_CODE) values (257,'kh2012',3,null,'N',0);
Insert into ST.APPROVAL_SIGN (APP_SEQ,APP_SIGN_ID,APP_SIGN_ORDER,APP_SIGN_DATE,APP_SIGN_ACCEPT,APP_SIGN_TYPE_CODE) values (257,'kh2022',4,null,'N',0);
Insert into ST.APPROVAL_SIGN (APP_SEQ,APP_SIGN_ID,APP_SIGN_ORDER,APP_SIGN_DATE,APP_SIGN_ACCEPT,APP_SIGN_TYPE_CODE) values (258,'kh2018',1,to_date('21/03/08','RR/MM/DD'),'Y',0);
Insert into ST.APPROVAL_SIGN (APP_SEQ,APP_SIGN_ID,APP_SIGN_ORDER,APP_SIGN_DATE,APP_SIGN_ACCEPT,APP_SIGN_TYPE_CODE) values (258,'kh2013',2,to_date('21/03/08','RR/MM/DD'),'Y',0);
Insert into ST.APPROVAL_SIGN (APP_SEQ,APP_SIGN_ID,APP_SIGN_ORDER,APP_SIGN_DATE,APP_SIGN_ACCEPT,APP_SIGN_TYPE_CODE) values (258,'kh2004',3,null,'N',0);
Insert into ST.APPROVAL_SIGN (APP_SEQ,APP_SIGN_ID,APP_SIGN_ORDER,APP_SIGN_DATE,APP_SIGN_ACCEPT,APP_SIGN_TYPE_CODE) values (259,'1111',1,null,'N',0);
Insert into ST.APPROVAL_SIGN (APP_SEQ,APP_SIGN_ID,APP_SIGN_ORDER,APP_SIGN_DATE,APP_SIGN_ACCEPT,APP_SIGN_TYPE_CODE) values (260,'kh2019',1,to_date('21/03/08','RR/MM/DD'),'Y',0);
Insert into ST.APPROVAL_SIGN (APP_SEQ,APP_SIGN_ID,APP_SIGN_ORDER,APP_SIGN_DATE,APP_SIGN_ACCEPT,APP_SIGN_TYPE_CODE) values (260,'kh2022',2,to_date('21/03/08','RR/MM/DD'),'Y',0);
Insert into ST.APPROVAL_SIGN (APP_SEQ,APP_SIGN_ID,APP_SIGN_ORDER,APP_SIGN_DATE,APP_SIGN_ACCEPT,APP_SIGN_TYPE_CODE) values (260,'kh2012',3,null,'N',0);
Insert into ST.APPROVAL_SIGN (APP_SEQ,APP_SIGN_ID,APP_SIGN_ORDER,APP_SIGN_DATE,APP_SIGN_ACCEPT,APP_SIGN_TYPE_CODE) values (261,'kh2019',1,to_date('21/03/08','RR/MM/DD'),'Y',0);
Insert into ST.APPROVAL_SIGN (APP_SEQ,APP_SIGN_ID,APP_SIGN_ORDER,APP_SIGN_DATE,APP_SIGN_ACCEPT,APP_SIGN_TYPE_CODE) values (261,'kh2003',2,null,'N',0);
Insert into ST.APPROVAL_SIGN (APP_SEQ,APP_SIGN_ID,APP_SIGN_ORDER,APP_SIGN_DATE,APP_SIGN_ACCEPT,APP_SIGN_TYPE_CODE) values (261,'kh2011',3,null,'N',0);
Insert into ST.APPROVAL_SIGN (APP_SEQ,APP_SIGN_ID,APP_SIGN_ORDER,APP_SIGN_DATE,APP_SIGN_ACCEPT,APP_SIGN_TYPE_CODE) values (261,'kh2018',4,null,'N',0);
Insert into ST.APPROVAL_SIGN (APP_SEQ,APP_SIGN_ID,APP_SIGN_ORDER,APP_SIGN_DATE,APP_SIGN_ACCEPT,APP_SIGN_TYPE_CODE) values (262,'kh2022',1,to_date('21/03/08','RR/MM/DD'),'Y',0);
Insert into ST.APPROVAL_SIGN (APP_SEQ,APP_SIGN_ID,APP_SIGN_ORDER,APP_SIGN_DATE,APP_SIGN_ACCEPT,APP_SIGN_TYPE_CODE) values (262,'kh2012',2,to_date('21/03/08','RR/MM/DD'),'Y',0);
Insert into ST.APPROVAL_SIGN (APP_SEQ,APP_SIGN_ID,APP_SIGN_ORDER,APP_SIGN_DATE,APP_SIGN_ACCEPT,APP_SIGN_TYPE_CODE) values (262,'kh2019',3,to_date('21/03/08','RR/MM/DD'),'N',0);
Insert into ST.APPROVAL_SIGN (APP_SEQ,APP_SIGN_ID,APP_SIGN_ORDER,APP_SIGN_DATE,APP_SIGN_ACCEPT,APP_SIGN_TYPE_CODE) values (262,'kh2000',4,null,'N',0);
Insert into ST.APPROVAL_SIGN (APP_SEQ,APP_SIGN_ID,APP_SIGN_ORDER,APP_SIGN_DATE,APP_SIGN_ACCEPT,APP_SIGN_TYPE_CODE) values (263,'kh2000',1,to_date('21/03/08','RR/MM/DD'),'Y',0);
Insert into ST.APPROVAL_SIGN (APP_SEQ,APP_SIGN_ID,APP_SIGN_ORDER,APP_SIGN_DATE,APP_SIGN_ACCEPT,APP_SIGN_TYPE_CODE) values (264,'kh2006',1,to_date('21/03/08','RR/MM/DD'),'Y',0);
Insert into ST.APPROVAL_SIGN (APP_SEQ,APP_SIGN_ID,APP_SIGN_ORDER,APP_SIGN_DATE,APP_SIGN_ACCEPT,APP_SIGN_TYPE_CODE) values (265,'kh2016',1,to_date('21/03/08','RR/MM/DD'),'Y',0);
Insert into ST.APPROVAL_SIGN (APP_SEQ,APP_SIGN_ID,APP_SIGN_ORDER,APP_SIGN_DATE,APP_SIGN_ACCEPT,APP_SIGN_TYPE_CODE) values (266,'kh2006',1,to_date('21/03/08','RR/MM/DD'),'Y',0);
Insert into ST.APPROVAL_SIGN (APP_SEQ,APP_SIGN_ID,APP_SIGN_ORDER,APP_SIGN_DATE,APP_SIGN_ACCEPT,APP_SIGN_TYPE_CODE) values (266,'kh2016',2,to_date('21/03/08','RR/MM/DD'),'N',0);
Insert into ST.APPROVAL_SIGN (APP_SEQ,APP_SIGN_ID,APP_SIGN_ORDER,APP_SIGN_DATE,APP_SIGN_ACCEPT,APP_SIGN_TYPE_CODE) values (288,'kh2001',1,null,'N',0);
Insert into ST.APPROVAL_SIGN (APP_SEQ,APP_SIGN_ID,APP_SIGN_ORDER,APP_SIGN_DATE,APP_SIGN_ACCEPT,APP_SIGN_TYPE_CODE) values (289,'kh2004',1,null,'N',0);
Insert into ST.APPROVAL_SIGN (APP_SEQ,APP_SIGN_ID,APP_SIGN_ORDER,APP_SIGN_DATE,APP_SIGN_ACCEPT,APP_SIGN_TYPE_CODE) values (289,'2309rpg',2,null,'N',0);
Insert into ST.APPROVAL_SIGN (APP_SEQ,APP_SIGN_ID,APP_SIGN_ORDER,APP_SIGN_DATE,APP_SIGN_ACCEPT,APP_SIGN_TYPE_CODE) values (290,'kh2008',1,to_date('21/03/08','RR/MM/DD'),'Y',0);
Insert into ST.APPROVAL_SIGN (APP_SEQ,APP_SIGN_ID,APP_SIGN_ORDER,APP_SIGN_DATE,APP_SIGN_ACCEPT,APP_SIGN_TYPE_CODE) values (290,'kh2000',2,to_date('21/03/08','RR/MM/DD'),'N',0);
Insert into ST.APPROVAL_SIGN (APP_SEQ,APP_SIGN_ID,APP_SIGN_ORDER,APP_SIGN_DATE,APP_SIGN_ACCEPT,APP_SIGN_TYPE_CODE) values (291,'kh2010',1,null,'N',0);
Insert into ST.APPROVAL_SIGN (APP_SEQ,APP_SIGN_ID,APP_SIGN_ORDER,APP_SIGN_DATE,APP_SIGN_ACCEPT,APP_SIGN_TYPE_CODE) values (291,'kh2000',2,null,'N',0);
Insert into ST.APPROVAL_SIGN (APP_SEQ,APP_SIGN_ID,APP_SIGN_ORDER,APP_SIGN_DATE,APP_SIGN_ACCEPT,APP_SIGN_TYPE_CODE) values (19,'test2',1,to_date('21/01/29','RR/MM/DD'),'Y',0);
Insert into ST.APPROVAL_SIGN (APP_SEQ,APP_SIGN_ID,APP_SIGN_ORDER,APP_SIGN_DATE,APP_SIGN_ACCEPT,APP_SIGN_TYPE_CODE) values (39,'test1',1,to_date('21/01/29','RR/MM/DD'),'Y',0);
Insert into ST.APPROVAL_SIGN (APP_SEQ,APP_SIGN_ID,APP_SIGN_ORDER,APP_SIGN_DATE,APP_SIGN_ACCEPT,APP_SIGN_TYPE_CODE) values (41,'test1',1,to_date('21/01/29','RR/MM/DD'),'Y',0);
Insert into ST.APPROVAL_SIGN (APP_SEQ,APP_SIGN_ID,APP_SIGN_ORDER,APP_SIGN_DATE,APP_SIGN_ACCEPT,APP_SIGN_TYPE_CODE) values (42,'test2',1,to_date('21/01/29','RR/MM/DD'),'Y',0);
Insert into ST.APPROVAL_SIGN (APP_SEQ,APP_SIGN_ID,APP_SIGN_ORDER,APP_SIGN_DATE,APP_SIGN_ACCEPT,APP_SIGN_TYPE_CODE) values (50,'test1',1,null,'N',0);
Insert into ST.APPROVAL_SIGN (APP_SEQ,APP_SIGN_ID,APP_SIGN_ORDER,APP_SIGN_DATE,APP_SIGN_ACCEPT,APP_SIGN_TYPE_CODE) values (71,'test1',1,to_date('21/02/07','RR/MM/DD'),'Y',0);
Insert into ST.APPROVAL_SIGN (APP_SEQ,APP_SIGN_ID,APP_SIGN_ORDER,APP_SIGN_DATE,APP_SIGN_ACCEPT,APP_SIGN_TYPE_CODE) values (71,'test6',2,to_date('21/02/08','RR/MM/DD'),'Y',2);
Insert into ST.APPROVAL_SIGN (APP_SEQ,APP_SIGN_ID,APP_SIGN_ORDER,APP_SIGN_DATE,APP_SIGN_ACCEPT,APP_SIGN_TYPE_CODE) values (71,'test2',2,to_date('21/02/07','RR/MM/DD'),'Y',2);
Insert into ST.APPROVAL_SIGN (APP_SEQ,APP_SIGN_ID,APP_SIGN_ORDER,APP_SIGN_DATE,APP_SIGN_ACCEPT,APP_SIGN_TYPE_CODE) values (71,'test3',2,to_date('21/02/08','RR/MM/DD'),'Y',2);
Insert into ST.APPROVAL_SIGN (APP_SEQ,APP_SIGN_ID,APP_SIGN_ORDER,APP_SIGN_DATE,APP_SIGN_ACCEPT,APP_SIGN_TYPE_CODE) values (71,'1111',2,to_date('21/02/07','RR/MM/DD'),'Y',2);
Insert into ST.APPROVAL_SIGN (APP_SEQ,APP_SIGN_ID,APP_SIGN_ORDER,APP_SIGN_DATE,APP_SIGN_ACCEPT,APP_SIGN_TYPE_CODE) values (72,'1111',1,to_date('21/02/07','RR/MM/DD'),'N',0);
Insert into ST.APPROVAL_SIGN (APP_SEQ,APP_SIGN_ID,APP_SIGN_ORDER,APP_SIGN_DATE,APP_SIGN_ACCEPT,APP_SIGN_TYPE_CODE) values (73,'1111',1,to_date('21/02/07','RR/MM/DD'),'N',0);
Insert into ST.APPROVAL_SIGN (APP_SEQ,APP_SIGN_ID,APP_SIGN_ORDER,APP_SIGN_DATE,APP_SIGN_ACCEPT,APP_SIGN_TYPE_CODE) values (75,'test1',1,to_date('21/02/14','RR/MM/DD'),'Y',0);
Insert into ST.APPROVAL_SIGN (APP_SEQ,APP_SIGN_ID,APP_SIGN_ORDER,APP_SIGN_DATE,APP_SIGN_ACCEPT,APP_SIGN_TYPE_CODE) values (76,'test1',1,to_date('21/02/14','RR/MM/DD'),'Y',0);
Insert into ST.APPROVAL_SIGN (APP_SEQ,APP_SIGN_ID,APP_SIGN_ORDER,APP_SIGN_DATE,APP_SIGN_ACCEPT,APP_SIGN_TYPE_CODE) values (77,'test1',1,to_date('21/02/14','RR/MM/DD'),'Y',0);
Insert into ST.APPROVAL_SIGN (APP_SEQ,APP_SIGN_ID,APP_SIGN_ORDER,APP_SIGN_DATE,APP_SIGN_ACCEPT,APP_SIGN_TYPE_CODE) values (78,'test1',1,to_date('21/02/14','RR/MM/DD'),'Y',0);
Insert into ST.APPROVAL_SIGN (APP_SEQ,APP_SIGN_ID,APP_SIGN_ORDER,APP_SIGN_DATE,APP_SIGN_ACCEPT,APP_SIGN_TYPE_CODE) values (95,'test1',1,to_date('21/02/14','RR/MM/DD'),'N',0);
Insert into ST.APPROVAL_SIGN (APP_SEQ,APP_SIGN_ID,APP_SIGN_ORDER,APP_SIGN_DATE,APP_SIGN_ACCEPT,APP_SIGN_TYPE_CODE) values (108,'1111',1,to_date('21/02/15','RR/MM/DD'),'Y',0);
Insert into ST.APPROVAL_SIGN (APP_SEQ,APP_SIGN_ID,APP_SIGN_ORDER,APP_SIGN_DATE,APP_SIGN_ACCEPT,APP_SIGN_TYPE_CODE) values (157,'test1',1,to_date('21/02/25','RR/MM/DD'),'N',0);
Insert into ST.APPROVAL_SIGN (APP_SEQ,APP_SIGN_ID,APP_SIGN_ORDER,APP_SIGN_DATE,APP_SIGN_ACCEPT,APP_SIGN_TYPE_CODE) values (158,'test1',1,null,'N',0);
Insert into ST.APPROVAL_SIGN (APP_SEQ,APP_SIGN_ID,APP_SIGN_ORDER,APP_SIGN_DATE,APP_SIGN_ACCEPT,APP_SIGN_TYPE_CODE) values (159,'test1',1,to_date('21/02/25','RR/MM/DD'),'Y',0);
Insert into ST.APPROVAL_SIGN (APP_SEQ,APP_SIGN_ID,APP_SIGN_ORDER,APP_SIGN_DATE,APP_SIGN_ACCEPT,APP_SIGN_TYPE_CODE) values (165,'test4',1,to_date('21/02/26','RR/MM/DD'),'Y',0);
Insert into ST.APPROVAL_SIGN (APP_SEQ,APP_SIGN_ID,APP_SIGN_ORDER,APP_SIGN_DATE,APP_SIGN_ACCEPT,APP_SIGN_TYPE_CODE) values (192,'test1',1,to_date('21/03/05','RR/MM/DD'),'Y',0);
Insert into ST.APPROVAL_SIGN (APP_SEQ,APP_SIGN_ID,APP_SIGN_ORDER,APP_SIGN_DATE,APP_SIGN_ACCEPT,APP_SIGN_TYPE_CODE) values (197,'kh2018',2,null,'N',2);
Insert into ST.APPROVAL_SIGN (APP_SEQ,APP_SIGN_ID,APP_SIGN_ORDER,APP_SIGN_DATE,APP_SIGN_ACCEPT,APP_SIGN_TYPE_CODE) values (197,'kh2011',2,null,'N',2);
Insert into ST.APPROVAL_SIGN (APP_SEQ,APP_SIGN_ID,APP_SIGN_ORDER,APP_SIGN_DATE,APP_SIGN_ACCEPT,APP_SIGN_TYPE_CODE) values (197,'test2',2,null,'N',2);
Insert into ST.APPROVAL_SIGN (APP_SEQ,APP_SIGN_ID,APP_SIGN_ORDER,APP_SIGN_DATE,APP_SIGN_ACCEPT,APP_SIGN_TYPE_CODE) values (197,'kh2003',1,null,'N',0);
Insert into ST.APPROVAL_SIGN (APP_SEQ,APP_SIGN_ID,APP_SIGN_ORDER,APP_SIGN_DATE,APP_SIGN_ACCEPT,APP_SIGN_TYPE_CODE) values (197,'kh2000',3,null,'N',0);
Insert into ST.APPROVAL_SIGN (APP_SEQ,APP_SIGN_ID,APP_SIGN_ORDER,APP_SIGN_DATE,APP_SIGN_ACCEPT,APP_SIGN_TYPE_CODE) values (197,'kh2017',-1,null,'N',1);
Insert into ST.APPROVAL_SIGN (APP_SEQ,APP_SIGN_ID,APP_SIGN_ORDER,APP_SIGN_DATE,APP_SIGN_ACCEPT,APP_SIGN_TYPE_CODE) values (220,'test1',1,to_date('21/03/07','RR/MM/DD'),'N',0);
Insert into ST.APPROVAL_SIGN (APP_SEQ,APP_SIGN_ID,APP_SIGN_ORDER,APP_SIGN_DATE,APP_SIGN_ACCEPT,APP_SIGN_TYPE_CODE) values (230,'test1',1,to_date('21/03/08','RR/MM/DD'),'Y',0);
Insert into ST.APPROVAL_SIGN (APP_SEQ,APP_SIGN_ID,APP_SIGN_ORDER,APP_SIGN_DATE,APP_SIGN_ACCEPT,APP_SIGN_TYPE_CODE) values (236,'1111',1,null,'N',0);
Insert into ST.APPROVAL_SIGN (APP_SEQ,APP_SIGN_ID,APP_SIGN_ORDER,APP_SIGN_DATE,APP_SIGN_ACCEPT,APP_SIGN_TYPE_CODE) values (243,'1111',1,null,'N',0);
Insert into ST.APPROVAL_SIGN (APP_SEQ,APP_SIGN_ID,APP_SIGN_ORDER,APP_SIGN_DATE,APP_SIGN_ACCEPT,APP_SIGN_TYPE_CODE) values (244,'test1',1,to_date('21/03/08','RR/MM/DD'),'N',0);
Insert into ST.APPROVAL_SIGN (APP_SEQ,APP_SIGN_ID,APP_SIGN_ORDER,APP_SIGN_DATE,APP_SIGN_ACCEPT,APP_SIGN_TYPE_CODE) values (24,'test1',1,to_date('21/01/29','RR/MM/DD'),'Y',0);
Insert into ST.APPROVAL_SIGN (APP_SEQ,APP_SIGN_ID,APP_SIGN_ORDER,APP_SIGN_DATE,APP_SIGN_ACCEPT,APP_SIGN_TYPE_CODE) values (25,'test4',1,to_date('21/01/29','RR/MM/DD'),'Y',0);
Insert into ST.APPROVAL_SIGN (APP_SEQ,APP_SIGN_ID,APP_SIGN_ORDER,APP_SIGN_DATE,APP_SIGN_ACCEPT,APP_SIGN_TYPE_CODE) values (26,'test1',1,to_date('21/01/29','RR/MM/DD'),'Y',0);
Insert into ST.APPROVAL_SIGN (APP_SEQ,APP_SIGN_ID,APP_SIGN_ORDER,APP_SIGN_DATE,APP_SIGN_ACCEPT,APP_SIGN_TYPE_CODE) values (27,'test1',1,to_date('21/01/29','RR/MM/DD'),'Y',0);
Insert into ST.APPROVAL_SIGN (APP_SEQ,APP_SIGN_ID,APP_SIGN_ORDER,APP_SIGN_DATE,APP_SIGN_ACCEPT,APP_SIGN_TYPE_CODE) values (28,'test1',1,to_date('21/01/29','RR/MM/DD'),'Y',0);
Insert into ST.APPROVAL_SIGN (APP_SEQ,APP_SIGN_ID,APP_SIGN_ORDER,APP_SIGN_DATE,APP_SIGN_ACCEPT,APP_SIGN_TYPE_CODE) values (29,'test2',1,to_date('21/01/29','RR/MM/DD'),'Y',0);
Insert into ST.APPROVAL_SIGN (APP_SEQ,APP_SIGN_ID,APP_SIGN_ORDER,APP_SIGN_DATE,APP_SIGN_ACCEPT,APP_SIGN_TYPE_CODE) values (29,'test6',2,to_date('21/01/29','RR/MM/DD'),'Y',0);
Insert into ST.APPROVAL_SIGN (APP_SEQ,APP_SIGN_ID,APP_SIGN_ORDER,APP_SIGN_DATE,APP_SIGN_ACCEPT,APP_SIGN_TYPE_CODE) values (30,'test2',1,to_date('21/01/29','RR/MM/DD'),'Y',0);
Insert into ST.APPROVAL_SIGN (APP_SEQ,APP_SIGN_ID,APP_SIGN_ORDER,APP_SIGN_DATE,APP_SIGN_ACCEPT,APP_SIGN_TYPE_CODE) values (30,'test6',2,to_date('21/01/29','RR/MM/DD'),'Y',0);
Insert into ST.APPROVAL_SIGN (APP_SEQ,APP_SIGN_ID,APP_SIGN_ORDER,APP_SIGN_DATE,APP_SIGN_ACCEPT,APP_SIGN_TYPE_CODE) values (31,'test3',1,to_date('21/01/29','RR/MM/DD'),'Y',0);
Insert into ST.APPROVAL_SIGN (APP_SEQ,APP_SIGN_ID,APP_SIGN_ORDER,APP_SIGN_DATE,APP_SIGN_ACCEPT,APP_SIGN_TYPE_CODE) values (32,'test3',1,to_date('21/01/29','RR/MM/DD'),'Y',0);
Insert into ST.APPROVAL_SIGN (APP_SEQ,APP_SIGN_ID,APP_SIGN_ORDER,APP_SIGN_DATE,APP_SIGN_ACCEPT,APP_SIGN_TYPE_CODE) values (37,'test1',1,to_date('21/01/29','RR/MM/DD'),'Y',0);
Insert into ST.APPROVAL_SIGN (APP_SEQ,APP_SIGN_ID,APP_SIGN_ORDER,APP_SIGN_DATE,APP_SIGN_ACCEPT,APP_SIGN_TYPE_CODE) values (43,'1111',1,to_date('21/01/29','RR/MM/DD'),'Y',0);
Insert into ST.APPROVAL_SIGN (APP_SEQ,APP_SIGN_ID,APP_SIGN_ORDER,APP_SIGN_DATE,APP_SIGN_ACCEPT,APP_SIGN_TYPE_CODE) values (43,'test3',-1,null,'N',1);
Insert into ST.APPROVAL_SIGN (APP_SEQ,APP_SIGN_ID,APP_SIGN_ORDER,APP_SIGN_DATE,APP_SIGN_ACCEPT,APP_SIGN_TYPE_CODE) values (44,'1111',-1,null,'N',1);
Insert into ST.APPROVAL_SIGN (APP_SEQ,APP_SIGN_ID,APP_SIGN_ORDER,APP_SIGN_DATE,APP_SIGN_ACCEPT,APP_SIGN_TYPE_CODE) values (44,'test4',1,to_date('21/01/29','RR/MM/DD'),'Y',0);
Insert into ST.APPROVAL_SIGN (APP_SEQ,APP_SIGN_ID,APP_SIGN_ORDER,APP_SIGN_DATE,APP_SIGN_ACCEPT,APP_SIGN_TYPE_CODE) values (53,'test1',1,null,'N',0);
Insert into ST.APPROVAL_SIGN (APP_SEQ,APP_SIGN_ID,APP_SIGN_ORDER,APP_SIGN_DATE,APP_SIGN_ACCEPT,APP_SIGN_TYPE_CODE) values (70,'test1',1,null,'N',0);
Insert into ST.APPROVAL_SIGN (APP_SEQ,APP_SIGN_ID,APP_SIGN_ORDER,APP_SIGN_DATE,APP_SIGN_ACCEPT,APP_SIGN_TYPE_CODE) values (97,'test1',1,null,'N',0);
Insert into ST.APPROVAL_SIGN (APP_SEQ,APP_SIGN_ID,APP_SIGN_ORDER,APP_SIGN_DATE,APP_SIGN_ACCEPT,APP_SIGN_TYPE_CODE) values (98,'test1',1,null,'N',0);
Insert into ST.APPROVAL_SIGN (APP_SEQ,APP_SIGN_ID,APP_SIGN_ORDER,APP_SIGN_DATE,APP_SIGN_ACCEPT,APP_SIGN_TYPE_CODE) values (99,'test1',1,null,'N',0);
Insert into ST.APPROVAL_SIGN (APP_SEQ,APP_SIGN_ID,APP_SIGN_ORDER,APP_SIGN_DATE,APP_SIGN_ACCEPT,APP_SIGN_TYPE_CODE) values (100,'test1',1,null,'N',0);
Insert into ST.APPROVAL_SIGN (APP_SEQ,APP_SIGN_ID,APP_SIGN_ORDER,APP_SIGN_DATE,APP_SIGN_ACCEPT,APP_SIGN_TYPE_CODE) values (101,'test2',1,null,'N',0);
Insert into ST.APPROVAL_SIGN (APP_SEQ,APP_SIGN_ID,APP_SIGN_ORDER,APP_SIGN_DATE,APP_SIGN_ACCEPT,APP_SIGN_TYPE_CODE) values (102,'test2',1,null,'N',0);
Insert into ST.APPROVAL_SIGN (APP_SEQ,APP_SIGN_ID,APP_SIGN_ORDER,APP_SIGN_DATE,APP_SIGN_ACCEPT,APP_SIGN_TYPE_CODE) values (103,'test1',1,null,'N',0);
Insert into ST.APPROVAL_SIGN (APP_SEQ,APP_SIGN_ID,APP_SIGN_ORDER,APP_SIGN_DATE,APP_SIGN_ACCEPT,APP_SIGN_TYPE_CODE) values (104,'test1',1,null,'N',0);
Insert into ST.APPROVAL_SIGN (APP_SEQ,APP_SIGN_ID,APP_SIGN_ORDER,APP_SIGN_DATE,APP_SIGN_ACCEPT,APP_SIGN_TYPE_CODE) values (145,'test1',1,to_date('21/02/23','RR/MM/DD'),'Y',0);
Insert into ST.APPROVAL_SIGN (APP_SEQ,APP_SIGN_ID,APP_SIGN_ORDER,APP_SIGN_DATE,APP_SIGN_ACCEPT,APP_SIGN_TYPE_CODE) values (90,'test1',1,to_date('21/02/11','RR/MM/DD'),'Y',0);
Insert into ST.APPROVAL_SIGN (APP_SEQ,APP_SIGN_ID,APP_SIGN_ORDER,APP_SIGN_DATE,APP_SIGN_ACCEPT,APP_SIGN_TYPE_CODE) values (91,'test1',1,to_date('21/02/11','RR/MM/DD'),'N',0);
Insert into ST.APPROVAL_SIGN (APP_SEQ,APP_SIGN_ID,APP_SIGN_ORDER,APP_SIGN_DATE,APP_SIGN_ACCEPT,APP_SIGN_TYPE_CODE) values (172,'test7',1,to_date('21/03/01','RR/MM/DD'),'Y',0);
Insert into ST.APPROVAL_SIGN (APP_SEQ,APP_SIGN_ID,APP_SIGN_ORDER,APP_SIGN_DATE,APP_SIGN_ACCEPT,APP_SIGN_TYPE_CODE) values (172,'test3',2,null,'N',0);
Insert into ST.APPROVAL_SIGN (APP_SEQ,APP_SIGN_ID,APP_SIGN_ORDER,APP_SIGN_DATE,APP_SIGN_ACCEPT,APP_SIGN_TYPE_CODE) values (172,'1004',-1,null,'N',1);
Insert into ST.APPROVAL_SIGN (APP_SEQ,APP_SIGN_ID,APP_SIGN_ORDER,APP_SIGN_DATE,APP_SIGN_ACCEPT,APP_SIGN_TYPE_CODE) values (173,'test7',1,to_date('21/03/01','RR/MM/DD'),'Y',0);
Insert into ST.APPROVAL_SIGN (APP_SEQ,APP_SIGN_ID,APP_SIGN_ORDER,APP_SIGN_DATE,APP_SIGN_ACCEPT,APP_SIGN_TYPE_CODE) values (174,'kh2001',1,to_date('21/03/02','RR/MM/DD'),'Y',0);
Insert into ST.APPROVAL_SIGN (APP_SEQ,APP_SIGN_ID,APP_SIGN_ORDER,APP_SIGN_DATE,APP_SIGN_ACCEPT,APP_SIGN_TYPE_CODE) values (174,'kh2007',2,to_date('21/03/08','RR/MM/DD'),'Y',0);
Insert into ST.APPROVAL_SIGN (APP_SEQ,APP_SIGN_ID,APP_SIGN_ORDER,APP_SIGN_DATE,APP_SIGN_ACCEPT,APP_SIGN_TYPE_CODE) values (174,'kh2019',3,null,'N',0);
Insert into ST.APPROVAL_SIGN (APP_SEQ,APP_SIGN_ID,APP_SIGN_ORDER,APP_SIGN_DATE,APP_SIGN_ACCEPT,APP_SIGN_TYPE_CODE) values (175,'kh2001',1,null,'N',0);
Insert into ST.APPROVAL_SIGN (APP_SEQ,APP_SIGN_ID,APP_SIGN_ORDER,APP_SIGN_DATE,APP_SIGN_ACCEPT,APP_SIGN_TYPE_CODE) values (175,'kh2000',2,null,'N',0);
Insert into ST.APPROVAL_SIGN (APP_SEQ,APP_SIGN_ID,APP_SIGN_ORDER,APP_SIGN_DATE,APP_SIGN_ACCEPT,APP_SIGN_TYPE_CODE) values (176,'kh2001',1,to_date('21/03/02','RR/MM/DD'),'N',0);
Insert into ST.APPROVAL_SIGN (APP_SEQ,APP_SIGN_ID,APP_SIGN_ORDER,APP_SIGN_DATE,APP_SIGN_ACCEPT,APP_SIGN_TYPE_CODE) values (177,'kh2001',1,to_date('21/03/05','RR/MM/DD'),'Y',0);
Insert into ST.APPROVAL_SIGN (APP_SEQ,APP_SIGN_ID,APP_SIGN_ORDER,APP_SIGN_DATE,APP_SIGN_ACCEPT,APP_SIGN_TYPE_CODE) values (184,'test1',1,to_date('21/03/05','RR/MM/DD'),'N',0);
Insert into ST.APPROVAL_SIGN (APP_SEQ,APP_SIGN_ID,APP_SIGN_ORDER,APP_SIGN_DATE,APP_SIGN_ACCEPT,APP_SIGN_TYPE_CODE) values (193,'1111',1,to_date('21/03/05','RR/MM/DD'),'Y',0);
Insert into ST.APPROVAL_SIGN (APP_SEQ,APP_SIGN_ID,APP_SIGN_ORDER,APP_SIGN_DATE,APP_SIGN_ACCEPT,APP_SIGN_TYPE_CODE) values (193,'test2',2,null,'N',0);
Insert into ST.APPROVAL_SIGN (APP_SEQ,APP_SIGN_ID,APP_SIGN_ORDER,APP_SIGN_DATE,APP_SIGN_ACCEPT,APP_SIGN_TYPE_CODE) values (194,'1111',1,to_date('21/03/05','RR/MM/DD'),'Y',0);
Insert into ST.APPROVAL_SIGN (APP_SEQ,APP_SIGN_ID,APP_SIGN_ORDER,APP_SIGN_DATE,APP_SIGN_ACCEPT,APP_SIGN_TYPE_CODE) values (195,'kh2004',1,to_date('21/03/05','RR/MM/DD'),'Y',0);
Insert into ST.APPROVAL_SIGN (APP_SEQ,APP_SIGN_ID,APP_SIGN_ORDER,APP_SIGN_DATE,APP_SIGN_ACCEPT,APP_SIGN_TYPE_CODE) values (195,'kh2013',2,to_date('21/03/08','RR/MM/DD'),'Y',2);
Insert into ST.APPROVAL_SIGN (APP_SEQ,APP_SIGN_ID,APP_SIGN_ORDER,APP_SIGN_DATE,APP_SIGN_ACCEPT,APP_SIGN_TYPE_CODE) values (195,'kh2019',-1,null,'N',1);
Insert into ST.APPROVAL_SIGN (APP_SEQ,APP_SIGN_ID,APP_SIGN_ORDER,APP_SIGN_DATE,APP_SIGN_ACCEPT,APP_SIGN_TYPE_CODE) values (195,'kh2012',-1,null,'N',1);
Insert into ST.APPROVAL_SIGN (APP_SEQ,APP_SIGN_ID,APP_SIGN_ORDER,APP_SIGN_DATE,APP_SIGN_ACCEPT,APP_SIGN_TYPE_CODE) values (195,'kh2007',-1,null,'N',1);
Insert into ST.APPROVAL_SIGN (APP_SEQ,APP_SIGN_ID,APP_SIGN_ORDER,APP_SIGN_DATE,APP_SIGN_ACCEPT,APP_SIGN_TYPE_CODE) values (195,'kh2017',-1,null,'N',1);
Insert into ST.APPROVAL_SIGN (APP_SEQ,APP_SIGN_ID,APP_SIGN_ORDER,APP_SIGN_DATE,APP_SIGN_ACCEPT,APP_SIGN_TYPE_CODE) values (195,'kh2000',-1,null,'N',1);
Insert into ST.APPROVAL_SIGN (APP_SEQ,APP_SIGN_ID,APP_SIGN_ORDER,APP_SIGN_DATE,APP_SIGN_ACCEPT,APP_SIGN_TYPE_CODE) values (195,'kh2022',2,to_date('21/03/08','RR/MM/DD'),'Y',2);
Insert into ST.APPROVAL_SIGN (APP_SEQ,APP_SIGN_ID,APP_SIGN_ORDER,APP_SIGN_DATE,APP_SIGN_ACCEPT,APP_SIGN_TYPE_CODE) values (195,'admin',2,to_date('21/03/05','RR/MM/DD'),'Y',2);
Insert into ST.APPROVAL_SIGN (APP_SEQ,APP_SIGN_ID,APP_SIGN_ORDER,APP_SIGN_DATE,APP_SIGN_ACCEPT,APP_SIGN_TYPE_CODE) values (196,'kh2004',1,to_date('21/03/08','RR/MM/DD'),'N',0);
Insert into ST.APPROVAL_SIGN (APP_SEQ,APP_SIGN_ID,APP_SIGN_ORDER,APP_SIGN_DATE,APP_SIGN_ACCEPT,APP_SIGN_TYPE_CODE) values (196,'kh2013',-1,null,'N',1);
Insert into ST.APPROVAL_SIGN (APP_SEQ,APP_SIGN_ID,APP_SIGN_ORDER,APP_SIGN_DATE,APP_SIGN_ACCEPT,APP_SIGN_TYPE_CODE) values (198,'kh2006',1,to_date('21/03/07','RR/MM/DD'),'Y',0);
Insert into ST.APPROVAL_SIGN (APP_SEQ,APP_SIGN_ID,APP_SIGN_ORDER,APP_SIGN_DATE,APP_SIGN_ACCEPT,APP_SIGN_TYPE_CODE) values (198,'kh2021',-1,null,'N',1);
Insert into ST.APPROVAL_SIGN (APP_SEQ,APP_SIGN_ID,APP_SIGN_ORDER,APP_SIGN_DATE,APP_SIGN_ACCEPT,APP_SIGN_TYPE_CODE) values (198,'kh2008',2,to_date('21/03/07','RR/MM/DD'),'Y',0);
Insert into ST.APPROVAL_SIGN (APP_SEQ,APP_SIGN_ID,APP_SIGN_ORDER,APP_SIGN_DATE,APP_SIGN_ACCEPT,APP_SIGN_TYPE_CODE) values (198,'kh2014',3,null,'N',0);
Insert into ST.APPROVAL_SIGN (APP_SEQ,APP_SIGN_ID,APP_SIGN_ORDER,APP_SIGN_DATE,APP_SIGN_ACCEPT,APP_SIGN_TYPE_CODE) values (199,'kh2006',1,to_date('21/03/07','RR/MM/DD'),'Y',0);
Insert into ST.APPROVAL_SIGN (APP_SEQ,APP_SIGN_ID,APP_SIGN_ORDER,APP_SIGN_DATE,APP_SIGN_ACCEPT,APP_SIGN_TYPE_CODE) values (199,'kh2017',2,null,'N',0);
Insert into ST.APPROVAL_SIGN (APP_SEQ,APP_SIGN_ID,APP_SIGN_ORDER,APP_SIGN_DATE,APP_SIGN_ACCEPT,APP_SIGN_TYPE_CODE) values (199,'kh2000',3,null,'N',0);
Insert into ST.APPROVAL_SIGN (APP_SEQ,APP_SIGN_ID,APP_SIGN_ORDER,APP_SIGN_DATE,APP_SIGN_ACCEPT,APP_SIGN_TYPE_CODE) values (200,'kh2009',1,to_date('21/03/07','RR/MM/DD'),'Y',0);
Insert into ST.APPROVAL_SIGN (APP_SEQ,APP_SIGN_ID,APP_SIGN_ORDER,APP_SIGN_DATE,APP_SIGN_ACCEPT,APP_SIGN_TYPE_CODE) values (200,'kh2001',-1,null,'N',1);
Insert into ST.APPROVAL_SIGN (APP_SEQ,APP_SIGN_ID,APP_SIGN_ORDER,APP_SIGN_DATE,APP_SIGN_ACCEPT,APP_SIGN_TYPE_CODE) values (200,'kh2015',-1,null,'N',1);
Insert into ST.APPROVAL_SIGN (APP_SEQ,APP_SIGN_ID,APP_SIGN_ORDER,APP_SIGN_DATE,APP_SIGN_ACCEPT,APP_SIGN_TYPE_CODE) values (200,'kh2010',2,to_date('21/03/07','RR/MM/DD'),'N',0);
Insert into ST.APPROVAL_SIGN (APP_SEQ,APP_SIGN_ID,APP_SIGN_ORDER,APP_SIGN_DATE,APP_SIGN_ACCEPT,APP_SIGN_TYPE_CODE) values (200,'kh2016',3,null,'N',0);
Insert into ST.APPROVAL_SIGN (APP_SEQ,APP_SIGN_ID,APP_SIGN_ORDER,APP_SIGN_DATE,APP_SIGN_ACCEPT,APP_SIGN_TYPE_CODE) values (201,'kh2009',1,to_date('21/03/07','RR/MM/DD'),'Y',0);
Insert into ST.APPROVAL_SIGN (APP_SEQ,APP_SIGN_ID,APP_SIGN_ORDER,APP_SIGN_DATE,APP_SIGN_ACCEPT,APP_SIGN_TYPE_CODE) values (202,'kh2009',1,to_date('21/03/07','RR/MM/DD'),'Y',0);
Insert into ST.APPROVAL_SIGN (APP_SEQ,APP_SIGN_ID,APP_SIGN_ORDER,APP_SIGN_DATE,APP_SIGN_ACCEPT,APP_SIGN_TYPE_CODE) values (202,'kh2000',2,to_date('21/03/08','RR/MM/DD'),'N',0);
Insert into ST.APPROVAL_SIGN (APP_SEQ,APP_SIGN_ID,APP_SIGN_ORDER,APP_SIGN_DATE,APP_SIGN_ACCEPT,APP_SIGN_TYPE_CODE) values (202,'kh2017',3,null,'N',0);
Insert into ST.APPROVAL_SIGN (APP_SEQ,APP_SIGN_ID,APP_SIGN_ORDER,APP_SIGN_DATE,APP_SIGN_ACCEPT,APP_SIGN_TYPE_CODE) values (202,'kh2007',4,null,'N',0);
Insert into ST.APPROVAL_SIGN (APP_SEQ,APP_SIGN_ID,APP_SIGN_ORDER,APP_SIGN_DATE,APP_SIGN_ACCEPT,APP_SIGN_TYPE_CODE) values (214,'test1',1,null,'N',0);
REM INSERTING into ST.APPROVAL_SIGN_TYPE
SET DEFINE OFF;
Insert into ST.APPROVAL_SIGN_TYPE (APP_SIGN_TYPE_CODE,APP_SIGN_TYPE_NAME) values (0,'결재자');
Insert into ST.APPROVAL_SIGN_TYPE (APP_SIGN_TYPE_CODE,APP_SIGN_TYPE_NAME) values (1,'참조자');
Insert into ST.APPROVAL_SIGN_TYPE (APP_SIGN_TYPE_CODE,APP_SIGN_TYPE_NAME) values (2,'합의자');
REM INSERTING into ST.APPROVAL_STATUS
SET DEFINE OFF;
Insert into ST.APPROVAL_STATUS (APP_STATUS_CODE,APP_STATUS_NAME) values (0,'결재완료');
Insert into ST.APPROVAL_STATUS (APP_STATUS_CODE,APP_STATUS_NAME) values (1,'진행중');
Insert into ST.APPROVAL_STATUS (APP_STATUS_CODE,APP_STATUS_NAME) values (2,'반송');
Insert into ST.APPROVAL_STATUS (APP_STATUS_CODE,APP_STATUS_NAME) values (3,'회수');
REM INSERTING into ST.APPROVAL_TYPE
SET DEFINE OFF;
Insert into ST.APPROVAL_TYPE (APP_TYPE_CODE,APP_TYPE_NAME) values (8,'주간 업무일지');
Insert into ST.APPROVAL_TYPE (APP_TYPE_CODE,APP_TYPE_NAME) values (9,'월간 업무일지');
Insert into ST.APPROVAL_TYPE (APP_TYPE_CODE,APP_TYPE_NAME) values (7,'일일 업무일지');
Insert into ST.APPROVAL_TYPE (APP_TYPE_CODE,APP_TYPE_NAME) values (0,'기안서');
Insert into ST.APPROVAL_TYPE (APP_TYPE_CODE,APP_TYPE_NAME) values (1,'품의서');
Insert into ST.APPROVAL_TYPE (APP_TYPE_CODE,APP_TYPE_NAME) values (2,'지출결의서');
Insert into ST.APPROVAL_TYPE (APP_TYPE_CODE,APP_TYPE_NAME) values (3,'휴가계');
Insert into ST.APPROVAL_TYPE (APP_TYPE_CODE,APP_TYPE_NAME) values (4,'회의록');
Insert into ST.APPROVAL_TYPE (APP_TYPE_CODE,APP_TYPE_NAME) values (5,'발주서');
Insert into ST.APPROVAL_TYPE (APP_TYPE_CODE,APP_TYPE_NAME) values (6,'출장계');
REM INSERTING into ST.BREAK
SET DEFINE OFF;
Insert into ST.BREAK (BREAK_SEQ,BREAK_ID,BREAK_CODE,BREAK_DISCOUNT,BREAK_START_DATE,BREAK_END_DATE,BREAK_REASON,APP_SEQ,BREAK_ACCEPT) values (18,'test1',4,0,to_date('21/02/18','RR/MM/DD'),to_date('21/02/25','RR/MM/DD'),'<p>휴가 구분 : 교육/훈련계</p><p>신청 기간 : 2021-02-18 ~ 2021-02-25</p><font color="#000000" style="background-color: rgb(255, 255, 0);">상기와 같은 사유로 휴가를 신청합니다.</font>',146,'Y');
Insert into ST.BREAK (BREAK_SEQ,BREAK_ID,BREAK_CODE,BREAK_DISCOUNT,BREAK_START_DATE,BREAK_END_DATE,BREAK_REASON,APP_SEQ,BREAK_ACCEPT) values (39,'1111',7,0,to_date('21/03/09','RR/MM/DD'),to_date('21/03/09','RR/MM/DD'),'<p>휴가 구분 : 생일휴가</p><p>신청 기간 : 2021-03-09 ~ 2021-03-09</p>',212,null);
Insert into ST.BREAK (BREAK_SEQ,BREAK_ID,BREAK_CODE,BREAK_DISCOUNT,BREAK_START_DATE,BREAK_END_DATE,BREAK_REASON,APP_SEQ,BREAK_ACCEPT) values (40,'1111',7,0,to_date('21/03/08','RR/MM/DD'),to_date('21/03/08','RR/MM/DD'),'<p>휴가 구분 : 생일휴가</p><p>신청 기간 : 2021-03-08 ~ 2021-03-08</p>',213,null);
Insert into ST.BREAK (BREAK_SEQ,BREAK_ID,BREAK_CODE,BREAK_DISCOUNT,BREAK_START_DATE,BREAK_END_DATE,BREAK_REASON,APP_SEQ,BREAK_ACCEPT) values (45,'kh2012',7,0,to_date('21/03/08','RR/MM/DD'),to_date('21/03/08','RR/MM/DD'),'<p>휴가 구분 : 생일휴가</p><p>신청 기간 : 2021-03-08 ~ 2021-03-08</p>',283,null);
Insert into ST.BREAK (BREAK_SEQ,BREAK_ID,BREAK_CODE,BREAK_DISCOUNT,BREAK_START_DATE,BREAK_END_DATE,BREAK_REASON,APP_SEQ,BREAK_ACCEPT) values (7,'test1',0,1,to_date('21/01/29','RR/MM/DD'),to_date('21/01/29','RR/MM/DD'),'<p>tests</p>',143,'Y');
Insert into ST.BREAK (BREAK_SEQ,BREAK_ID,BREAK_CODE,BREAK_DISCOUNT,BREAK_START_DATE,BREAK_END_DATE,BREAK_REASON,APP_SEQ,BREAK_ACCEPT) values (46,'kh2006',7,0,to_date('21/03/08','RR/MM/DD'),to_date('21/03/08','RR/MM/DD'),'<p>휴가 구분 : 생일휴가</p><p>신청 기간 : 2021-03-08 ~ 2021-03-08</p>',284,'Y');
Insert into ST.BREAK (BREAK_SEQ,BREAK_ID,BREAK_CODE,BREAK_DISCOUNT,BREAK_START_DATE,BREAK_END_DATE,BREAK_REASON,APP_SEQ,BREAK_ACCEPT) values (9,'test2',7,0,to_date('21/02/19','RR/MM/DD'),to_date('21/02/01','RR/MM/DD'),'<p>휴가 구분 : 생일휴가</p><p>신청 기간 : 2021-02-19 ~ 2021-02-01</p><font color="#000000" style="background-color: rgb(255, 255, 0);">상기와 같은 사유로 휴가를 신청합니다.</font>',142,'N');
Insert into ST.BREAK (BREAK_SEQ,BREAK_ID,BREAK_CODE,BREAK_DISCOUNT,BREAK_START_DATE,BREAK_END_DATE,BREAK_REASON,APP_SEQ,BREAK_ACCEPT) values (10,'test2',7,0,to_date('21/02/19','RR/MM/DD'),to_date('21/02/01','RR/MM/DD'),'<p>휴가 구분 : 생일휴가</p><p>신청 기간 : 2021-02-19 ~ 2021-02-01</p><font color="#000000" style="background-color: rgb(255, 255, 0);">상기와 같은 사유로 휴가를 신청합니다.</font>',141,'N');
Insert into ST.BREAK (BREAK_SEQ,BREAK_ID,BREAK_CODE,BREAK_DISCOUNT,BREAK_START_DATE,BREAK_END_DATE,BREAK_REASON,APP_SEQ,BREAK_ACCEPT) values (11,'test2',7,0,to_date('21/02/19','RR/MM/DD'),to_date('21/02/01','RR/MM/DD'),'<p>휴가 구분 : 생일휴가</p><p>신청 기간 : 2021-02-19 ~ 2021-02-01</p><font color="#000000" style="background-color: rgb(255, 255, 0);">상기와 같은 사유로 휴가를 신청합니다.</font>',140,'N');
Insert into ST.BREAK (BREAK_SEQ,BREAK_ID,BREAK_CODE,BREAK_DISCOUNT,BREAK_START_DATE,BREAK_END_DATE,BREAK_REASON,APP_SEQ,BREAK_ACCEPT) values (12,'test2',7,0,to_date('21/02/19','RR/MM/DD'),to_date('21/02/01','RR/MM/DD'),'<p>휴가 구분 : 생일휴가</p><p>신청 기간 : 2021-02-19 ~ 2021-02-01</p><font color="#000000" style="background-color: rgb(255, 255, 0);">상기와 같은 사유로 휴가를 신청합니다.</font>',119,'N');
Insert into ST.BREAK (BREAK_SEQ,BREAK_ID,BREAK_CODE,BREAK_DISCOUNT,BREAK_START_DATE,BREAK_END_DATE,BREAK_REASON,APP_SEQ,BREAK_ACCEPT) values (14,'test1',7,0,to_date('21/02/17','RR/MM/DD'),to_date('21/02/24','RR/MM/DD'),'<p>휴가 구분 : 생일휴가</p><p>신청 기간 : 2021-02-17 ~ 2021-02-17</p><font color="#000000" style="background-color: rgb(255, 255, 0);">상기와 같은 사유로 휴가를 신청합니다.</font>',118,'N');
Insert into ST.BREAK (BREAK_SEQ,BREAK_ID,BREAK_CODE,BREAK_DISCOUNT,BREAK_START_DATE,BREAK_END_DATE,BREAK_REASON,APP_SEQ,BREAK_ACCEPT) values (15,'test1',2,0.5,to_date('21/02/22','RR/MM/DD'),to_date('21/02/22','RR/MM/DD'),'<p>휴가 구분 : 보건휴가계</p><p>신청 기간 : 2021-02-22 ~ 2021-02-22</p><font color="#000000" style="background-color: rgb(255, 255, 0);">상기와 같은 사유로 휴가를 신청합니다.</font>',117,'N');
Insert into ST.BREAK (BREAK_SEQ,BREAK_ID,BREAK_CODE,BREAK_DISCOUNT,BREAK_START_DATE,BREAK_END_DATE,BREAK_REASON,APP_SEQ,BREAK_ACCEPT) values (16,'test1',2,0.5,to_date('21/02/22','RR/MM/DD'),to_date('21/02/22','RR/MM/DD'),'<p>휴가 구분 : 보건휴가계</p><p>신청 기간 : 2021-02-22 ~ 2021-02-22</p><font color="#000000" style="background-color: rgb(255, 255, 0);">상기와 같은 사유로 휴가를 신청합니다.</font>',115,'N');
Insert into ST.BREAK (BREAK_SEQ,BREAK_ID,BREAK_CODE,BREAK_DISCOUNT,BREAK_START_DATE,BREAK_END_DATE,BREAK_REASON,APP_SEQ,BREAK_ACCEPT) values (19,'test1',0,1,to_date('21/02/22','RR/MM/DD'),to_date('21/02/23','RR/MM/DD'),'<p>휴가 구분 : 정기휴가계</p><p>신청 기간 : 2021-02-22 ~ 2021-02-23</p><font color="#000000" style="background-color: rgb(255, 255, 0);">상기와 같은 사유로 휴가를 신청합니다.</font>',147,'Y');
Insert into ST.BREAK (BREAK_SEQ,BREAK_ID,BREAK_CODE,BREAK_DISCOUNT,BREAK_START_DATE,BREAK_END_DATE,BREAK_REASON,APP_SEQ,BREAK_ACCEPT) values (20,'test1',0,1,to_date('21/02/22','RR/MM/DD'),to_date('21/02/23','RR/MM/DD'),'<p>휴가 구분 : 정기휴가계</p><p>신청 기간 : 2021-02-22 ~ 2021-02-23</p><font color="#000000" style="background-color: rgb(255, 255, 0);">상기와 같은 사유로 휴가를 신청합니다.</font>',148,'Y');
Insert into ST.BREAK (BREAK_SEQ,BREAK_ID,BREAK_CODE,BREAK_DISCOUNT,BREAK_START_DATE,BREAK_END_DATE,BREAK_REASON,APP_SEQ,BREAK_ACCEPT) values (21,'test1',0,1,to_date('21/02/22','RR/MM/DD'),to_date('21/02/24','RR/MM/DD'),'<p>휴가 구분 : 정기휴가계</p><p>신청 기간 : 2021-02-22 ~ 2021-02-24</p><font color="#000000" style="background-color: rgb(255, 255, 0);">상기와 같은 사유로 휴가를 신청합니다.</font>',149,'Y');
Insert into ST.BREAK (BREAK_SEQ,BREAK_ID,BREAK_CODE,BREAK_DISCOUNT,BREAK_START_DATE,BREAK_END_DATE,BREAK_REASON,APP_SEQ,BREAK_ACCEPT) values (22,'test1',0,1,to_date('21/02/22','RR/MM/DD'),to_date('21/02/23','RR/MM/DD'),'<p>휴가 구분 : 정기휴가계</p><p>신청 기간 : 2021-02-22 ~ 2021-02-23</p><font color="#000000" style="background-color: rgb(255, 255, 0);">상기와 같은 사유로 휴가를 신청합니다.</font>',150,'Y');
Insert into ST.BREAK (BREAK_SEQ,BREAK_ID,BREAK_CODE,BREAK_DISCOUNT,BREAK_START_DATE,BREAK_END_DATE,BREAK_REASON,APP_SEQ,BREAK_ACCEPT) values (23,'test1',0,1,to_date('21/02/23','RR/MM/DD'),to_date('21/02/23','RR/MM/DD'),'<p>휴가 구분 : 정기휴가계</p><p>신청 기간 : 2021-02-23 ~ 2021-02-23</p><font color="#000000" style="background-color: rgb(255, 255, 0);">상기와 같은 사유로 휴가를 신청합니다.</font>',151,'Y');
Insert into ST.BREAK (BREAK_SEQ,BREAK_ID,BREAK_CODE,BREAK_DISCOUNT,BREAK_START_DATE,BREAK_END_DATE,BREAK_REASON,APP_SEQ,BREAK_ACCEPT) values (24,'test1',0,1,to_date('21/02/22','RR/MM/DD'),to_date('21/02/23','RR/MM/DD'),'<p>휴가 구분 : 정기휴가계</p><p>신청 기간 : 2021-02-22 ~ 2021-02-23</p><font color="#000000" style="background-color: rgb(255, 255, 0);">상기와 같은 사유로 휴가를 신청합니다.</font>',152,'Y');
Insert into ST.BREAK (BREAK_SEQ,BREAK_ID,BREAK_CODE,BREAK_DISCOUNT,BREAK_START_DATE,BREAK_END_DATE,BREAK_REASON,APP_SEQ,BREAK_ACCEPT) values (41,'kh2016',3,0,to_date('21/03/08','RR/MM/DD'),to_date('21/03/08','RR/MM/DD'),'<p>휴가 구분 : 경조사 휴가계</p><p>신청 기간 : 2021-03-08 ~ 2021-03-08</p>',251,null);
Insert into ST.BREAK (BREAK_SEQ,BREAK_ID,BREAK_CODE,BREAK_DISCOUNT,BREAK_START_DATE,BREAK_END_DATE,BREAK_REASON,APP_SEQ,BREAK_ACCEPT) values (42,'kh2020',7,0,to_date('21/03/08','RR/MM/DD'),to_date('21/03/12','RR/MM/DD'),'<p>휴가 구분 : 생일휴가</p><p>신청 기간 : 2021-03-08 ~ 2021-03-12</p>',253,null);
Insert into ST.BREAK (BREAK_SEQ,BREAK_ID,BREAK_CODE,BREAK_DISCOUNT,BREAK_START_DATE,BREAK_END_DATE,BREAK_REASON,APP_SEQ,BREAK_ACCEPT) values (43,'kh2022',7,0,to_date('21/03/08','RR/MM/DD'),to_date('21/03/12','RR/MM/DD'),'<p>휴가 구분 : 생일휴가</p><p>신청 기간 : 2021-03-08 ~ 2021-03-12</p>',262,null);
Insert into ST.BREAK (BREAK_SEQ,BREAK_ID,BREAK_CODE,BREAK_DISCOUNT,BREAK_START_DATE,BREAK_END_DATE,BREAK_REASON,APP_SEQ,BREAK_ACCEPT) values (44,'kh2000',7,0,to_date('21/03/08','RR/MM/DD'),to_date('21/03/10','RR/MM/DD'),'<p>휴가 구분 : 생일휴가</p><p>신청 기간 : 2021-03-08 ~ 2021-03-10</p>',263,'Y');
Insert into ST.BREAK (BREAK_SEQ,BREAK_ID,BREAK_CODE,BREAK_DISCOUNT,BREAK_START_DATE,BREAK_END_DATE,BREAK_REASON,APP_SEQ,BREAK_ACCEPT) values (47,'kh2001',15,0,to_date('21/03/08','RR/MM/DD'),to_date('21/03/08','RR/MM/DD'),'<p>휴가 구분 : 100일 휴가</p><p>신청 기간 : 2021-03-08 ~ 2021-03-08</p>',288,null);
Insert into ST.BREAK (BREAK_SEQ,BREAK_ID,BREAK_CODE,BREAK_DISCOUNT,BREAK_START_DATE,BREAK_END_DATE,BREAK_REASON,APP_SEQ,BREAK_ACCEPT) values (6,'1111',0,1,to_date('21/01/26','RR/MM/DD'),to_date('21/01/26','RR/MM/DD'),'<p>test</p>',71,'N');
Insert into ST.BREAK (BREAK_SEQ,BREAK_ID,BREAK_CODE,BREAK_DISCOUNT,BREAK_START_DATE,BREAK_END_DATE,BREAK_REASON,APP_SEQ,BREAK_ACCEPT) values (8,'test1',4,0,to_date('21/02/10','RR/MM/DD'),to_date('21/02/10','RR/MM/DD'),'<p>휴가 구분 : 교육/훈련계</p><p>신청 기간 : 2021-02-10 ~ 2021-02-10</p><p>상기와 같은 사유로 휴가계를 제출합니다. </p>',52,'Y');
Insert into ST.BREAK (BREAK_SEQ,BREAK_ID,BREAK_CODE,BREAK_DISCOUNT,BREAK_START_DATE,BREAK_END_DATE,BREAK_REASON,APP_SEQ,BREAK_ACCEPT) values (30,'test1',7,0,to_date('21/03/05','RR/MM/DD'),to_date('21/03/05','RR/MM/DD'),'<p>휴가 구분 : 생일휴가</p><p>신청 기간 : 2021-03-05 ~ 2021-03-05</p>',192,'Y');
Insert into ST.BREAK (BREAK_SEQ,BREAK_ID,BREAK_CODE,BREAK_DISCOUNT,BREAK_START_DATE,BREAK_END_DATE,BREAK_REASON,APP_SEQ,BREAK_ACCEPT) values (34,'kh2003',0,1,to_date('21/03/08','RR/MM/DD'),to_date('21/03/08','RR/MM/DD'),'<p>휴가 구분 : 정기휴가계</p><p>신청 기간 : 2021-03-08 ~ 2021-03-08</p>',197,null);
Insert into ST.BREAK (BREAK_SEQ,BREAK_ID,BREAK_CODE,BREAK_DISCOUNT,BREAK_START_DATE,BREAK_END_DATE,BREAK_REASON,APP_SEQ,BREAK_ACCEPT) values (17,'test1',2,0.5,to_date('21/02/18','RR/MM/DD'),to_date('21/02/25','RR/MM/DD'),'<p>휴가 구분 : 보건휴가계</p><p>신청 기간 : 2021-02-18 ~ 2021-02-25</p><font color="#000000" style="background-color: rgb(255, 255, 0);">상기와 같은 사유로 휴가를 신청합니다.</font>',145,'Y');
Insert into ST.BREAK (BREAK_SEQ,BREAK_ID,BREAK_CODE,BREAK_DISCOUNT,BREAK_START_DATE,BREAK_END_DATE,BREAK_REASON,APP_SEQ,BREAK_ACCEPT) values (31,'1111',7,0,to_date('21/03/05','RR/MM/DD'),to_date('21/03/05','RR/MM/DD'),'<p>휴가 구분 : 생일휴가</p><p>신청 기간 : 2021-03-05 ~ 2021-03-05</p>',193,null);
Insert into ST.BREAK (BREAK_SEQ,BREAK_ID,BREAK_CODE,BREAK_DISCOUNT,BREAK_START_DATE,BREAK_END_DATE,BREAK_REASON,APP_SEQ,BREAK_ACCEPT) values (32,'1111',7,0,to_date('21/03/05','RR/MM/DD'),to_date('21/03/05','RR/MM/DD'),'<p>휴가 구분 : 생일휴가</p><p>신청 기간 : 2021-03-05 ~ 2021-03-05</p>',194,'Y');
Insert into ST.BREAK (BREAK_SEQ,BREAK_ID,BREAK_CODE,BREAK_DISCOUNT,BREAK_START_DATE,BREAK_END_DATE,BREAK_REASON,APP_SEQ,BREAK_ACCEPT) values (33,'kh2004',0,1,to_date('21/03/09','RR/MM/DD'),to_date('21/03/12','RR/MM/DD'),'<p>휴가 구분 : 정기휴가계</p><p>신청 기간 : 2021-03-09 ~ 2021-03-12</p>',196,null);
Insert into ST.BREAK (BREAK_SEQ,BREAK_ID,BREAK_CODE,BREAK_DISCOUNT,BREAK_START_DATE,BREAK_END_DATE,BREAK_REASON,APP_SEQ,BREAK_ACCEPT) values (35,'kh2009',7,0,to_date('21/03/07','RR/MM/DD'),to_date('21/03/07','RR/MM/DD'),'<p>휴가 구분 : 생일휴가</p><p>신청 기간 : 2021-03-07 ~ 2021-03-07</p>',202,null);
REM INSERTING into ST.BREAK_TYPE
SET DEFINE OFF;
Insert into ST.BREAK_TYPE (BREAK_CODE,BREAK_NAME,BREAK_DISCOUNT) values (7,'생일휴가',0);
Insert into ST.BREAK_TYPE (BREAK_CODE,BREAK_NAME,BREAK_DISCOUNT) values (15,'100일 휴가',0);
Insert into ST.BREAK_TYPE (BREAK_CODE,BREAK_NAME,BREAK_DISCOUNT) values (0,'정기휴가계',1);
Insert into ST.BREAK_TYPE (BREAK_CODE,BREAK_NAME,BREAK_DISCOUNT) values (1,'결근(병가)계',0);
Insert into ST.BREAK_TYPE (BREAK_CODE,BREAK_NAME,BREAK_DISCOUNT) values (2,'보건휴가계',0.5);
Insert into ST.BREAK_TYPE (BREAK_CODE,BREAK_NAME,BREAK_DISCOUNT) values (3,'경조사 휴가계',0);
Insert into ST.BREAK_TYPE (BREAK_CODE,BREAK_NAME,BREAK_DISCOUNT) values (4,'교육/훈련계',0);
Insert into ST.BREAK_TYPE (BREAK_CODE,BREAK_NAME,BREAK_DISCOUNT) values (5,'출산휴가계',1);
Insert into ST.BREAK_TYPE (BREAK_CODE,BREAK_NAME,BREAK_DISCOUNT) values (6,'반차휴가계',0.5);
Insert into ST.BREAK_TYPE (BREAK_CODE,BREAK_NAME,BREAK_DISCOUNT) values (12,'리프레쉬 휴가',3);
Insert into ST.BREAK_TYPE (BREAK_CODE,BREAK_NAME,BREAK_DISCOUNT) values (13,'그냥쉬어!',0);
REM INSERTING into ST.BUSINESS_LOG_PERIOD
SET DEFINE OFF;
Insert into ST.BUSINESS_LOG_PERIOD (APP_SEQ,BIZ_PERIODSTART,BIZ_PERIODEND) values (112,to_date('21/02/08','RR/MM/DD'),to_date('21/02/15','RR/MM/DD'));
Insert into ST.BUSINESS_LOG_PERIOD (APP_SEQ,BIZ_PERIODSTART,BIZ_PERIODEND) values (182,to_date('21/03/02','RR/MM/DD'),to_date('21/03/02','RR/MM/DD'));
Insert into ST.BUSINESS_LOG_PERIOD (APP_SEQ,BIZ_PERIODSTART,BIZ_PERIODEND) values (270,to_date('21/03/07','RR/MM/DD'),to_date('21/03/07','RR/MM/DD'));
Insert into ST.BUSINESS_LOG_PERIOD (APP_SEQ,BIZ_PERIODSTART,BIZ_PERIODEND) values (273,to_date('21/03/07','RR/MM/DD'),to_date('21/03/07','RR/MM/DD'));
Insert into ST.BUSINESS_LOG_PERIOD (APP_SEQ,BIZ_PERIODSTART,BIZ_PERIODEND) values (282,to_date('21/03/07','RR/MM/DD'),to_date('21/03/07','RR/MM/DD'));
Insert into ST.BUSINESS_LOG_PERIOD (APP_SEQ,BIZ_PERIODSTART,BIZ_PERIODEND) values (285,to_date('21/03/08','RR/MM/DD'),to_date('21/03/08','RR/MM/DD'));
Insert into ST.BUSINESS_LOG_PERIOD (APP_SEQ,BIZ_PERIODSTART,BIZ_PERIODEND) values (286,to_date('21/03/08','RR/MM/DD'),to_date('21/03/15','RR/MM/DD'));
Insert into ST.BUSINESS_LOG_PERIOD (APP_SEQ,BIZ_PERIODSTART,BIZ_PERIODEND) values (292,to_date('21/03/15','RR/MM/DD'),to_date('21/03/22','RR/MM/DD'));
Insert into ST.BUSINESS_LOG_PERIOD (APP_SEQ,BIZ_PERIODSTART,BIZ_PERIODEND) values (107,to_date('21/02/01','RR/MM/DD'),to_date('21/02/28','RR/MM/DD'));
Insert into ST.BUSINESS_LOG_PERIOD (APP_SEQ,BIZ_PERIODSTART,BIZ_PERIODEND) values (110,to_date('21/03/29','RR/MM/DD'),to_date('21/03/08','RR/MM/DD'));
Insert into ST.BUSINESS_LOG_PERIOD (APP_SEQ,BIZ_PERIODSTART,BIZ_PERIODEND) values (276,to_date('21/03/07','RR/MM/DD'),to_date('21/03/07','RR/MM/DD'));
Insert into ST.BUSINESS_LOG_PERIOD (APP_SEQ,BIZ_PERIODSTART,BIZ_PERIODEND) values (96,to_date('21/02/08','RR/MM/DD'),to_date('21/02/14','RR/MM/DD'));
Insert into ST.BUSINESS_LOG_PERIOD (APP_SEQ,BIZ_PERIODSTART,BIZ_PERIODEND) values (105,to_date('21/02/01','RR/MM/DD'),to_date('21/02/27','RR/MM/DD'));
Insert into ST.BUSINESS_LOG_PERIOD (APP_SEQ,BIZ_PERIODSTART,BIZ_PERIODEND) values (106,to_date('21/02/01','RR/MM/DD'),to_date('21/02/27','RR/MM/DD'));
Insert into ST.BUSINESS_LOG_PERIOD (APP_SEQ,BIZ_PERIODSTART,BIZ_PERIODEND) values (134,to_date('21/02/01','RR/MM/DD'),to_date('21/02/01','RR/MM/DD'));
Insert into ST.BUSINESS_LOG_PERIOD (APP_SEQ,BIZ_PERIODSTART,BIZ_PERIODEND) values (135,to_date('21/02/24','RR/MM/DD'),to_date('21/02/24','RR/MM/DD'));
Insert into ST.BUSINESS_LOG_PERIOD (APP_SEQ,BIZ_PERIODSTART,BIZ_PERIODEND) values (136,to_date('21/02/18','RR/MM/DD'),to_date('21/02/18','RR/MM/DD'));
Insert into ST.BUSINESS_LOG_PERIOD (APP_SEQ,BIZ_PERIODSTART,BIZ_PERIODEND) values (137,to_date('21/03/01','RR/MM/DD'),to_date('21/03/31','RR/MM/DD'));
Insert into ST.BUSINESS_LOG_PERIOD (APP_SEQ,BIZ_PERIODSTART,BIZ_PERIODEND) values (138,to_date('21/02/15','RR/MM/DD'),to_date('21/02/22','RR/MM/DD'));
Insert into ST.BUSINESS_LOG_PERIOD (APP_SEQ,BIZ_PERIODSTART,BIZ_PERIODEND) values (139,to_date('21/02/19','RR/MM/DD'),to_date('21/02/19','RR/MM/DD'));
Insert into ST.BUSINESS_LOG_PERIOD (APP_SEQ,BIZ_PERIODSTART,BIZ_PERIODEND) values (256,to_date('21/03/01','RR/MM/DD'),to_date('21/03/31','RR/MM/DD'));
Insert into ST.BUSINESS_LOG_PERIOD (APP_SEQ,BIZ_PERIODSTART,BIZ_PERIODEND) values (289,to_date('21/03/08','RR/MM/DD'),to_date('21/03/08','RR/MM/DD'));
Insert into ST.BUSINESS_LOG_PERIOD (APP_SEQ,BIZ_PERIODSTART,BIZ_PERIODEND) values (108,to_date('21/02/14','RR/MM/DD'),to_date('21/02/14','RR/MM/DD'));
Insert into ST.BUSINESS_LOG_PERIOD (APP_SEQ,BIZ_PERIODSTART,BIZ_PERIODEND) values (90,to_date('21/02/11','RR/MM/DD'),to_date('21/02/11','RR/MM/DD'));
Insert into ST.BUSINESS_LOG_PERIOD (APP_SEQ,BIZ_PERIODSTART,BIZ_PERIODEND) values (91,to_date('21/02/11','RR/MM/DD'),to_date('21/02/11','RR/MM/DD'));
Insert into ST.BUSINESS_LOG_PERIOD (APP_SEQ,BIZ_PERIODSTART,BIZ_PERIODEND) values (97,to_date('21/02/28','RR/MM/DD'),to_date('21/02/28','RR/MM/DD'));
Insert into ST.BUSINESS_LOG_PERIOD (APP_SEQ,BIZ_PERIODSTART,BIZ_PERIODEND) values (98,to_date('21/02/28','RR/MM/DD'),to_date('21/02/28','RR/MM/DD'));
Insert into ST.BUSINESS_LOG_PERIOD (APP_SEQ,BIZ_PERIODSTART,BIZ_PERIODEND) values (99,to_date('21/02/01','RR/MM/DD'),to_date('21/02/07','RR/MM/DD'));
Insert into ST.BUSINESS_LOG_PERIOD (APP_SEQ,BIZ_PERIODSTART,BIZ_PERIODEND) values (100,to_date('21/02/01','RR/MM/DD'),to_date('21/02/27','RR/MM/DD'));
Insert into ST.BUSINESS_LOG_PERIOD (APP_SEQ,BIZ_PERIODSTART,BIZ_PERIODEND) values (101,to_date('21/03/02','RR/MM/DD'),to_date('21/03/02','RR/MM/DD'));
Insert into ST.BUSINESS_LOG_PERIOD (APP_SEQ,BIZ_PERIODSTART,BIZ_PERIODEND) values (102,to_date('21/02/28','RR/MM/DD'),to_date('21/02/28','RR/MM/DD'));
Insert into ST.BUSINESS_LOG_PERIOD (APP_SEQ,BIZ_PERIODSTART,BIZ_PERIODEND) values (103,to_date('21/01/01','RR/MM/DD'),to_date('21/01/30','RR/MM/DD'));
Insert into ST.BUSINESS_LOG_PERIOD (APP_SEQ,BIZ_PERIODSTART,BIZ_PERIODEND) values (104,to_date('21/02/22','RR/MM/DD'),to_date('21/02/28','RR/MM/DD'));
Insert into ST.BUSINESS_LOG_PERIOD (APP_SEQ,BIZ_PERIODSTART,BIZ_PERIODEND) values (173,to_date('21/03/09','RR/MM/DD'),to_date('21/03/09','RR/MM/DD'));
Insert into ST.BUSINESS_LOG_PERIOD (APP_SEQ,BIZ_PERIODSTART,BIZ_PERIODEND) values (176,to_date('21/03/02','RR/MM/DD'),to_date('21/03/02','RR/MM/DD'));
Insert into ST.BUSINESS_LOG_PERIOD (APP_SEQ,BIZ_PERIODSTART,BIZ_PERIODEND) values (177,to_date('21/03/01','RR/MM/DD'),to_date('21/03/08','RR/MM/DD'));
Insert into ST.BUSINESS_LOG_PERIOD (APP_SEQ,BIZ_PERIODSTART,BIZ_PERIODEND) values (184,to_date('21/03/01','RR/MM/DD'),to_date('21/03/31','RR/MM/DD'));
Insert into ST.BUSINESS_LOG_PERIOD (APP_SEQ,BIZ_PERIODSTART,BIZ_PERIODEND) values (201,to_date('21/03/06','RR/MM/DD'),to_date('21/03/06','RR/MM/DD'));
REM INSERTING into ST.COMPANY_HOLIDAY
SET DEFINE OFF;
Insert into ST.COMPANY_HOLIDAY (COMP_HD_SEQ,COMP_HD_NAME,COMP_HD_DATE) values (16,'X-mas',to_date('21/12/25','RR/MM/DD'));
Insert into ST.COMPANY_HOLIDAY (COMP_HD_SEQ,COMP_HD_NAME,COMP_HD_DATE) values (15,'혜림생일',to_date('94/09/14','RR/MM/DD'));
Insert into ST.COMPANY_HOLIDAY (COMP_HD_SEQ,COMP_HD_NAME,COMP_HD_DATE) values (19,'내 생일',to_date('21/12/14','RR/MM/DD'));
Insert into ST.COMPANY_HOLIDAY (COMP_HD_SEQ,COMP_HD_NAME,COMP_HD_DATE) values (2,'나린이생일',to_date('98/06/01','RR/MM/DD'));
Insert into ST.COMPANY_HOLIDAY (COMP_HD_SEQ,COMP_HD_NAME,COMP_HD_DATE) values (8,'재준이생일',to_date('96/05/16','RR/MM/DD'));
Insert into ST.COMPANY_HOLIDAY (COMP_HD_SEQ,COMP_HD_NAME,COMP_HD_DATE) values (9,'근수생일',to_date('92/05/15','RR/MM/DD'));
Insert into ST.COMPANY_HOLIDAY (COMP_HD_SEQ,COMP_HD_NAME,COMP_HD_DATE) values (10,'상형이생일',to_date('96/08/29','RR/MM/DD'));
Insert into ST.COMPANY_HOLIDAY (COMP_HD_SEQ,COMP_HD_NAME,COMP_HD_DATE) values (18,'단합대회',to_date('21/03/01','RR/MM/DD'));
REM INSERTING into ST.COMPANY_INFORMATION
SET DEFINE OFF;
REM INSERTING into ST.DEPARTMENT
SET DEFINE OFF;
Insert into ST.DEPARTMENT (DEPT_CODE,DEPT_NAME,DEPT_DIR_ID,DEPT_LEVEL,DEPT_CODE_PARENT,DEPT_TREE_CODE) values (33,'마케팅 1팀',115,2,30,'0_30_33');
Insert into ST.DEPARTMENT (DEPT_CODE,DEPT_NAME,DEPT_DIR_ID,DEPT_LEVEL,DEPT_CODE_PARENT,DEPT_TREE_CODE) values (25,'비서실',33,2,1,'1_25');
Insert into ST.DEPARTMENT (DEPT_CODE,DEPT_NAME,DEPT_DIR_ID,DEPT_LEVEL,DEPT_CODE_PARENT,DEPT_TREE_CODE) values (28,'영업2팀',45,2,0,'0_28');
Insert into ST.DEPARTMENT (DEPT_CODE,DEPT_NAME,DEPT_DIR_ID,DEPT_LEVEL,DEPT_CODE_PARENT,DEPT_TREE_CODE) values (26,'개발팀',34,1,null,'26');
Insert into ST.DEPARTMENT (DEPT_CODE,DEPT_NAME,DEPT_DIR_ID,DEPT_LEVEL,DEPT_CODE_PARENT,DEPT_TREE_CODE) values (30,'마케팅팀',72,1,null,'0_30');
Insert into ST.DEPARTMENT (DEPT_CODE,DEPT_NAME,DEPT_DIR_ID,DEPT_LEVEL,DEPT_CODE_PARENT,DEPT_TREE_CODE) values (0,'영업',3,1,null,'0');
Insert into ST.DEPARTMENT (DEPT_CODE,DEPT_NAME,DEPT_DIR_ID,DEPT_LEVEL,DEPT_CODE_PARENT,DEPT_TREE_CODE) values (1,'경영지원실',4,1,null,'1');
Insert into ST.DEPARTMENT (DEPT_CODE,DEPT_NAME,DEPT_DIR_ID,DEPT_LEVEL,DEPT_CODE_PARENT,DEPT_TREE_CODE) values (2,'개발1팀',5,2,26,'26_2');
Insert into ST.DEPARTMENT (DEPT_CODE,DEPT_NAME,DEPT_DIR_ID,DEPT_LEVEL,DEPT_CODE_PARENT,DEPT_TREE_CODE) values (3,'개발2팀',6,2,26,'26_3');
Insert into ST.DEPARTMENT (DEPT_CODE,DEPT_NAME,DEPT_DIR_ID,DEPT_LEVEL,DEPT_CODE_PARENT,DEPT_TREE_CODE) values (4,'임원',7,1,null,'4');
Insert into ST.DEPARTMENT (DEPT_CODE,DEPT_NAME,DEPT_DIR_ID,DEPT_LEVEL,DEPT_CODE_PARENT,DEPT_TREE_CODE) values (5,'대표이사',8,1,null,'5');
Insert into ST.DEPARTMENT (DEPT_CODE,DEPT_NAME,DEPT_DIR_ID,DEPT_LEVEL,DEPT_CODE_PARENT,DEPT_TREE_CODE) values (27,'영업1팀',38,2,0,'0_27');
Insert into ST.DEPARTMENT (DEPT_CODE,DEPT_NAME,DEPT_DIR_ID,DEPT_LEVEL,DEPT_CODE_PARENT,DEPT_TREE_CODE) values (37,'경영지원팀',119,2,1,'1_37');
REM INSERTING into ST.MEMBER
SET DEFINE OFF;
Insert into ST.MEMBER (ID,PASSWORD,NAME,BIRTH,GENDER,CONTACT,ADDRESS1,ADDRESS2,ZIP_CODE,IS_MARRIED,DEPT_CODE,POSITION_CODE,REG_DATE,RETIRE_DATE,ACCESS_LEVEL_CODE,BREAK_TOTAL_COUNT,BREAK_USE_COUNT) values ('test7','123','김근수2',to_date('21/01/21','RR/MM/DD'),'M','01012341234','addre1','addre2','zipcode','N',4,0,to_date('21/01/21','RR/MM/DD'),to_date('21/03/02','RR/MM/DD'),2,12,0);
Insert into ST.MEMBER (ID,PASSWORD,NAME,BIRTH,GENDER,CONTACT,ADDRESS1,ADDRESS2,ZIP_CODE,IS_MARRIED,DEPT_CODE,POSITION_CODE,REG_DATE,RETIRE_DATE,ACCESS_LEVEL_CODE,BREAK_TOTAL_COUNT,BREAK_USE_COUNT) values ('admin','admin','관리자',to_date('21/02/24','RR/MM/DD'),'M','01082828282','서울시','종로구','12345','Y',37,11,to_date('21/02/24','RR/MM/DD'),to_date('21/03/08','RR/MM/DD'),2,0,0);
Insert into ST.MEMBER (ID,PASSWORD,NAME,BIRTH,GENDER,CONTACT,ADDRESS1,ADDRESS2,ZIP_CODE,IS_MARRIED,DEPT_CODE,POSITION_CODE,REG_DATE,RETIRE_DATE,ACCESS_LEVEL_CODE,BREAK_TOTAL_COUNT,BREAK_USE_COUNT) values ('kh2011','asdf','임효경',to_date('21/03/03','RR/MM/DD'),'F','010-1234-1234','서울특별시 중구 남대문로 120','대일빌딩 2F, 3F','12345','Y',33,9,to_date('21/03/03','RR/MM/DD'),null,2,0,0);
Insert into ST.MEMBER (ID,PASSWORD,NAME,BIRTH,GENDER,CONTACT,ADDRESS1,ADDRESS2,ZIP_CODE,IS_MARRIED,DEPT_CODE,POSITION_CODE,REG_DATE,RETIRE_DATE,ACCESS_LEVEL_CODE,BREAK_TOTAL_COUNT,BREAK_USE_COUNT) values ('kh2012','kh2012','정의진',to_date('21/03/25','RR/MM/DD'),'F','010-1234-1234','서울특별시 동대문구 남대문로 120','대일빌딩 2F, 3F','12345','N',37,5,to_date('21/03/03','RR/MM/DD'),null,2,0,16);
Insert into ST.MEMBER (ID,PASSWORD,NAME,BIRTH,GENDER,CONTACT,ADDRESS1,ADDRESS2,ZIP_CODE,IS_MARRIED,DEPT_CODE,POSITION_CODE,REG_DATE,RETIRE_DATE,ACCESS_LEVEL_CODE,BREAK_TOTAL_COUNT,BREAK_USE_COUNT) values ('kh2013','kh2013','진현정',to_date('21/03/03','RR/MM/DD'),'F','010-1234-1234','서울특별시 중구 남대문로 120','대일빌딩 2F, 3F','12345','N',25,10,to_date('21/03/10','RR/MM/DD'),null,2,0,0);
Insert into ST.MEMBER (ID,PASSWORD,NAME,BIRTH,GENDER,CONTACT,ADDRESS1,ADDRESS2,ZIP_CODE,IS_MARRIED,DEPT_CODE,POSITION_CODE,REG_DATE,RETIRE_DATE,ACCESS_LEVEL_CODE,BREAK_TOTAL_COUNT,BREAK_USE_COUNT) values ('kh2014','123','김근수',to_date('92/05/15','RR/MM/DD'),'M','010-1234-1234','서울특별시 중구 남대문로 120','대일빌딩 2F, 3F','12345','N',3,1,to_date('21/03/04','RR/MM/DD'),null,2,0,0);
Insert into ST.MEMBER (ID,PASSWORD,NAME,BIRTH,GENDER,CONTACT,ADDRESS1,ADDRESS2,ZIP_CODE,IS_MARRIED,DEPT_CODE,POSITION_CODE,REG_DATE,RETIRE_DATE,ACCESS_LEVEL_CODE,BREAK_TOTAL_COUNT,BREAK_USE_COUNT) values ('kh2015','kh2015','김민섭',to_date('21/03/02','RR/MM/DD'),'M','010-1234-1234','서울특별시 중구 남대문로 120','대일빌딩 2F, 3F','12345','N',27,6,to_date('21/03/17','RR/MM/DD'),null,2,0,0);
Insert into ST.MEMBER (ID,PASSWORD,NAME,BIRTH,GENDER,CONTACT,ADDRESS1,ADDRESS2,ZIP_CODE,IS_MARRIED,DEPT_CODE,POSITION_CODE,REG_DATE,RETIRE_DATE,ACCESS_LEVEL_CODE,BREAK_TOTAL_COUNT,BREAK_USE_COUNT) values ('kh2016','kh2016','김용재',to_date('21/03/24','RR/MM/DD'),'M','010-1234-1234','서울특별시 중구 남대문로 120','대일빌딩 2F, 3F','12345','N',28,7,to_date('21/03/31','RR/MM/DD'),null,2,0,0);
Insert into ST.MEMBER (ID,PASSWORD,NAME,BIRTH,GENDER,CONTACT,ADDRESS1,ADDRESS2,ZIP_CODE,IS_MARRIED,DEPT_CODE,POSITION_CODE,REG_DATE,RETIRE_DATE,ACCESS_LEVEL_CODE,BREAK_TOTAL_COUNT,BREAK_USE_COUNT) values ('kh2017','kh2017','김윤희',to_date('21/03/18','RR/MM/DD'),'F','010-1234-1234','서울특별시 중구 남대문로 120','대일빌딩 2F, 3F','12345','N',4,1,to_date('21/03/03','RR/MM/DD'),null,2,0,0);
Insert into ST.MEMBER (ID,PASSWORD,NAME,BIRTH,GENDER,CONTACT,ADDRESS1,ADDRESS2,ZIP_CODE,IS_MARRIED,DEPT_CODE,POSITION_CODE,REG_DATE,RETIRE_DATE,ACCESS_LEVEL_CODE,BREAK_TOTAL_COUNT,BREAK_USE_COUNT) values ('kh2018','kh2018','서동휘',to_date('21/03/10','RR/MM/DD'),'M','010-1234-1234','서울특별시 중구 남대문로 120','대일빌딩 2F, 3F','12345','N',33,15,to_date('21/03/10','RR/MM/DD'),null,2,0,0);
Insert into ST.MEMBER (ID,PASSWORD,NAME,BIRTH,GENDER,CONTACT,ADDRESS1,ADDRESS2,ZIP_CODE,IS_MARRIED,DEPT_CODE,POSITION_CODE,REG_DATE,RETIRE_DATE,ACCESS_LEVEL_CODE,BREAK_TOTAL_COUNT,BREAK_USE_COUNT) values ('1004','1004','임소형2',to_date('20/11/09','RR/MM/DD'),'F','0105858585858','sd','sd','sd','N',2,4,to_date('21/02/17','RR/MM/DD'),to_date('21/03/02','RR/MM/DD'),0,30,0);
Insert into ST.MEMBER (ID,PASSWORD,NAME,BIRTH,GENDER,CONTACT,ADDRESS1,ADDRESS2,ZIP_CODE,IS_MARRIED,DEPT_CODE,POSITION_CODE,REG_DATE,RETIRE_DATE,ACCESS_LEVEL_CODE,BREAK_TOTAL_COUNT,BREAK_USE_COUNT) values ('DWGghost','DWGghost','장용준',to_date('21/02/17','RR/MM/DD'),'M','01098765432','서울','시','12345','N',28,7,to_date('21/02/24','RR/MM/DD'),to_date('21/03/02','RR/MM/DD'),2,1,1);
Insert into ST.MEMBER (ID,PASSWORD,NAME,BIRTH,GENDER,CONTACT,ADDRESS1,ADDRESS2,ZIP_CODE,IS_MARRIED,DEPT_CODE,POSITION_CODE,REG_DATE,RETIRE_DATE,ACCESS_LEVEL_CODE,BREAK_TOTAL_COUNT,BREAK_USE_COUNT) values ('kh2001','kh2001','권용국',to_date('21/03/03','RR/MM/DD'),'M','010-1234-1234','서울특별시 중구 남대문로 120','대일빌딩 2F, 3F','12345','N',27,6,to_date('21/03/02','RR/MM/DD'),null,1,0,0);
Insert into ST.MEMBER (ID,PASSWORD,NAME,BIRTH,GENDER,CONTACT,ADDRESS1,ADDRESS2,ZIP_CODE,IS_MARRIED,DEPT_CODE,POSITION_CODE,REG_DATE,RETIRE_DATE,ACCESS_LEVEL_CODE,BREAK_TOTAL_COUNT,BREAK_USE_COUNT) values ('kh2004','kh2004','김지영',to_date('21/03/03','RR/MM/DD'),'F','010-1234-1234','서울특별시 중구 남대문로 120','대일빌딩 2F, 3F','12345','N',25,11,to_date('21/03/03','RR/MM/DD'),null,1,0,0);
Insert into ST.MEMBER (ID,PASSWORD,NAME,BIRTH,GENDER,CONTACT,ADDRESS1,ADDRESS2,ZIP_CODE,IS_MARRIED,DEPT_CODE,POSITION_CODE,REG_DATE,RETIRE_DATE,ACCESS_LEVEL_CODE,BREAK_TOTAL_COUNT,BREAK_USE_COUNT) values ('kh2005','kh2005','박종혁',to_date('21/03/04','RR/MM/DD'),'M','010-1234-1234','서울특별시 중구 남대문로 120','대일빌딩 2F, 3F','12345','N',2,8,to_date('21/03/03','RR/MM/DD'),null,2,0,0);
Insert into ST.MEMBER (ID,PASSWORD,NAME,BIRTH,GENDER,CONTACT,ADDRESS1,ADDRESS2,ZIP_CODE,IS_MARRIED,DEPT_CODE,POSITION_CODE,REG_DATE,RETIRE_DATE,ACCESS_LEVEL_CODE,BREAK_TOTAL_COUNT,BREAK_USE_COUNT) values ('kh2006','kh2006','박현',to_date('21/03/03','RR/MM/DD'),'F','010-1234-1234','서울특별시 중구 남대문로 120','대일빌딩 2F, 3F','12345','N',3,7,to_date('21/03/02','RR/MM/DD'),null,2,0,0);
Insert into ST.MEMBER (ID,PASSWORD,NAME,BIRTH,GENDER,CONTACT,ADDRESS1,ADDRESS2,ZIP_CODE,IS_MARRIED,DEPT_CODE,POSITION_CODE,REG_DATE,RETIRE_DATE,ACCESS_LEVEL_CODE,BREAK_TOTAL_COUNT,BREAK_USE_COUNT) values ('kh2007','kh2007','양혜림',to_date('94/09/14','RR/MM/DD'),'F','010-1234-1234','서울특별시 중구 남대문로 120','대일빌딩 2F, 3F','12345','N',4,0,to_date('21/03/02','RR/MM/DD'),null,2,0,0);
Insert into ST.MEMBER (ID,PASSWORD,NAME,BIRTH,GENDER,CONTACT,ADDRESS1,ADDRESS2,ZIP_CODE,IS_MARRIED,DEPT_CODE,POSITION_CODE,REG_DATE,RETIRE_DATE,ACCESS_LEVEL_CODE,BREAK_TOTAL_COUNT,BREAK_USE_COUNT) values ('kh2008','kh2008','이상형',to_date('96/08/29','RR/MM/DD'),'M','010-1234-1234','서울특별시 중구 남대문로 120','대일빌딩 2F, 3F','12345','N',3,3,to_date('21/03/02','RR/MM/DD'),null,2,0,0);
Insert into ST.MEMBER (ID,PASSWORD,NAME,BIRTH,GENDER,CONTACT,ADDRESS1,ADDRESS2,ZIP_CODE,IS_MARRIED,DEPT_CODE,POSITION_CODE,REG_DATE,RETIRE_DATE,ACCESS_LEVEL_CODE,BREAK_TOTAL_COUNT,BREAK_USE_COUNT) values ('kh2009','kh2009','이영주',to_date('21/03/03','RR/MM/DD'),'F','010-1234-1234','서울특별시 중구 남대문로 120','대일빌딩 2F, 3F','12345','N',27,11,to_date('21/03/03','RR/MM/DD'),null,2,0,0);
Insert into ST.MEMBER (ID,PASSWORD,NAME,BIRTH,GENDER,CONTACT,ADDRESS1,ADDRESS2,ZIP_CODE,IS_MARRIED,DEPT_CODE,POSITION_CODE,REG_DATE,RETIRE_DATE,ACCESS_LEVEL_CODE,BREAK_TOTAL_COUNT,BREAK_USE_COUNT) values ('kh2010','kh2010','이종탄',to_date('21/03/03','RR/MM/DD'),'M','010-1234-1234','서울특별시 중구 남대문로 120','대일빌딩 2F, 3F','12345','N',28,10,to_date('21/03/03','RR/MM/DD'),null,2,0,0);
Insert into ST.MEMBER (ID,PASSWORD,NAME,BIRTH,GENDER,CONTACT,ADDRESS1,ADDRESS2,ZIP_CODE,IS_MARRIED,DEPT_CODE,POSITION_CODE,REG_DATE,RETIRE_DATE,ACCESS_LEVEL_CODE,BREAK_TOTAL_COUNT,BREAK_USE_COUNT) values ('kh2019','123','이건호',to_date('21/03/03','RR/MM/DD'),'M','010-1234-1234','서울특별시 중구 남대문로 120','대일빌딩 2F, 3F','12345','N',37,7,to_date('21/03/03','RR/MM/DD'),null,2,0,0);
Insert into ST.MEMBER (ID,PASSWORD,NAME,BIRTH,GENDER,CONTACT,ADDRESS1,ADDRESS2,ZIP_CODE,IS_MARRIED,DEPT_CODE,POSITION_CODE,REG_DATE,RETIRE_DATE,ACCESS_LEVEL_CODE,BREAK_TOTAL_COUNT,BREAK_USE_COUNT) values ('kh2020','kh2020','임소형',to_date('21/03/03','RR/MM/DD'),'F','010-1234-1234','서울특별시 중구 남대문로 120','대일빌딩 2F, 3F','12345','Y',2,10,to_date('21/01/05','RR/MM/DD'),null,2,0,0);
Insert into ST.MEMBER (ID,PASSWORD,NAME,BIRTH,GENDER,CONTACT,ADDRESS1,ADDRESS2,ZIP_CODE,IS_MARRIED,DEPT_CODE,POSITION_CODE,REG_DATE,RETIRE_DATE,ACCESS_LEVEL_CODE,BREAK_TOTAL_COUNT,BREAK_USE_COUNT) values ('kh2021','kh2021','최재준',to_date('96/05/16','RR/MM/DD'),'M','010-1234-1234','서울특별시 중구 남대문로 120','대일빌딩 2F, 3F','12345','N',2,3,to_date('13/03/12','RR/MM/DD'),null,2,0,0);
Insert into ST.MEMBER (ID,PASSWORD,NAME,BIRTH,GENDER,CONTACT,ADDRESS1,ADDRESS2,ZIP_CODE,IS_MARRIED,DEPT_CODE,POSITION_CODE,REG_DATE,RETIRE_DATE,ACCESS_LEVEL_CODE,BREAK_TOTAL_COUNT,BREAK_USE_COUNT) values ('kh2022','kh2022','한명환',to_date('12/03/06','RR/MM/DD'),'M','010-1234-1234','서울특별시 중구 남대문로 120','대일빌딩 2F, 3F','12345','N',37,8,to_date('00/03/01','RR/MM/DD'),null,2,0,16);
Insert into ST.MEMBER (ID,PASSWORD,NAME,BIRTH,GENDER,CONTACT,ADDRESS1,ADDRESS2,ZIP_CODE,IS_MARRIED,DEPT_CODE,POSITION_CODE,REG_DATE,RETIRE_DATE,ACCESS_LEVEL_CODE,BREAK_TOTAL_COUNT,BREAK_USE_COUNT) values ('kh2000','kh2000','조성태',to_date('82/03/18','RR/MM/DD'),'M','010-1234-1234','서울특별시 중구 남대문로 120','대일빌딩 2F, 3F','12345','N',5,2,to_date('00/03/15','RR/MM/DD'),null,2,0,0);
Insert into ST.MEMBER (ID,PASSWORD,NAME,BIRTH,GENDER,CONTACT,ADDRESS1,ADDRESS2,ZIP_CODE,IS_MARRIED,DEPT_CODE,POSITION_CODE,REG_DATE,RETIRE_DATE,ACCESS_LEVEL_CODE,BREAK_TOTAL_COUNT,BREAK_USE_COUNT) values ('1111','1111','이상',to_date('21/01/18','RR/MM/DD'),'M','01012345678','주소1111123131','주소2222','12345','N',3,3,to_date('21/01/18','RR/MM/DD'),null,2,50,0);
Insert into ST.MEMBER (ID,PASSWORD,NAME,BIRTH,GENDER,CONTACT,ADDRESS1,ADDRESS2,ZIP_CODE,IS_MARRIED,DEPT_CODE,POSITION_CODE,REG_DATE,RETIRE_DATE,ACCESS_LEVEL_CODE,BREAK_TOTAL_COUNT,BREAK_USE_COUNT) values ('hoihoi914','2222','양혜림2',to_date('94/09/14','RR/MM/DD'),'F','01076686995','서울시 구로구','새말로93','08288','N',5,2,to_date('20/08/01','RR/MM/DD'),to_date('21/03/02','RR/MM/DD'),0,1,0);
Insert into ST.MEMBER (ID,PASSWORD,NAME,BIRTH,GENDER,CONTACT,ADDRESS1,ADDRESS2,ZIP_CODE,IS_MARRIED,DEPT_CODE,POSITION_CODE,REG_DATE,RETIRE_DATE,ACCESS_LEVEL_CODE,BREAK_TOTAL_COUNT,BREAK_USE_COUNT) values ('2309rpg','2309rpg','이상형3',to_date('96/08/20','RR/MM/DD'),'M','01011111111','서울 독립문역 1호선','???','01111','N',25,3,to_date('21/02/01','RR/MM/DD'),to_date('21/03/02','RR/MM/DD'),0,1,0);
Insert into ST.MEMBER (ID,PASSWORD,NAME,BIRTH,GENDER,CONTACT,ADDRESS1,ADDRESS2,ZIP_CODE,IS_MARRIED,DEPT_CODE,POSITION_CODE,REG_DATE,RETIRE_DATE,ACCESS_LEVEL_CODE,BREAK_TOTAL_COUNT,BREAK_USE_COUNT) values ('1212','1212','이영주2',to_date('21/02/10','RR/MM/DD'),'M','01000000000','서울','0','12121','N',27,8,to_date('21/02/17','RR/MM/DD'),to_date('21/03/02','RR/MM/DD'),1,2,0);
Insert into ST.MEMBER (ID,PASSWORD,NAME,BIRTH,GENDER,CONTACT,ADDRESS1,ADDRESS2,ZIP_CODE,IS_MARRIED,DEPT_CODE,POSITION_CODE,REG_DATE,RETIRE_DATE,ACCESS_LEVEL_CODE,BREAK_TOTAL_COUNT,BREAK_USE_COUNT) values ('test','test','test',to_date('21/03/16','RR/MM/DD'),'M','010','fd','fds','fd','Y',33,3,to_date('21/03/10','RR/MM/DD'),null,2,2,0);
Insert into ST.MEMBER (ID,PASSWORD,NAME,BIRTH,GENDER,CONTACT,ADDRESS1,ADDRESS2,ZIP_CODE,IS_MARRIED,DEPT_CODE,POSITION_CODE,REG_DATE,RETIRE_DATE,ACCESS_LEVEL_CODE,BREAK_TOTAL_COUNT,BREAK_USE_COUNT) values ('test1','123','기선겸',to_date('21/01/20','RR/MM/DD'),'M','01056785678','서울시','동작구','00888','N',33,6,to_date('21/01/20','RR/MM/DD'),null,2,13,5);
Insert into ST.MEMBER (ID,PASSWORD,NAME,BIRTH,GENDER,CONTACT,ADDRESS1,ADDRESS2,ZIP_CODE,IS_MARRIED,DEPT_CODE,POSITION_CODE,REG_DATE,RETIRE_DATE,ACCESS_LEVEL_CODE,BREAK_TOTAL_COUNT,BREAK_USE_COUNT) values ('test2','123','오미자',to_date('21/01/20','RR/MM/DD'),'M','01044444444','address1','address2','zipcode','N',33,10,to_date('21/01/20','RR/MM/DD'),null,2,13,1);
Insert into ST.MEMBER (ID,PASSWORD,NAME,BIRTH,GENDER,CONTACT,ADDRESS1,ADDRESS2,ZIP_CODE,IS_MARRIED,DEPT_CODE,POSITION_CODE,REG_DATE,RETIRE_DATE,ACCESS_LEVEL_CODE,BREAK_TOTAL_COUNT,BREAK_USE_COUNT) values ('test3','123','권용국2',to_date('21/01/20','RR/MM/DD'),'M','01012341234','address1','address2','zipcode','N',2,6,to_date('21/01/20','RR/MM/DD'),to_date('21/03/02','RR/MM/DD'),2,13,0);
Insert into ST.MEMBER (ID,PASSWORD,NAME,BIRTH,GENDER,CONTACT,ADDRESS1,ADDRESS2,ZIP_CODE,IS_MARRIED,DEPT_CODE,POSITION_CODE,REG_DATE,RETIRE_DATE,ACCESS_LEVEL_CODE,BREAK_TOTAL_COUNT,BREAK_USE_COUNT) values ('test4','123','김나린2',to_date('21/01/20','RR/MM/DD'),'M','01012341234','address1','address2','zipcode','N',27,9,to_date('21/01/20','RR/MM/DD'),to_date('21/03/02','RR/MM/DD'),2,13,0);
Insert into ST.MEMBER (ID,PASSWORD,NAME,BIRTH,GENDER,CONTACT,ADDRESS1,ADDRESS2,ZIP_CODE,IS_MARRIED,DEPT_CODE,POSITION_CODE,REG_DATE,RETIRE_DATE,ACCESS_LEVEL_CODE,BREAK_TOTAL_COUNT,BREAK_USE_COUNT) values ('test5','123','최재준2',to_date('21/01/20','RR/MM/DD'),'M','01012341234','address1','address2','zipcode','Y',4,0,to_date('21/01/20','RR/MM/DD'),to_date('21/03/02','RR/MM/DD'),2,13,0);
Insert into ST.MEMBER (ID,PASSWORD,NAME,BIRTH,GENDER,CONTACT,ADDRESS1,ADDRESS2,ZIP_CODE,IS_MARRIED,DEPT_CODE,POSITION_CODE,REG_DATE,RETIRE_DATE,ACCESS_LEVEL_CODE,BREAK_TOTAL_COUNT,BREAK_USE_COUNT) values ('test6','123','송강',to_date('21/01/20','RR/MM/DD'),'M','01012341234','address1','address2','zipcode','N',25,11,to_date('21/01/20','RR/MM/DD'),to_date('21/03/02','RR/MM/DD'),1,13,0);
Insert into ST.MEMBER (ID,PASSWORD,NAME,BIRTH,GENDER,CONTACT,ADDRESS1,ADDRESS2,ZIP_CODE,IS_MARRIED,DEPT_CODE,POSITION_CODE,REG_DATE,RETIRE_DATE,ACCESS_LEVEL_CODE,BREAK_TOTAL_COUNT,BREAK_USE_COUNT) values ('stj0000','stj0000','조성태2',to_date('90/02/01','RR/MM/DD'),'M','01023456789','서울시종로구456','32-7','00779','Y',3,4,to_date('15/02/09','RR/MM/DD'),to_date('21/03/02','RR/MM/DD'),0,30,0);
Insert into ST.MEMBER (ID,PASSWORD,NAME,BIRTH,GENDER,CONTACT,ADDRESS1,ADDRESS2,ZIP_CODE,IS_MARRIED,DEPT_CODE,POSITION_CODE,REG_DATE,RETIRE_DATE,ACCESS_LEVEL_CODE,BREAK_TOTAL_COUNT,BREAK_USE_COUNT) values ('Nos','Nos','Nos',to_date('21/02/18','RR/MM/DD'),'M','01045674567','강원도','원주시','12345','N',3,11,to_date('21/02/09','RR/MM/DD'),to_date('21/03/02','RR/MM/DD'),0,0,0);
Insert into ST.MEMBER (ID,PASSWORD,NAME,BIRTH,GENDER,CONTACT,ADDRESS1,ADDRESS2,ZIP_CODE,IS_MARRIED,DEPT_CODE,POSITION_CODE,REG_DATE,RETIRE_DATE,ACCESS_LEVEL_CODE,BREAK_TOTAL_COUNT,BREAK_USE_COUNT) values ('kh2002','kh2002','김나린',to_date('98/06/01','RR/MM/DD'),'F','010-1234-1234','서울특별시 중구 남대문로 120','대일빌딩 2F, 3F','12345','N',28,9,to_date('21/03/03','RR/MM/DD'),null,2,0,0);
Insert into ST.MEMBER (ID,PASSWORD,NAME,BIRTH,GENDER,CONTACT,ADDRESS1,ADDRESS2,ZIP_CODE,IS_MARRIED,DEPT_CODE,POSITION_CODE,REG_DATE,RETIRE_DATE,ACCESS_LEVEL_CODE,BREAK_TOTAL_COUNT,BREAK_USE_COUNT) values ('kh2003','kh2003','김요한',to_date('21/03/04','RR/MM/DD'),'M','010-1234-1234','서울특별시 중구 남대문로 120','대일빌딩 2F, 3F','12345','N',33,10,to_date('21/03/03','RR/MM/DD'),null,2,0,0);
REM INSERTING into ST.MESSAGE
SET DEFINE OFF;
Insert into ST.MESSAGE (MSG_SEQ,MSG_SENDER,MSG_RECEIVER,MSG_SEND_DATE,MSG_RECEIVE_DATE,MSG_TITLE,MSG_CONTENTS,MSG_SENDER_NAME,MSG_RECEIVER_NAME,MSG_SENDER_VIEW,MSG_RECEIVER_VIEW,MSG_CABINET_CHECK) values (67,'test1','test1',to_date('21/02/04','RR/MM/DD'),null,'444444444444','<p>4444444444444444</p>','전략기획팀  테스트1 ','전략기획팀  테스트1 ','Y','N','N');
Insert into ST.MESSAGE (MSG_SEQ,MSG_SENDER,MSG_RECEIVER,MSG_SEND_DATE,MSG_RECEIVE_DATE,MSG_TITLE,MSG_CONTENTS,MSG_SENDER_NAME,MSG_RECEIVER_NAME,MSG_SENDER_VIEW,MSG_RECEIVER_VIEW,MSG_CABINET_CHECK) values (66,'test1','test1',to_date('21/02/04','RR/MM/DD'),to_date('21/02/04','RR/MM/DD'),'ㅎㅎㅎㅎㅎㅎㅎㅎㅎㅎㅎㅎㅎ','<p>dsafsaf</p>','전략기획팀  테스트1 ','전략기획팀  테스트1 ','Y','Y','N');
Insert into ST.MESSAGE (MSG_SEQ,MSG_SENDER,MSG_RECEIVER,MSG_SEND_DATE,MSG_RECEIVE_DATE,MSG_TITLE,MSG_CONTENTS,MSG_SENDER_NAME,MSG_RECEIVER_NAME,MSG_SENDER_VIEW,MSG_RECEIVER_VIEW,MSG_CABINET_CHECK) values (68,'test1','test1',to_date('21/02/04','RR/MM/DD'),to_date('21/02/04','RR/MM/DD'),'12312312412412412','<p>4124124124</p>','전략기획팀  테스트1 ','전략기획팀  테스트1 ','Y','N','N');
Insert into ST.MESSAGE (MSG_SEQ,MSG_SENDER,MSG_RECEIVER,MSG_SEND_DATE,MSG_RECEIVE_DATE,MSG_TITLE,MSG_CONTENTS,MSG_SENDER_NAME,MSG_RECEIVER_NAME,MSG_SENDER_VIEW,MSG_RECEIVER_VIEW,MSG_CABINET_CHECK) values (107,'1111','test1',to_date('21/02/15','RR/MM/DD'),null,'11','<p>11</p>','개발2팀  테스터 ','전략기획팀  기선겸 ','Y','Y','Y');
Insert into ST.MESSAGE (MSG_SEQ,MSG_SENDER,MSG_RECEIVER,MSG_SEND_DATE,MSG_RECEIVE_DATE,MSG_TITLE,MSG_CONTENTS,MSG_SENDER_NAME,MSG_RECEIVER_NAME,MSG_SENDER_VIEW,MSG_RECEIVER_VIEW,MSG_CABINET_CHECK) values (108,'1111','test1',to_date('21/02/15','RR/MM/DD'),to_date('21/02/15','RR/MM/DD'),'11','<p>1122</p>','개발2팀  테스터 ','전략기획팀  기선겸 ','N','Y','Y');
Insert into ST.MESSAGE (MSG_SEQ,MSG_SENDER,MSG_RECEIVER,MSG_SEND_DATE,MSG_RECEIVE_DATE,MSG_TITLE,MSG_CONTENTS,MSG_SENDER_NAME,MSG_RECEIVER_NAME,MSG_SENDER_VIEW,MSG_RECEIVER_VIEW,MSG_CABINET_CHECK) values (109,'1111','test1',to_date('21/02/15','RR/MM/DD'),to_date('21/02/15','RR/MM/DD'),'22','<p>222</p>','개발2팀  테스터 ','전략기획팀  기선겸 ','N','Y','Y');
Insert into ST.MESSAGE (MSG_SEQ,MSG_SENDER,MSG_RECEIVER,MSG_SEND_DATE,MSG_RECEIVE_DATE,MSG_TITLE,MSG_CONTENTS,MSG_SENDER_NAME,MSG_RECEIVER_NAME,MSG_SENDER_VIEW,MSG_RECEIVER_VIEW,MSG_CABINET_CHECK) values (110,'1111','test1',to_date('21/02/15','RR/MM/DD'),to_date('21/02/15','RR/MM/DD'),'33','<p>333</p>','개발2팀  테스터 ','전략기획팀  기선겸 ','Y','Y','Y');
Insert into ST.MESSAGE (MSG_SEQ,MSG_SENDER,MSG_RECEIVER,MSG_SEND_DATE,MSG_RECEIVE_DATE,MSG_TITLE,MSG_CONTENTS,MSG_SENDER_NAME,MSG_RECEIVER_NAME,MSG_SENDER_VIEW,MSG_RECEIVER_VIEW,MSG_CABINET_CHECK) values (260,'test1','test3',to_date('21/02/25','RR/MM/DD'),null,'dddd','<p>dddd</p>','기선겸 전무이사','권용국 전무이사','Y','Y','Y');
Insert into ST.MESSAGE (MSG_SEQ,MSG_SENDER,MSG_RECEIVER,MSG_SEND_DATE,MSG_RECEIVE_DATE,MSG_TITLE,MSG_CONTENTS,MSG_SENDER_NAME,MSG_RECEIVER_NAME,MSG_SENDER_VIEW,MSG_RECEIVER_VIEW,MSG_CABINET_CHECK) values (261,'test1','test7',to_date('21/02/25','RR/MM/DD'),to_date('21/02/25','RR/MM/DD'),'하위~','<p>하위하위</p>','기선겸 전무이사','김근수 전무이사','Y','N','N');
Insert into ST.MESSAGE (MSG_SEQ,MSG_SENDER,MSG_RECEIVER,MSG_SEND_DATE,MSG_RECEIVE_DATE,MSG_TITLE,MSG_CONTENTS,MSG_SENDER_NAME,MSG_RECEIVER_NAME,MSG_SENDER_VIEW,MSG_RECEIVER_VIEW,MSG_CABINET_CHECK) values (301,'kh2001','kh2015',to_date('21/03/05','RR/MM/DD'),to_date('21/03/08','RR/MM/DD'),'주간 회의 안내','temp','권용국 팀장','김민섭 팀장','Y','Y','N');
Insert into ST.MESSAGE (MSG_SEQ,MSG_SENDER,MSG_RECEIVER,MSG_SEND_DATE,MSG_RECEIVE_DATE,MSG_TITLE,MSG_CONTENTS,MSG_SENDER_NAME,MSG_RECEIVER_NAME,MSG_SENDER_VIEW,MSG_RECEIVER_VIEW,MSG_CABINET_CHECK) values (302,'kh2001','kh2009',to_date('21/03/05','RR/MM/DD'),null,'주간 회의 안내','temp','권용국 팀장','이영주 사원','N','Y','N');
Insert into ST.MESSAGE (MSG_SEQ,MSG_SENDER,MSG_RECEIVER,MSG_SEND_DATE,MSG_RECEIVE_DATE,MSG_TITLE,MSG_CONTENTS,MSG_SENDER_NAME,MSG_RECEIVER_NAME,MSG_SENDER_VIEW,MSG_RECEIVER_VIEW,MSG_CABINET_CHECK) values (303,'kh2001','kh2001',to_date('21/03/05','RR/MM/DD'),null,'00테크 000 부장 미팅','temp','권용국 팀장','권용국 팀장','Y','N','N');
Insert into ST.MESSAGE (MSG_SEQ,MSG_SENDER,MSG_RECEIVER,MSG_SEND_DATE,MSG_RECEIVE_DATE,MSG_TITLE,MSG_CONTENTS,MSG_SENDER_NAME,MSG_RECEIVER_NAME,MSG_SENDER_VIEW,MSG_RECEIVER_VIEW,MSG_CABINET_CHECK) values (332,'kh2012','kh2006',to_date('21/03/08','RR/MM/DD'),to_date('21/03/08','RR/MM/DD'),'RE: 아름다우시네요','temp','정의진 실장','박현 차장','Y','Y','N');
Insert into ST.MESSAGE (MSG_SEQ,MSG_SENDER,MSG_RECEIVER,MSG_SEND_DATE,MSG_RECEIVE_DATE,MSG_TITLE,MSG_CONTENTS,MSG_SENDER_NAME,MSG_RECEIVER_NAME,MSG_SENDER_VIEW,MSG_RECEIVER_VIEW,MSG_CABINET_CHECK) values (333,'kh2022','kh2017',to_date('21/03/08','RR/MM/DD'),to_date('21/03/08','RR/MM/DD'),'RE: 안녕하세요~','temp','한명환 과장','김윤희 상무이사','Y','Y','N');
Insert into ST.MESSAGE (MSG_SEQ,MSG_SENDER,MSG_RECEIVER,MSG_SEND_DATE,MSG_RECEIVE_DATE,MSG_TITLE,MSG_CONTENTS,MSG_SENDER_NAME,MSG_RECEIVER_NAME,MSG_SENDER_VIEW,MSG_RECEIVER_VIEW,MSG_CABINET_CHECK) values (335,'kh2005','kh2016',to_date('21/03/08','RR/MM/DD'),to_date('21/03/08','RR/MM/DD'),'RE: 하이요','temp','박종혁 과장','김용재 차장','Y','Y','N');
Insert into ST.MESSAGE (MSG_SEQ,MSG_SENDER,MSG_RECEIVER,MSG_SEND_DATE,MSG_RECEIVE_DATE,MSG_TITLE,MSG_CONTENTS,MSG_SENDER_NAME,MSG_RECEIVER_NAME,MSG_SENDER_VIEW,MSG_RECEIVER_VIEW,MSG_CABINET_CHECK) values (336,'kh2016','kh2005',to_date('21/03/08','RR/MM/DD'),to_date('21/03/08','RR/MM/DD'),'RE: RE: 하이요','temp','김용재 차장','박종혁 과장','Y','Y','N');
Insert into ST.MESSAGE (MSG_SEQ,MSG_SENDER,MSG_RECEIVER,MSG_SEND_DATE,MSG_RECEIVE_DATE,MSG_TITLE,MSG_CONTENTS,MSG_SENDER_NAME,MSG_RECEIVER_NAME,MSG_SENDER_VIEW,MSG_RECEIVER_VIEW,MSG_CABINET_CHECK) values (337,'test1','kh2008',to_date('21/03/08','RR/MM/DD'),null,'테스트입니다.','temp','기선겸 과장','이상형 소장','Y','Y','Y');
Insert into ST.MESSAGE (MSG_SEQ,MSG_SENDER,MSG_RECEIVER,MSG_SEND_DATE,MSG_RECEIVE_DATE,MSG_TITLE,MSG_CONTENTS,MSG_SENDER_NAME,MSG_RECEIVER_NAME,MSG_SENDER_VIEW,MSG_RECEIVER_VIEW,MSG_CABINET_CHECK) values (338,'kh2011','kh2008',to_date('21/03/08','RR/MM/DD'),null,'세엑','temp','임효경 주임','이상형 소장','Y','Y','N');
Insert into ST.MESSAGE (MSG_SEQ,MSG_SENDER,MSG_RECEIVER,MSG_SEND_DATE,MSG_RECEIVE_DATE,MSG_TITLE,MSG_CONTENTS,MSG_SENDER_NAME,MSG_RECEIVER_NAME,MSG_SENDER_VIEW,MSG_RECEIVER_VIEW,MSG_CABINET_CHECK) values (339,'kh2007','kh2002',to_date('21/03/08','RR/MM/DD'),to_date('21/03/08','RR/MM/DD'),'수고해쏘','temp','양혜림 전무이사','김나린 주임','Y','Y','N');
Insert into ST.MESSAGE (MSG_SEQ,MSG_SENDER,MSG_RECEIVER,MSG_SEND_DATE,MSG_RECEIVE_DATE,MSG_TITLE,MSG_CONTENTS,MSG_SENDER_NAME,MSG_RECEIVER_NAME,MSG_SENDER_VIEW,MSG_RECEIVER_VIEW,MSG_CABINET_CHECK) values (340,'kh2001','kh2001',to_date('21/03/08','RR/MM/DD'),to_date('21/03/08','RR/MM/DD'),'나에게 쓰기~','temp','권용국 팀장','권용국 팀장','Y','N','N');
Insert into ST.MESSAGE (MSG_SEQ,MSG_SENDER,MSG_RECEIVER,MSG_SEND_DATE,MSG_RECEIVE_DATE,MSG_TITLE,MSG_CONTENTS,MSG_SENDER_NAME,MSG_RECEIVER_NAME,MSG_SENDER_VIEW,MSG_RECEIVER_VIEW,MSG_CABINET_CHECK) values (341,'kh2020','kh2011',to_date('21/03/08','RR/MM/DD'),to_date('21/03/08','RR/MM/DD'),'주임님 하이~~','temp','임소형 대리','임효경 주임','Y','Y','N');
Insert into ST.MESSAGE (MSG_SEQ,MSG_SENDER,MSG_RECEIVER,MSG_SEND_DATE,MSG_RECEIVE_DATE,MSG_TITLE,MSG_CONTENTS,MSG_SENDER_NAME,MSG_RECEIVER_NAME,MSG_SENDER_VIEW,MSG_RECEIVER_VIEW,MSG_CABINET_CHECK) values (342,'kh2012','kh2004',to_date('21/03/08','RR/MM/DD'),null,'안녕하세요~','temp','정의진 실장','김지영 사원','Y','Y','N');
Insert into ST.MESSAGE (MSG_SEQ,MSG_SENDER,MSG_RECEIVER,MSG_SEND_DATE,MSG_RECEIVE_DATE,MSG_TITLE,MSG_CONTENTS,MSG_SENDER_NAME,MSG_RECEIVER_NAME,MSG_SENDER_VIEW,MSG_RECEIVER_VIEW,MSG_CABINET_CHECK) values (343,'kh2011','kh2020',to_date('21/03/08','RR/MM/DD'),null,'RE: 주임님 하이~~','temp','임효경 주임','임소형 대리','N','Y','N');
Insert into ST.MESSAGE (MSG_SEQ,MSG_SENDER,MSG_RECEIVER,MSG_SEND_DATE,MSG_RECEIVE_DATE,MSG_TITLE,MSG_CONTENTS,MSG_SENDER_NAME,MSG_RECEIVER_NAME,MSG_SENDER_VIEW,MSG_RECEIVER_VIEW,MSG_CABINET_CHECK) values (344,'kh2001','kh2011',to_date('21/03/08','RR/MM/DD'),to_date('21/03/08','RR/MM/DD'),'ㄹㅇㄴㅁ','temp','권용국 팀장','임효경 주임','N','Y','N');
Insert into ST.MESSAGE (MSG_SEQ,MSG_SENDER,MSG_RECEIVER,MSG_SEND_DATE,MSG_RECEIVE_DATE,MSG_TITLE,MSG_CONTENTS,MSG_SENDER_NAME,MSG_RECEIVER_NAME,MSG_SENDER_VIEW,MSG_RECEIVER_VIEW,MSG_CABINET_CHECK) values (351,'kh2022','kh2015',to_date('21/03/08','RR/MM/DD'),to_date('21/03/08','RR/MM/DD'),'하염','temp','한명환 과장','김민섭 팀장','Y','Y','Y');
Insert into ST.MESSAGE (MSG_SEQ,MSG_SENDER,MSG_RECEIVER,MSG_SEND_DATE,MSG_RECEIVE_DATE,MSG_TITLE,MSG_CONTENTS,MSG_SENDER_NAME,MSG_RECEIVER_NAME,MSG_SENDER_VIEW,MSG_RECEIVER_VIEW,MSG_CABINET_CHECK) values (353,'kh2006','kh2022',to_date('21/03/08','RR/MM/DD'),to_date('21/03/08','RR/MM/DD'),'RE: 사진 본인인가요?','temp','박현 차장','한명환 과장','Y','Y','N');
Insert into ST.MESSAGE (MSG_SEQ,MSG_SENDER,MSG_RECEIVER,MSG_SEND_DATE,MSG_RECEIVE_DATE,MSG_TITLE,MSG_CONTENTS,MSG_SENDER_NAME,MSG_RECEIVER_NAME,MSG_SENDER_VIEW,MSG_RECEIVER_VIEW,MSG_CABINET_CHECK) values (355,'kh2022','kh2006',to_date('21/03/08','RR/MM/DD'),to_date('21/03/09','RR/MM/DD'),'RE: RE: 사진 본인인가요?','temp','한명환 과장','박현 차장','Y','Y','N');
Insert into ST.MESSAGE (MSG_SEQ,MSG_SENDER,MSG_RECEIVER,MSG_SEND_DATE,MSG_RECEIVE_DATE,MSG_TITLE,MSG_CONTENTS,MSG_SENDER_NAME,MSG_RECEIVER_NAME,MSG_SENDER_VIEW,MSG_RECEIVER_VIEW,MSG_CABINET_CHECK) values (356,'kh2004','kh2008',to_date('21/03/08','RR/MM/DD'),null,'ㅎㄷㅎㄷ','temp','김지영 사원','이상형 소장','Y','Y','N');
Insert into ST.MESSAGE (MSG_SEQ,MSG_SENDER,MSG_RECEIVER,MSG_SEND_DATE,MSG_RECEIVE_DATE,MSG_TITLE,MSG_CONTENTS,MSG_SENDER_NAME,MSG_RECEIVER_NAME,MSG_SENDER_VIEW,MSG_RECEIVER_VIEW,MSG_CABINET_CHECK) values (357,'kh2010','kh2005',to_date('21/03/08','RR/MM/DD'),to_date('21/03/08','RR/MM/DD'),'ㅇㄴㅎㅅㅇ','temp','이종탄 대리','박종혁 과장','Y','Y','N');
Insert into ST.MESSAGE (MSG_SEQ,MSG_SENDER,MSG_RECEIVER,MSG_SEND_DATE,MSG_RECEIVE_DATE,MSG_TITLE,MSG_CONTENTS,MSG_SENDER_NAME,MSG_RECEIVER_NAME,MSG_SENDER_VIEW,MSG_RECEIVER_VIEW,MSG_CABINET_CHECK) values (358,'kh2001','kh2011',to_date('21/03/08','RR/MM/DD'),null,'RE: 답장인듯 답장아닌 답장같은 ','temp','권용국 팀장','임효경 주임','Y','Y','N');
Insert into ST.MESSAGE (MSG_SEQ,MSG_SENDER,MSG_RECEIVER,MSG_SEND_DATE,MSG_RECEIVE_DATE,MSG_TITLE,MSG_CONTENTS,MSG_SENDER_NAME,MSG_RECEIVER_NAME,MSG_SENDER_VIEW,MSG_RECEIVER_VIEW,MSG_CABINET_CHECK) values (359,'kh2016','kh2007',to_date('21/03/08','RR/MM/DD'),to_date('21/03/08','RR/MM/DD'),'우와','temp','김용재 차장','양혜림 전무이사','Y','Y','N');
Insert into ST.MESSAGE (MSG_SEQ,MSG_SENDER,MSG_RECEIVER,MSG_SEND_DATE,MSG_RECEIVE_DATE,MSG_TITLE,MSG_CONTENTS,MSG_SENDER_NAME,MSG_RECEIVER_NAME,MSG_SENDER_VIEW,MSG_RECEIVER_VIEW,MSG_CABINET_CHECK) values (368,'kh2006','kh2016',to_date('21/03/08','RR/MM/DD'),to_date('21/03/08','RR/MM/DD'),'RE: 잘 지내시나요?','temp','박현 차장','김용재 차장','Y','Y','N');
Insert into ST.MESSAGE (MSG_SEQ,MSG_SENDER,MSG_RECEIVER,MSG_SEND_DATE,MSG_RECEIVE_DATE,MSG_TITLE,MSG_CONTENTS,MSG_SENDER_NAME,MSG_RECEIVER_NAME,MSG_SENDER_VIEW,MSG_RECEIVER_VIEW,MSG_CABINET_CHECK) values (372,'kh2018','kh2011',to_date('21/03/08','RR/MM/DD'),null,'RE: 안녕하세요~! ','temp','서동휘 팀장','임효경 주임','Y','Y','N');
Insert into ST.MESSAGE (MSG_SEQ,MSG_SENDER,MSG_RECEIVER,MSG_SEND_DATE,MSG_RECEIVE_DATE,MSG_TITLE,MSG_CONTENTS,MSG_SENDER_NAME,MSG_RECEIVER_NAME,MSG_SENDER_VIEW,MSG_RECEIVER_VIEW,MSG_CABINET_CHECK) values (373,'kh2016','kh2006',to_date('21/03/08','RR/MM/DD'),to_date('21/03/08','RR/MM/DD'),'누님','temp','김용재 차장','박현 차장','Y','Y','N');
Insert into ST.MESSAGE (MSG_SEQ,MSG_SENDER,MSG_RECEIVER,MSG_SEND_DATE,MSG_RECEIVE_DATE,MSG_TITLE,MSG_CONTENTS,MSG_SENDER_NAME,MSG_RECEIVER_NAME,MSG_SENDER_VIEW,MSG_RECEIVER_VIEW,MSG_CABINET_CHECK) values (377,'kh2007','kh2016',to_date('21/03/08','RR/MM/DD'),to_date('21/03/08','RR/MM/DD'),'RE: 우와','temp','양혜림 전무이사','김용재 차장','Y','Y','N');
Insert into ST.MESSAGE (MSG_SEQ,MSG_SENDER,MSG_RECEIVER,MSG_SEND_DATE,MSG_RECEIVE_DATE,MSG_TITLE,MSG_CONTENTS,MSG_SENDER_NAME,MSG_RECEIVER_NAME,MSG_SENDER_VIEW,MSG_RECEIVER_VIEW,MSG_CABINET_CHECK) values (378,'kh2016','kh2006',to_date('21/03/08','RR/MM/DD'),to_date('21/03/09','RR/MM/DD'),'RE: RE: 누님','temp','김용재 차장','박현 차장','Y','Y','N');
Insert into ST.MESSAGE (MSG_SEQ,MSG_SENDER,MSG_RECEIVER,MSG_SEND_DATE,MSG_RECEIVE_DATE,MSG_TITLE,MSG_CONTENTS,MSG_SENDER_NAME,MSG_RECEIVER_NAME,MSG_SENDER_VIEW,MSG_RECEIVER_VIEW,MSG_CABINET_CHECK) values (379,'1111','kh2005',to_date('21/03/17','RR/MM/DD'),null,'ddd','temp','이상 소장','박종혁 과장','Y','Y','N');
Insert into ST.MESSAGE (MSG_SEQ,MSG_SENDER,MSG_RECEIVER,MSG_SEND_DATE,MSG_RECEIVE_DATE,MSG_TITLE,MSG_CONTENTS,MSG_SENDER_NAME,MSG_RECEIVER_NAME,MSG_SENDER_VIEW,MSG_RECEIVER_VIEW,MSG_CABINET_CHECK) values (71,'test1','test1',to_date('21/02/05','RR/MM/DD'),to_date('21/02/15','RR/MM/DD'),'1213','<p>132132</p>','전략기획팀  테스트1 ','전략기획팀  테스트1 ','Y','Y','N');
Insert into ST.MESSAGE (MSG_SEQ,MSG_SENDER,MSG_RECEIVER,MSG_SEND_DATE,MSG_RECEIVE_DATE,MSG_TITLE,MSG_CONTENTS,MSG_SENDER_NAME,MSG_RECEIVER_NAME,MSG_SENDER_VIEW,MSG_RECEIVER_VIEW,MSG_CABINET_CHECK) values (72,'test1','test1',to_date('21/02/05','RR/MM/DD'),to_date('21/02/19','RR/MM/DD'),'safdasftest','<p>test</p>','전략기획팀  테스트1 ','전략기획팀  테스트1 ','Y','Y','N');
Insert into ST.MESSAGE (MSG_SEQ,MSG_SENDER,MSG_RECEIVER,MSG_SEND_DATE,MSG_RECEIVE_DATE,MSG_TITLE,MSG_CONTENTS,MSG_SENDER_NAME,MSG_RECEIVER_NAME,MSG_SENDER_VIEW,MSG_RECEIVER_VIEW,MSG_CABINET_CHECK) values (4,'1111','test2',to_date('21/01/26','RR/MM/DD'),null,'테스트1','<p>테스트 111</p>','테스터','테스트2','Y','Y','N');
Insert into ST.MESSAGE (MSG_SEQ,MSG_SENDER,MSG_RECEIVER,MSG_SEND_DATE,MSG_RECEIVE_DATE,MSG_TITLE,MSG_CONTENTS,MSG_SENDER_NAME,MSG_RECEIVER_NAME,MSG_SENDER_VIEW,MSG_RECEIVER_VIEW,MSG_CABINET_CHECK) values (5,'1111','test2',to_date('21/01/26','RR/MM/DD'),to_date('21/02/19','RR/MM/DD'),'테스트2','<p>테스트22222<br></p>','테스터','테스트2','Y','Y','N');
Insert into ST.MESSAGE (MSG_SEQ,MSG_SENDER,MSG_RECEIVER,MSG_SEND_DATE,MSG_RECEIVE_DATE,MSG_TITLE,MSG_CONTENTS,MSG_SENDER_NAME,MSG_RECEIVER_NAME,MSG_SENDER_VIEW,MSG_RECEIVER_VIEW,MSG_CABINET_CHECK) values (73,'1111','test1',to_date('21/02/05','RR/MM/DD'),to_date('21/02/05','RR/MM/DD'),'1test','<p>test</p>','개발2팀  테스터 ','전략기획팀  테스트1 ','Y','Y','N');
Insert into ST.MESSAGE (MSG_SEQ,MSG_SENDER,MSG_RECEIVER,MSG_SEND_DATE,MSG_RECEIVE_DATE,MSG_TITLE,MSG_CONTENTS,MSG_SENDER_NAME,MSG_RECEIVER_NAME,MSG_SENDER_VIEW,MSG_RECEIVER_VIEW,MSG_CABINET_CHECK) values (77,'1111','hoihoi914',to_date('21/02/12','RR/MM/DD'),null,'1111','<p>1111</p>','개발2팀  테스터 ','대표이사  양혜림 ','Y','Y','N');
Insert into ST.MESSAGE (MSG_SEQ,MSG_SENDER,MSG_RECEIVER,MSG_SEND_DATE,MSG_RECEIVE_DATE,MSG_TITLE,MSG_CONTENTS,MSG_SENDER_NAME,MSG_RECEIVER_NAME,MSG_SENDER_VIEW,MSG_RECEIVER_VIEW,MSG_CABINET_CHECK) values (8,'1111','1111',to_date('21/01/26','RR/MM/DD'),to_date('21/01/29','RR/MM/DD'),'수신함 나와랏!','<p>수신함 나와!!</p>','테스터','테스터','Y','N','N');
Insert into ST.MESSAGE (MSG_SEQ,MSG_SENDER,MSG_RECEIVER,MSG_SEND_DATE,MSG_RECEIVE_DATE,MSG_TITLE,MSG_CONTENTS,MSG_SENDER_NAME,MSG_RECEIVER_NAME,MSG_SENDER_VIEW,MSG_RECEIVER_VIEW,MSG_CABINET_CHECK) values (78,'1111','hoihoi914',to_date('21/02/12','RR/MM/DD'),to_date('21/02/21','RR/MM/DD'),'2222','<p>2222</p>','개발2팀  테스터 ','대표이사  양혜림 ','N','Y','N');
Insert into ST.MESSAGE (MSG_SEQ,MSG_SENDER,MSG_RECEIVER,MSG_SEND_DATE,MSG_RECEIVE_DATE,MSG_TITLE,MSG_CONTENTS,MSG_SENDER_NAME,MSG_RECEIVER_NAME,MSG_SENDER_VIEW,MSG_RECEIVER_VIEW,MSG_CABINET_CHECK) values (79,'test1','1111',to_date('21/02/15','RR/MM/DD'),null,'쪽지 테스트','<p>쪽지 테스트<br></p>','전략기획팀  기선겸 ','개발2팀  테스터 ','Y','N','N');
Insert into ST.MESSAGE (MSG_SEQ,MSG_SENDER,MSG_RECEIVER,MSG_SEND_DATE,MSG_RECEIVE_DATE,MSG_TITLE,MSG_CONTENTS,MSG_SENDER_NAME,MSG_RECEIVER_NAME,MSG_SENDER_VIEW,MSG_RECEIVER_VIEW,MSG_CABINET_CHECK) values (81,'test1','1111',to_date('21/02/15','RR/MM/DD'),null,'쪽지 테스트','<p>쪽지 테스트<br></p>','전략기획팀  기선겸 ','개발2팀  테스터 ','Y','N','N');
Insert into ST.MESSAGE (MSG_SEQ,MSG_SENDER,MSG_RECEIVER,MSG_SEND_DATE,MSG_RECEIVE_DATE,MSG_TITLE,MSG_CONTENTS,MSG_SENDER_NAME,MSG_RECEIVER_NAME,MSG_SENDER_VIEW,MSG_RECEIVER_VIEW,MSG_CABINET_CHECK) values (83,'test1','1111',to_date('21/02/15','RR/MM/DD'),to_date('21/02/19','RR/MM/DD'),'쪽지 테스트','<p>쪽지 테스트<br></p>','전략기획팀  기선겸 ','개발2팀  테스터 ','Y','N','N');
Insert into ST.MESSAGE (MSG_SEQ,MSG_SENDER,MSG_RECEIVER,MSG_SEND_DATE,MSG_RECEIVE_DATE,MSG_TITLE,MSG_CONTENTS,MSG_SENDER_NAME,MSG_RECEIVER_NAME,MSG_SENDER_VIEW,MSG_RECEIVER_VIEW,MSG_CABINET_CHECK) values (84,'test1','1111',to_date('21/02/15','RR/MM/DD'),to_date('21/02/17','RR/MM/DD'),'쪽지 테스트','<p>쪽지 테스트<br></p>','전략기획팀  기선겸 ','개발2팀  테스터 ','Y','N','N');
Insert into ST.MESSAGE (MSG_SEQ,MSG_SENDER,MSG_RECEIVER,MSG_SEND_DATE,MSG_RECEIVE_DATE,MSG_TITLE,MSG_CONTENTS,MSG_SENDER_NAME,MSG_RECEIVER_NAME,MSG_SENDER_VIEW,MSG_RECEIVER_VIEW,MSG_CABINET_CHECK) values (85,'test1','1111',to_date('21/02/15','RR/MM/DD'),to_date('21/02/16','RR/MM/DD'),'쪽지 테스트','<p>쪽지 테스트<br></p>','전략기획팀  기선겸 ','개발2팀  테스터 ','Y','N','N');
Insert into ST.MESSAGE (MSG_SEQ,MSG_SENDER,MSG_RECEIVER,MSG_SEND_DATE,MSG_RECEIVE_DATE,MSG_TITLE,MSG_CONTENTS,MSG_SENDER_NAME,MSG_RECEIVER_NAME,MSG_SENDER_VIEW,MSG_RECEIVER_VIEW,MSG_CABINET_CHECK) values (86,'test1','1111',to_date('21/02/15','RR/MM/DD'),to_date('21/02/16','RR/MM/DD'),'쪽지 테스트','<p>쪽지 테스트<br></p>','전략기획팀  기선겸 ','개발2팀  테스터 ','Y','N','N');
Insert into ST.MESSAGE (MSG_SEQ,MSG_SENDER,MSG_RECEIVER,MSG_SEND_DATE,MSG_RECEIVE_DATE,MSG_TITLE,MSG_CONTENTS,MSG_SENDER_NAME,MSG_RECEIVER_NAME,MSG_SENDER_VIEW,MSG_RECEIVER_VIEW,MSG_CABINET_CHECK) values (139,'test1','1111',to_date('21/02/19','RR/MM/DD'),to_date('21/02/19','RR/MM/DD'),'기선겸씨!!','<p style="user-select: auto;">기선겸씨!!<br style="user-select: auto;"></p>','영업  기선겸 ','개발2팀  테스터 ','Y','Y','Y');
Insert into ST.MESSAGE (MSG_SEQ,MSG_SENDER,MSG_RECEIVER,MSG_SEND_DATE,MSG_RECEIVE_DATE,MSG_TITLE,MSG_CONTENTS,MSG_SENDER_NAME,MSG_RECEIVER_NAME,MSG_SENDER_VIEW,MSG_RECEIVER_VIEW,MSG_CABINET_CHECK) values (141,'1111','test1',to_date('21/02/19','RR/MM/DD'),to_date('21/02/19','RR/MM/DD'),'우오아아아','<p>메일이다아아</p>','개발2팀  테스터 ','영업  기선겸 ','N','Y','Y');
Insert into ST.MESSAGE (MSG_SEQ,MSG_SENDER,MSG_RECEIVER,MSG_SEND_DATE,MSG_RECEIVE_DATE,MSG_TITLE,MSG_CONTENTS,MSG_SENDER_NAME,MSG_RECEIVER_NAME,MSG_SENDER_VIEW,MSG_RECEIVER_VIEW,MSG_CABINET_CHECK) values (142,'test2','test6',to_date('21/02/19','RR/MM/DD'),to_date('21/02/19','RR/MM/DD'),'쪽지 보내봅니다~','<p>하하하</p>','경영지원실  테스트2 ','경영지원실  송강 ','Y','Y','Y');
Insert into ST.MESSAGE (MSG_SEQ,MSG_SENDER,MSG_RECEIVER,MSG_SEND_DATE,MSG_RECEIVE_DATE,MSG_TITLE,MSG_CONTENTS,MSG_SENDER_NAME,MSG_RECEIVER_NAME,MSG_SENDER_VIEW,MSG_RECEIVER_VIEW,MSG_CABINET_CHECK) values (143,'1111','1111',to_date('21/02/19','RR/MM/DD'),to_date('21/02/19','RR/MM/DD'),'내가 나에게','<p><br></p>','개발2팀  테스터 ','개발2팀  테스터 ','Y','Y','N');
Insert into ST.MESSAGE (MSG_SEQ,MSG_SENDER,MSG_RECEIVER,MSG_SEND_DATE,MSG_RECEIVE_DATE,MSG_TITLE,MSG_CONTENTS,MSG_SENDER_NAME,MSG_RECEIVER_NAME,MSG_SENDER_VIEW,MSG_RECEIVER_VIEW,MSG_CABINET_CHECK) values (144,'1111','test6',to_date('21/02/19','RR/MM/DD'),null,'.','<p>.</p>','개발2팀  테스터 ','경영지원실  송강 ','Y','Y','N');
Insert into ST.MESSAGE (MSG_SEQ,MSG_SENDER,MSG_RECEIVER,MSG_SEND_DATE,MSG_RECEIVE_DATE,MSG_TITLE,MSG_CONTENTS,MSG_SENDER_NAME,MSG_RECEIVER_NAME,MSG_SENDER_VIEW,MSG_RECEIVER_VIEW,MSG_CABINET_CHECK) values (145,'test1','test3',to_date('21/02/19','RR/MM/DD'),to_date('21/02/23','RR/MM/DD'),'ㄴㅇㄹㅇㄴ','<p style="user-select: auto;">ㄴㅇㄹㅇ</p>','영업  기선겸 ','개발1팀  테스트3 ','Y','Y','Y');
Insert into ST.MESSAGE (MSG_SEQ,MSG_SENDER,MSG_RECEIVER,MSG_SEND_DATE,MSG_RECEIVE_DATE,MSG_TITLE,MSG_CONTENTS,MSG_SENDER_NAME,MSG_RECEIVER_NAME,MSG_SENDER_VIEW,MSG_RECEIVER_VIEW,MSG_CABINET_CHECK) values (146,'1111','1111',to_date('21/02/19','RR/MM/DD'),to_date('21/02/19','RR/MM/DD'),'/','<p>.</p>','개발2팀  테스터 ','개발2팀  테스터 ','Y','Y','N');
Insert into ST.MESSAGE (MSG_SEQ,MSG_SENDER,MSG_RECEIVER,MSG_SEND_DATE,MSG_RECEIVE_DATE,MSG_TITLE,MSG_CONTENTS,MSG_SENDER_NAME,MSG_RECEIVER_NAME,MSG_SENDER_VIEW,MSG_RECEIVER_VIEW,MSG_CABINET_CHECK) values (147,'1111','1111',to_date('21/02/19','RR/MM/DD'),to_date('21/02/19','RR/MM/DD'),'ㅇ','<p>ㅇ</p>','개발2팀  테스터 ','개발2팀  테스터 ','Y','Y','N');
Insert into ST.MESSAGE (MSG_SEQ,MSG_SENDER,MSG_RECEIVER,MSG_SEND_DATE,MSG_RECEIVE_DATE,MSG_TITLE,MSG_CONTENTS,MSG_SENDER_NAME,MSG_RECEIVER_NAME,MSG_SENDER_VIEW,MSG_RECEIVER_VIEW,MSG_CABINET_CHECK) values (148,'1111','test3',to_date('21/02/19','RR/MM/DD'),null,'내가 나에게','<p>ㅇ</p>','개발2팀  테스터 ','개발1팀  테스트3 ','N','Y','N');
Insert into ST.MESSAGE (MSG_SEQ,MSG_SENDER,MSG_RECEIVER,MSG_SEND_DATE,MSG_RECEIVE_DATE,MSG_TITLE,MSG_CONTENTS,MSG_SENDER_NAME,MSG_RECEIVER_NAME,MSG_SENDER_VIEW,MSG_RECEIVER_VIEW,MSG_CABINET_CHECK) values (149,'test2','test2',to_date('21/02/19','RR/MM/DD'),to_date('21/02/19','RR/MM/DD'),'쪽지 보내봅니다~','<p>fdsa</p>','경영지원실  테스트2 ','경영지원실  테스트2 ','Y','N','N');
Insert into ST.MESSAGE (MSG_SEQ,MSG_SENDER,MSG_RECEIVER,MSG_SEND_DATE,MSG_RECEIVE_DATE,MSG_TITLE,MSG_CONTENTS,MSG_SENDER_NAME,MSG_RECEIVER_NAME,MSG_SENDER_VIEW,MSG_RECEIVER_VIEW,MSG_CABINET_CHECK) values (150,'test2','test2',to_date('21/02/19','RR/MM/DD'),to_date('21/02/19','RR/MM/DD'),'ㄷㄱㅂㅈㄱ','<p><br></p>','경영지원실  테스트2 ','경영지원실  테스트2 ','Y','Y','N');
Insert into ST.MESSAGE (MSG_SEQ,MSG_SENDER,MSG_RECEIVER,MSG_SEND_DATE,MSG_RECEIVE_DATE,MSG_TITLE,MSG_CONTENTS,MSG_SENDER_NAME,MSG_RECEIVER_NAME,MSG_SENDER_VIEW,MSG_RECEIVER_VIEW,MSG_CABINET_CHECK) values (151,'test2','test2',to_date('21/02/19','RR/MM/DD'),to_date('21/02/19','RR/MM/DD'),'ㄷㅈㄱ','<p>ㅠㅇㄹㅇㄹ뉴</p>','경영지원실  테스트2 ','경영지원실  테스트2 ','Y','Y','N');
Insert into ST.MESSAGE (MSG_SEQ,MSG_SENDER,MSG_RECEIVER,MSG_SEND_DATE,MSG_RECEIVE_DATE,MSG_TITLE,MSG_CONTENTS,MSG_SENDER_NAME,MSG_RECEIVER_NAME,MSG_SENDER_VIEW,MSG_RECEIVER_VIEW,MSG_CABINET_CHECK) values (152,'test2','test2',to_date('21/02/19','RR/MM/DD'),to_date('21/02/19','RR/MM/DD'),'ㅇㄴㅍㄴㅍㅇㄴ류','<p>ㅇㄴ륭률유</p>','경영지원실  테스트2 ','경영지원실  테스트2 ','Y','Y','N');
Insert into ST.MESSAGE (MSG_SEQ,MSG_SENDER,MSG_RECEIVER,MSG_SEND_DATE,MSG_RECEIVE_DATE,MSG_TITLE,MSG_CONTENTS,MSG_SENDER_NAME,MSG_RECEIVER_NAME,MSG_SENDER_VIEW,MSG_RECEIVER_VIEW,MSG_CABINET_CHECK) values (154,'test2','test2',to_date('21/02/19','RR/MM/DD'),to_date('21/02/19','RR/MM/DD'),'ㄷㅈㄷㄱㅈㄷ','&nbsp;','경영지원실  테스트2 ','경영지원실  테스트2 ','Y','Y','N');
Insert into ST.MESSAGE (MSG_SEQ,MSG_SENDER,MSG_RECEIVER,MSG_SEND_DATE,MSG_RECEIVE_DATE,MSG_TITLE,MSG_CONTENTS,MSG_SENDER_NAME,MSG_RECEIVER_NAME,MSG_SENDER_VIEW,MSG_RECEIVER_VIEW,MSG_CABINET_CHECK) values (155,'test2','test2',to_date('21/02/19','RR/MM/DD'),to_date('21/02/19','RR/MM/DD'),'ds','<p>adsa</p>','경영지원실  테스트2 ','전략기획팀  테스트1 ','Y','Y','N');
Insert into ST.MESSAGE (MSG_SEQ,MSG_SENDER,MSG_RECEIVER,MSG_SEND_DATE,MSG_RECEIVE_DATE,MSG_TITLE,MSG_CONTENTS,MSG_SENDER_NAME,MSG_RECEIVER_NAME,MSG_SENDER_VIEW,MSG_RECEIVER_VIEW,MSG_CABINET_CHECK) values (158,'1111','1111',to_date('21/02/19','RR/MM/DD'),null,'ㅇㄹ','<p>ㅇㄹ</p>','개발2팀  테스터 ','영업팀  기선겸 ','Y','Y','N');
Insert into ST.MESSAGE (MSG_SEQ,MSG_SENDER,MSG_RECEIVER,MSG_SEND_DATE,MSG_RECEIVE_DATE,MSG_TITLE,MSG_CONTENTS,MSG_SENDER_NAME,MSG_RECEIVER_NAME,MSG_SENDER_VIEW,MSG_RECEIVER_VIEW,MSG_CABINET_CHECK) values (160,'1111','1111',to_date('21/02/19','RR/MM/DD'),null,'ㅇㄹ','<p>ㅇ</p>','개발2팀  테스터 ','전략기획팀  기선겸 ','Y','Y','N');
Insert into ST.MESSAGE (MSG_SEQ,MSG_SENDER,MSG_RECEIVER,MSG_SEND_DATE,MSG_RECEIVE_DATE,MSG_TITLE,MSG_CONTENTS,MSG_SENDER_NAME,MSG_RECEIVER_NAME,MSG_SENDER_VIEW,MSG_RECEIVER_VIEW,MSG_CABINET_CHECK) values (161,'test2','test2',to_date('21/02/19','RR/MM/DD'),null,'dsa','<p>dsa</p>','경영지원실  테스트2 ','전략기획팀  테스트1 ','Y','Y','N');
Insert into ST.MESSAGE (MSG_SEQ,MSG_SENDER,MSG_RECEIVER,MSG_SEND_DATE,MSG_RECEIVE_DATE,MSG_TITLE,MSG_CONTENTS,MSG_SENDER_NAME,MSG_RECEIVER_NAME,MSG_SENDER_VIEW,MSG_RECEIVER_VIEW,MSG_CABINET_CHECK) values (162,'test2','test2',to_date('21/02/19','RR/MM/DD'),null,'dsa','<p>dsa</p>','경영지원실  테스트2 ','전략기획팀  테스트1 ','Y','Y','N');
Insert into ST.MESSAGE (MSG_SEQ,MSG_SENDER,MSG_RECEIVER,MSG_SEND_DATE,MSG_RECEIVE_DATE,MSG_TITLE,MSG_CONTENTS,MSG_SENDER_NAME,MSG_RECEIVER_NAME,MSG_SENDER_VIEW,MSG_RECEIVER_VIEW,MSG_CABINET_CHECK) values (163,'test2','test2',to_date('21/02/19','RR/MM/DD'),null,'dsa','<p>dsa</p>','경영지원실  테스트2 ','전략기획팀  테스트1 ','Y','Y','N');
Insert into ST.MESSAGE (MSG_SEQ,MSG_SENDER,MSG_RECEIVER,MSG_SEND_DATE,MSG_RECEIVE_DATE,MSG_TITLE,MSG_CONTENTS,MSG_SENDER_NAME,MSG_RECEIVER_NAME,MSG_SENDER_VIEW,MSG_RECEIVER_VIEW,MSG_CABINET_CHECK) values (164,'test2','test2',to_date('21/02/19','RR/MM/DD'),null,'dsa','<p>dsa</p>','경영지원실  테스트2 ','전략기획팀  테스트1 ','Y','Y','N');
Insert into ST.MESSAGE (MSG_SEQ,MSG_SENDER,MSG_RECEIVER,MSG_SEND_DATE,MSG_RECEIVE_DATE,MSG_TITLE,MSG_CONTENTS,MSG_SENDER_NAME,MSG_RECEIVER_NAME,MSG_SENDER_VIEW,MSG_RECEIVER_VIEW,MSG_CABINET_CHECK) values (165,'test2','test2',to_date('21/02/19','RR/MM/DD'),null,'dsa','<p>dsa</p>','경영지원실  테스트2 ','전략기획팀  테스트1 ','Y','Y','N');
Insert into ST.MESSAGE (MSG_SEQ,MSG_SENDER,MSG_RECEIVER,MSG_SEND_DATE,MSG_RECEIVE_DATE,MSG_TITLE,MSG_CONTENTS,MSG_SENDER_NAME,MSG_RECEIVER_NAME,MSG_SENDER_VIEW,MSG_RECEIVER_VIEW,MSG_CABINET_CHECK) values (166,'test2','test2',to_date('21/02/19','RR/MM/DD'),null,'dsa','<p>dsa</p>','경영지원실  테스트2 ','전략기획팀  테스트1 ','Y','Y','N');
Insert into ST.MESSAGE (MSG_SEQ,MSG_SENDER,MSG_RECEIVER,MSG_SEND_DATE,MSG_RECEIVE_DATE,MSG_TITLE,MSG_CONTENTS,MSG_SENDER_NAME,MSG_RECEIVER_NAME,MSG_SENDER_VIEW,MSG_RECEIVER_VIEW,MSG_CABINET_CHECK) values (167,'test2','test2',to_date('21/02/19','RR/MM/DD'),null,'dsa','<p>dsa</p>','경영지원실  테스트2 ','전략기획팀  테스트1 ','Y','Y','N');
Insert into ST.MESSAGE (MSG_SEQ,MSG_SENDER,MSG_RECEIVER,MSG_SEND_DATE,MSG_RECEIVE_DATE,MSG_TITLE,MSG_CONTENTS,MSG_SENDER_NAME,MSG_RECEIVER_NAME,MSG_SENDER_VIEW,MSG_RECEIVER_VIEW,MSG_CABINET_CHECK) values (168,'test2','test2',to_date('21/02/19','RR/MM/DD'),null,'dsa','<p>dsa</p>','경영지원실  테스트2 ','전략기획팀  테스트1 ','Y','Y','N');
Insert into ST.MESSAGE (MSG_SEQ,MSG_SENDER,MSG_RECEIVER,MSG_SEND_DATE,MSG_RECEIVE_DATE,MSG_TITLE,MSG_CONTENTS,MSG_SENDER_NAME,MSG_RECEIVER_NAME,MSG_SENDER_VIEW,MSG_RECEIVER_VIEW,MSG_CABINET_CHECK) values (169,'test2','test2',to_date('21/02/19','RR/MM/DD'),null,'dsa','<p>dsa</p>','경영지원실  테스트2 ','전략기획팀  테스트1 ','Y','Y','N');
Insert into ST.MESSAGE (MSG_SEQ,MSG_SENDER,MSG_RECEIVER,MSG_SEND_DATE,MSG_RECEIVE_DATE,MSG_TITLE,MSG_CONTENTS,MSG_SENDER_NAME,MSG_RECEIVER_NAME,MSG_SENDER_VIEW,MSG_RECEIVER_VIEW,MSG_CABINET_CHECK) values (170,'test2','test2',to_date('21/02/19','RR/MM/DD'),null,'dsa','<p>dsa</p>','경영지원실  테스트2 ','전략기획팀  테스트1 ','Y','Y','N');
Insert into ST.MESSAGE (MSG_SEQ,MSG_SENDER,MSG_RECEIVER,MSG_SEND_DATE,MSG_RECEIVE_DATE,MSG_TITLE,MSG_CONTENTS,MSG_SENDER_NAME,MSG_RECEIVER_NAME,MSG_SENDER_VIEW,MSG_RECEIVER_VIEW,MSG_CABINET_CHECK) values (171,'test2','test2',to_date('21/02/19','RR/MM/DD'),null,'dsa','<p>dsa</p>','경영지원실  테스트2 ','전략기획팀  테스트1 ','Y','Y','N');
Insert into ST.MESSAGE (MSG_SEQ,MSG_SENDER,MSG_RECEIVER,MSG_SEND_DATE,MSG_RECEIVE_DATE,MSG_TITLE,MSG_CONTENTS,MSG_SENDER_NAME,MSG_RECEIVER_NAME,MSG_SENDER_VIEW,MSG_RECEIVER_VIEW,MSG_CABINET_CHECK) values (172,'test2','test2',to_date('21/02/19','RR/MM/DD'),null,'dsa','<p>dsa</p>','경영지원실  테스트2 ','전략기획팀  테스트1 ','Y','Y','N');
Insert into ST.MESSAGE (MSG_SEQ,MSG_SENDER,MSG_RECEIVER,MSG_SEND_DATE,MSG_RECEIVE_DATE,MSG_TITLE,MSG_CONTENTS,MSG_SENDER_NAME,MSG_RECEIVER_NAME,MSG_SENDER_VIEW,MSG_RECEIVER_VIEW,MSG_CABINET_CHECK) values (173,'test2','test2',to_date('21/02/19','RR/MM/DD'),null,'dsa','<p>dsa</p>','경영지원실  테스트2 ','전략기획팀  테스트1 ','Y','Y','N');
Insert into ST.MESSAGE (MSG_SEQ,MSG_SENDER,MSG_RECEIVER,MSG_SEND_DATE,MSG_RECEIVE_DATE,MSG_TITLE,MSG_CONTENTS,MSG_SENDER_NAME,MSG_RECEIVER_NAME,MSG_SENDER_VIEW,MSG_RECEIVER_VIEW,MSG_CABINET_CHECK) values (174,'test2','test2',to_date('21/02/19','RR/MM/DD'),to_date('21/02/19','RR/MM/DD'),'dsa','<p>dsa</p>','경영지원실  테스트2 ','전략기획팀  테스트1 ','Y','Y','N');
Insert into ST.MESSAGE (MSG_SEQ,MSG_SENDER,MSG_RECEIVER,MSG_SEND_DATE,MSG_RECEIVE_DATE,MSG_TITLE,MSG_CONTENTS,MSG_SENDER_NAME,MSG_RECEIVER_NAME,MSG_SENDER_VIEW,MSG_RECEIVER_VIEW,MSG_CABINET_CHECK) values (175,'test2','test2',to_date('21/02/19','RR/MM/DD'),null,'dsa','<p>dsa</p>','경영지원실  테스트2 ','전략기획팀  테스트1 ','Y','Y','N');
Insert into ST.MESSAGE (MSG_SEQ,MSG_SENDER,MSG_RECEIVER,MSG_SEND_DATE,MSG_RECEIVE_DATE,MSG_TITLE,MSG_CONTENTS,MSG_SENDER_NAME,MSG_RECEIVER_NAME,MSG_SENDER_VIEW,MSG_RECEIVER_VIEW,MSG_CABINET_CHECK) values (176,'test2','test2',to_date('21/02/19','RR/MM/DD'),null,'dsa','<p>dsa</p>','경영지원실  테스트2 ','전략기획팀  테스트1 ','Y','Y','N');
Insert into ST.MESSAGE (MSG_SEQ,MSG_SENDER,MSG_RECEIVER,MSG_SEND_DATE,MSG_RECEIVE_DATE,MSG_TITLE,MSG_CONTENTS,MSG_SENDER_NAME,MSG_RECEIVER_NAME,MSG_SENDER_VIEW,MSG_RECEIVER_VIEW,MSG_CABINET_CHECK) values (177,'test2','test2',to_date('21/02/19','RR/MM/DD'),null,'dsa','<p>dsa</p>','경영지원실  테스트2 ','전략기획팀  테스트1 ','Y','Y','N');
Insert into ST.MESSAGE (MSG_SEQ,MSG_SENDER,MSG_RECEIVER,MSG_SEND_DATE,MSG_RECEIVE_DATE,MSG_TITLE,MSG_CONTENTS,MSG_SENDER_NAME,MSG_RECEIVER_NAME,MSG_SENDER_VIEW,MSG_RECEIVER_VIEW,MSG_CABINET_CHECK) values (178,'test2','test2',to_date('21/02/19','RR/MM/DD'),null,'dsa','<p>dsa</p>','경영지원실  테스트2 ','전략기획팀  테스트1 ','Y','Y','N');
Insert into ST.MESSAGE (MSG_SEQ,MSG_SENDER,MSG_RECEIVER,MSG_SEND_DATE,MSG_RECEIVE_DATE,MSG_TITLE,MSG_CONTENTS,MSG_SENDER_NAME,MSG_RECEIVER_NAME,MSG_SENDER_VIEW,MSG_RECEIVER_VIEW,MSG_CABINET_CHECK) values (179,'test2','test2',to_date('21/02/19','RR/MM/DD'),null,'dsa','<p>dsa</p>','경영지원실  테스트2 ','전략기획팀  테스트1 ','Y','Y','N');
Insert into ST.MESSAGE (MSG_SEQ,MSG_SENDER,MSG_RECEIVER,MSG_SEND_DATE,MSG_RECEIVE_DATE,MSG_TITLE,MSG_CONTENTS,MSG_SENDER_NAME,MSG_RECEIVER_NAME,MSG_SENDER_VIEW,MSG_RECEIVER_VIEW,MSG_CABINET_CHECK) values (180,'test2','test2',to_date('21/02/19','RR/MM/DD'),to_date('21/02/19','RR/MM/DD'),'dsa','<p>dsa</p>','경영지원실  테스트2 ','전략기획팀  테스트1 ','Y','Y','N');
Insert into ST.MESSAGE (MSG_SEQ,MSG_SENDER,MSG_RECEIVER,MSG_SEND_DATE,MSG_RECEIVE_DATE,MSG_TITLE,MSG_CONTENTS,MSG_SENDER_NAME,MSG_RECEIVER_NAME,MSG_SENDER_VIEW,MSG_RECEIVER_VIEW,MSG_CABINET_CHECK) values (181,'1111','test4',to_date('21/02/19','RR/MM/DD'),null,'ㅇㄹ','<p>ㅇㄹ</p>','개발2팀  테스터 ','임원  테스트4 ','Y','Y','N');
Insert into ST.MESSAGE (MSG_SEQ,MSG_SENDER,MSG_RECEIVER,MSG_SEND_DATE,MSG_RECEIVE_DATE,MSG_TITLE,MSG_CONTENTS,MSG_SENDER_NAME,MSG_RECEIVER_NAME,MSG_SENDER_VIEW,MSG_RECEIVER_VIEW,MSG_CABINET_CHECK) values (182,'test1','test1',to_date('21/02/19','RR/MM/DD'),to_date('21/02/24','RR/MM/DD'),'ㄷㅈㄴㅇ','<p style="user-select: auto;">ㄴㅇㄹㅇ</p>','영업  기선겸 ','개발2팀  테스터 ','Y','Y','N');
Insert into ST.MESSAGE (MSG_SEQ,MSG_SENDER,MSG_RECEIVER,MSG_SEND_DATE,MSG_RECEIVE_DATE,MSG_TITLE,MSG_CONTENTS,MSG_SENDER_NAME,MSG_RECEIVER_NAME,MSG_SENDER_VIEW,MSG_RECEIVER_VIEW,MSG_CABINET_CHECK) values (183,'test2','test2',to_date('21/02/19','RR/MM/DD'),null,'쪽찌쓰','<p>쪽찌쓰<br></p>','경영지원실  테스트2 ','전략기획팀  테스트1 ','Y','Y','N');
Insert into ST.MESSAGE (MSG_SEQ,MSG_SENDER,MSG_RECEIVER,MSG_SEND_DATE,MSG_RECEIVE_DATE,MSG_TITLE,MSG_CONTENTS,MSG_SENDER_NAME,MSG_RECEIVER_NAME,MSG_SENDER_VIEW,MSG_RECEIVER_VIEW,MSG_CABINET_CHECK) values (184,'test2','test2',to_date('21/02/19','RR/MM/DD'),null,'쪽찌쓰','<p>쪽찌쓰<br></p>','경영지원실  테스트2 ','전략기획팀  테스트1 ','Y','Y','N');
Insert into ST.MESSAGE (MSG_SEQ,MSG_SENDER,MSG_RECEIVER,MSG_SEND_DATE,MSG_RECEIVE_DATE,MSG_TITLE,MSG_CONTENTS,MSG_SENDER_NAME,MSG_RECEIVER_NAME,MSG_SENDER_VIEW,MSG_RECEIVER_VIEW,MSG_CABINET_CHECK) values (185,'test2','test2',to_date('21/02/19','RR/MM/DD'),null,'쪽찌쓰','<p>쪽찌쓰<br></p>','경영지원실  테스트2 ','전략기획팀  테스트1 ','Y','Y','N');
Insert into ST.MESSAGE (MSG_SEQ,MSG_SENDER,MSG_RECEIVER,MSG_SEND_DATE,MSG_RECEIVE_DATE,MSG_TITLE,MSG_CONTENTS,MSG_SENDER_NAME,MSG_RECEIVER_NAME,MSG_SENDER_VIEW,MSG_RECEIVER_VIEW,MSG_CABINET_CHECK) values (186,'test2','test2',to_date('21/02/19','RR/MM/DD'),null,'쪽찌쓰','<p>쪽찌쓰<br></p>','경영지원실  테스트2 ','전략기획팀  테스트1 ','Y','Y','N');
Insert into ST.MESSAGE (MSG_SEQ,MSG_SENDER,MSG_RECEIVER,MSG_SEND_DATE,MSG_RECEIVE_DATE,MSG_TITLE,MSG_CONTENTS,MSG_SENDER_NAME,MSG_RECEIVER_NAME,MSG_SENDER_VIEW,MSG_RECEIVER_VIEW,MSG_CABINET_CHECK) values (187,'test2','test2',to_date('21/02/19','RR/MM/DD'),null,'쪽찌쓰','<p>쪽찌쓰<br></p>','경영지원실  테스트2 ','전략기획팀  테스트1 ','Y','Y','N');
Insert into ST.MESSAGE (MSG_SEQ,MSG_SENDER,MSG_RECEIVER,MSG_SEND_DATE,MSG_RECEIVE_DATE,MSG_TITLE,MSG_CONTENTS,MSG_SENDER_NAME,MSG_RECEIVER_NAME,MSG_SENDER_VIEW,MSG_RECEIVER_VIEW,MSG_CABINET_CHECK) values (188,'test2','test2',to_date('21/02/19','RR/MM/DD'),null,'쪽찌쓰','<p>쪽찌쓰<br></p>','경영지원실  테스트2 ','전략기획팀  테스트1 ','Y','Y','N');
Insert into ST.MESSAGE (MSG_SEQ,MSG_SENDER,MSG_RECEIVER,MSG_SEND_DATE,MSG_RECEIVE_DATE,MSG_TITLE,MSG_CONTENTS,MSG_SENDER_NAME,MSG_RECEIVER_NAME,MSG_SENDER_VIEW,MSG_RECEIVER_VIEW,MSG_CABINET_CHECK) values (189,'test2','test2',to_date('21/02/19','RR/MM/DD'),null,'쪽찌쓰','<p>쪽찌쓰<br></p>','경영지원실  테스트2 ','전략기획팀  테스트1 ','Y','Y','N');
Insert into ST.MESSAGE (MSG_SEQ,MSG_SENDER,MSG_RECEIVER,MSG_SEND_DATE,MSG_RECEIVE_DATE,MSG_TITLE,MSG_CONTENTS,MSG_SENDER_NAME,MSG_RECEIVER_NAME,MSG_SENDER_VIEW,MSG_RECEIVER_VIEW,MSG_CABINET_CHECK) values (190,'test2','test2',to_date('21/02/19','RR/MM/DD'),null,'쪽찌쓰','<p>쪽찌쓰<br></p>','경영지원실  테스트2 ','전략기획팀  테스트1 ','Y','Y','N');
Insert into ST.MESSAGE (MSG_SEQ,MSG_SENDER,MSG_RECEIVER,MSG_SEND_DATE,MSG_RECEIVE_DATE,MSG_TITLE,MSG_CONTENTS,MSG_SENDER_NAME,MSG_RECEIVER_NAME,MSG_SENDER_VIEW,MSG_RECEIVER_VIEW,MSG_CABINET_CHECK) values (191,'test2','test2',to_date('21/02/19','RR/MM/DD'),null,'쪽찌쓰','<p>쪽찌쓰<br></p>','경영지원실  테스트2 ','전략기획팀  테스트1 ','Y','Y','N');
Insert into ST.MESSAGE (MSG_SEQ,MSG_SENDER,MSG_RECEIVER,MSG_SEND_DATE,MSG_RECEIVE_DATE,MSG_TITLE,MSG_CONTENTS,MSG_SENDER_NAME,MSG_RECEIVER_NAME,MSG_SENDER_VIEW,MSG_RECEIVER_VIEW,MSG_CABINET_CHECK) values (11,'1111','1111',to_date('21/01/27','RR/MM/DD'),to_date('21/01/29','RR/MM/DD'),'답장입니다.','<p>답장입니다.</p>','테스터 (개발2팀)','테스터 (개발2팀)','Y','N','N');
Insert into ST.MESSAGE (MSG_SEQ,MSG_SENDER,MSG_RECEIVER,MSG_SEND_DATE,MSG_RECEIVE_DATE,MSG_TITLE,MSG_CONTENTS,MSG_SENDER_NAME,MSG_RECEIVER_NAME,MSG_SENDER_VIEW,MSG_RECEIVER_VIEW,MSG_CABINET_CHECK) values (9,'1111','1111',to_date('21/01/27','RR/MM/DD'),to_date('21/01/29','RR/MM/DD'),'이름이 잘 들어가나요?','<p>이름이 잘 들어가나요?</p>','테스터 (개발2팀)','테스터 (개발2팀)','Y','N','N');
Insert into ST.MESSAGE (MSG_SEQ,MSG_SENDER,MSG_RECEIVER,MSG_SEND_DATE,MSG_RECEIVE_DATE,MSG_TITLE,MSG_CONTENTS,MSG_SENDER_NAME,MSG_RECEIVER_NAME,MSG_SENDER_VIEW,MSG_RECEIVER_VIEW,MSG_CABINET_CHECK) values (12,'1111','1111',to_date('21/01/27','RR/MM/DD'),to_date('21/01/27','RR/MM/DD'),'fasfsadf','<p>asfdfdas</p>','테스터','테스터','Y','N','N');
Insert into ST.MESSAGE (MSG_SEQ,MSG_SENDER,MSG_RECEIVER,MSG_SEND_DATE,MSG_RECEIVE_DATE,MSG_TITLE,MSG_CONTENTS,MSG_SENDER_NAME,MSG_RECEIVER_NAME,MSG_SENDER_VIEW,MSG_RECEIVER_VIEW,MSG_CABINET_CHECK) values (74,'1111','test1',to_date('21/02/05','RR/MM/DD'),to_date('21/02/15','RR/MM/DD'),'sdfaf','<p>fsafasfadf</p>','개발2팀  테스터 ','전략기획팀  테스트1 ','Y','Y','N');
Insert into ST.MESSAGE (MSG_SEQ,MSG_SENDER,MSG_RECEIVER,MSG_SEND_DATE,MSG_RECEIVE_DATE,MSG_TITLE,MSG_CONTENTS,MSG_SENDER_NAME,MSG_RECEIVER_NAME,MSG_SENDER_VIEW,MSG_RECEIVER_VIEW,MSG_CABINET_CHECK) values (75,'1111','test1',to_date('21/02/05','RR/MM/DD'),to_date('21/02/15','RR/MM/DD'),'22','<p>222</p>','개발2팀  테스터 ','전략기획팀  테스트1 ','Y','Y','N');
Insert into ST.MESSAGE (MSG_SEQ,MSG_SENDER,MSG_RECEIVER,MSG_SEND_DATE,MSG_RECEIVE_DATE,MSG_TITLE,MSG_CONTENTS,MSG_SENDER_NAME,MSG_RECEIVER_NAME,MSG_SENDER_VIEW,MSG_RECEIVER_VIEW,MSG_CABINET_CHECK) values (23,'1111','1111',to_date('21/01/29','RR/MM/DD'),to_date('21/02/05','RR/MM/DD'),'ㅁㄴㅇㄹ','<p>ㅁㄴㅇㄹ</p>','개발2팀  테스터 ','개발2팀  테스터 ','Y','Y','N');
Insert into ST.MESSAGE (MSG_SEQ,MSG_SENDER,MSG_RECEIVER,MSG_SEND_DATE,MSG_RECEIVE_DATE,MSG_TITLE,MSG_CONTENTS,MSG_SENDER_NAME,MSG_RECEIVER_NAME,MSG_SENDER_VIEW,MSG_RECEIVER_VIEW,MSG_CABINET_CHECK) values (76,'1111','test1',to_date('21/02/05','RR/MM/DD'),to_date('21/02/15','RR/MM/DD'),'333','<p>33333</p>','개발2팀  테스터 ','전략기획팀  테스트1 ','Y','Y','Y');
Insert into ST.MESSAGE (MSG_SEQ,MSG_SENDER,MSG_RECEIVER,MSG_SEND_DATE,MSG_RECEIVE_DATE,MSG_TITLE,MSG_CONTENTS,MSG_SENDER_NAME,MSG_RECEIVER_NAME,MSG_SENDER_VIEW,MSG_RECEIVER_VIEW,MSG_CABINET_CHECK) values (132,'test1','test1',to_date('21/02/15','RR/MM/DD'),null,'dd','<p>dd</p>','전략기획팀  기선겸 ','전략기획팀  기선겸 ','Y','Y','N');
Insert into ST.MESSAGE (MSG_SEQ,MSG_SENDER,MSG_RECEIVER,MSG_SEND_DATE,MSG_RECEIVE_DATE,MSG_TITLE,MSG_CONTENTS,MSG_SENDER_NAME,MSG_RECEIVER_NAME,MSG_SENDER_VIEW,MSG_RECEIVER_VIEW,MSG_CABINET_CHECK) values (133,'test1','test1',to_date('21/02/18','RR/MM/DD'),to_date('21/02/19','RR/MM/DD'),'전략기획팀입니다. 협조 공고 보내드립니다.','<p>........</p>','전략기획팀  기선겸 ','개발2팀  테스터 ','Y','Y','N');
Insert into ST.MESSAGE (MSG_SEQ,MSG_SENDER,MSG_RECEIVER,MSG_SEND_DATE,MSG_RECEIVE_DATE,MSG_TITLE,MSG_CONTENTS,MSG_SENDER_NAME,MSG_RECEIVER_NAME,MSG_SENDER_VIEW,MSG_RECEIVER_VIEW,MSG_CABINET_CHECK) values (134,'test1','1111',to_date('21/02/18','RR/MM/DD'),to_date('21/02/22','RR/MM/DD'),'전략기획팀입니다.','<p>....</p>','영업팀  기선겸 ','개발2팀  테스터 ','Y','N','N');
Insert into ST.MESSAGE (MSG_SEQ,MSG_SENDER,MSG_RECEIVER,MSG_SEND_DATE,MSG_RECEIVE_DATE,MSG_TITLE,MSG_CONTENTS,MSG_SENDER_NAME,MSG_RECEIVER_NAME,MSG_SENDER_VIEW,MSG_RECEIVER_VIEW,MSG_CABINET_CHECK) values (135,'test1','1111',to_date('21/02/18','RR/MM/DD'),null,'공지사항','<p>....</p>','영업팀  기선겸 ','개발2팀  테스터 ','N','N','N');
Insert into ST.MESSAGE (MSG_SEQ,MSG_SENDER,MSG_RECEIVER,MSG_SEND_DATE,MSG_RECEIVE_DATE,MSG_TITLE,MSG_CONTENTS,MSG_SENDER_NAME,MSG_RECEIVER_NAME,MSG_SENDER_VIEW,MSG_RECEIVER_VIEW,MSG_CABINET_CHECK) values (136,'test1','1111',to_date('21/02/18','RR/MM/DD'),to_date('21/02/19','RR/MM/DD'),'시스템 공지사항','<p>ㅇㄹㅇㄹㅇㄹㅇㄹ</p>','영업팀  기선겸 ','개발2팀  테스터 ','Y','Y','Y');
Insert into ST.MESSAGE (MSG_SEQ,MSG_SENDER,MSG_RECEIVER,MSG_SEND_DATE,MSG_RECEIVE_DATE,MSG_TITLE,MSG_CONTENTS,MSG_SENDER_NAME,MSG_RECEIVER_NAME,MSG_SENDER_VIEW,MSG_RECEIVER_VIEW,MSG_CABINET_CHECK) values (137,'1111','1111',to_date('21/02/18','RR/MM/DD'),to_date('21/02/18','RR/MM/DD'),'공지사항입니다.','<p>공지 1</p><p>시스템 점검 예정(금주 목요일)</p><p><br></p><p>공지 2</p><p>사내 대청소 예정(금주 금요일)</p><p><br></p>','개발2팀  테스터 ','개발2팀  테스터 ','Y','Y','N');
Insert into ST.MESSAGE (MSG_SEQ,MSG_SENDER,MSG_RECEIVER,MSG_SEND_DATE,MSG_RECEIVE_DATE,MSG_TITLE,MSG_CONTENTS,MSG_SENDER_NAME,MSG_RECEIVER_NAME,MSG_SENDER_VIEW,MSG_RECEIVER_VIEW,MSG_CABINET_CHECK) values (138,'test1','test2',to_date('21/02/19','RR/MM/DD'),to_date('21/02/19','RR/MM/DD'),'ㅇㅇㅇㅇ','<p>ㅇㅇㅇㅇ</p>','영업  기선겸 ','경영지원실  테스트2 ','Y','N','Y');
Insert into ST.MESSAGE (MSG_SEQ,MSG_SENDER,MSG_RECEIVER,MSG_SEND_DATE,MSG_RECEIVE_DATE,MSG_TITLE,MSG_CONTENTS,MSG_SENDER_NAME,MSG_RECEIVER_NAME,MSG_SENDER_VIEW,MSG_RECEIVER_VIEW,MSG_CABINET_CHECK) values (140,'test1','test1',to_date('21/02/19','RR/MM/DD'),null,'ㅇㅇㅇ','<p>ㅇㅇㅇ</p>','영업  기선겸 ','영업  기선겸 ','Y','Y','N');
Insert into ST.MESSAGE (MSG_SEQ,MSG_SENDER,MSG_RECEIVER,MSG_SEND_DATE,MSG_RECEIVE_DATE,MSG_TITLE,MSG_CONTENTS,MSG_SENDER_NAME,MSG_RECEIVER_NAME,MSG_SENDER_VIEW,MSG_RECEIVER_VIEW,MSG_CABINET_CHECK) values (192,'test2','test2',to_date('21/02/19','RR/MM/DD'),null,'쪽찌쓰','<p>쪽찌쓰<br></p>','경영지원실  테스트2 ','전략기획팀  테스트1 ','Y','Y','N');
Insert into ST.MESSAGE (MSG_SEQ,MSG_SENDER,MSG_RECEIVER,MSG_SEND_DATE,MSG_RECEIVE_DATE,MSG_TITLE,MSG_CONTENTS,MSG_SENDER_NAME,MSG_RECEIVER_NAME,MSG_SENDER_VIEW,MSG_RECEIVER_VIEW,MSG_CABINET_CHECK) values (193,'test2','test2',to_date('21/02/19','RR/MM/DD'),null,'쪽찌쓰','<p>쪽찌쓰<br></p>','경영지원실  테스트2 ','전략기획팀  테스트1 ','Y','Y','N');
Insert into ST.MESSAGE (MSG_SEQ,MSG_SENDER,MSG_RECEIVER,MSG_SEND_DATE,MSG_RECEIVE_DATE,MSG_TITLE,MSG_CONTENTS,MSG_SENDER_NAME,MSG_RECEIVER_NAME,MSG_SENDER_VIEW,MSG_RECEIVER_VIEW,MSG_CABINET_CHECK) values (194,'test2','test2',to_date('21/02/19','RR/MM/DD'),null,'쪽찌쓰','<p>쪽찌쓰<br></p>','경영지원실  테스트2 ','전략기획팀  테스트1 ','Y','Y','N');
Insert into ST.MESSAGE (MSG_SEQ,MSG_SENDER,MSG_RECEIVER,MSG_SEND_DATE,MSG_RECEIVE_DATE,MSG_TITLE,MSG_CONTENTS,MSG_SENDER_NAME,MSG_RECEIVER_NAME,MSG_SENDER_VIEW,MSG_RECEIVER_VIEW,MSG_CABINET_CHECK) values (195,'test2','test2',to_date('21/02/19','RR/MM/DD'),null,'쪽찌쓰','<p>쪽찌쓰<br></p>','경영지원실  테스트2 ','전략기획팀  테스트1 ','Y','Y','N');
Insert into ST.MESSAGE (MSG_SEQ,MSG_SENDER,MSG_RECEIVER,MSG_SEND_DATE,MSG_RECEIVE_DATE,MSG_TITLE,MSG_CONTENTS,MSG_SENDER_NAME,MSG_RECEIVER_NAME,MSG_SENDER_VIEW,MSG_RECEIVER_VIEW,MSG_CABINET_CHECK) values (196,'test2','test2',to_date('21/02/19','RR/MM/DD'),null,'쪽찌쓰','<p>쪽찌쓰<br></p>','경영지원실  테스트2 ','전략기획팀  테스트1 ','Y','Y','N');
Insert into ST.MESSAGE (MSG_SEQ,MSG_SENDER,MSG_RECEIVER,MSG_SEND_DATE,MSG_RECEIVE_DATE,MSG_TITLE,MSG_CONTENTS,MSG_SENDER_NAME,MSG_RECEIVER_NAME,MSG_SENDER_VIEW,MSG_RECEIVER_VIEW,MSG_CABINET_CHECK) values (197,'test2','test2',to_date('21/02/19','RR/MM/DD'),null,'쪽찌쓰','<p>쪽찌쓰<br></p>','경영지원실  테스트2 ','전략기획팀  테스트1 ','Y','Y','N');
Insert into ST.MESSAGE (MSG_SEQ,MSG_SENDER,MSG_RECEIVER,MSG_SEND_DATE,MSG_RECEIVE_DATE,MSG_TITLE,MSG_CONTENTS,MSG_SENDER_NAME,MSG_RECEIVER_NAME,MSG_SENDER_VIEW,MSG_RECEIVER_VIEW,MSG_CABINET_CHECK) values (198,'test2','test2',to_date('21/02/19','RR/MM/DD'),null,'쪽찌쓰','<p>쪽찌쓰<br></p>','경영지원실  테스트2 ','전략기획팀  테스트1 ','Y','Y','N');
Insert into ST.MESSAGE (MSG_SEQ,MSG_SENDER,MSG_RECEIVER,MSG_SEND_DATE,MSG_RECEIVE_DATE,MSG_TITLE,MSG_CONTENTS,MSG_SENDER_NAME,MSG_RECEIVER_NAME,MSG_SENDER_VIEW,MSG_RECEIVER_VIEW,MSG_CABINET_CHECK) values (199,'test2','test2',to_date('21/02/19','RR/MM/DD'),to_date('21/02/19','RR/MM/DD'),'쪽찌쓰','<p>쪽찌쓰<br></p>','경영지원실  테스트2 ','전략기획팀  테스트1 ','Y','Y','N');
Insert into ST.MESSAGE (MSG_SEQ,MSG_SENDER,MSG_RECEIVER,MSG_SEND_DATE,MSG_RECEIVE_DATE,MSG_TITLE,MSG_CONTENTS,MSG_SENDER_NAME,MSG_RECEIVER_NAME,MSG_SENDER_VIEW,MSG_RECEIVER_VIEW,MSG_CABINET_CHECK) values (200,'test2','test2',to_date('21/02/19','RR/MM/DD'),null,'쪽찌쓰','<p>쪽찌쓰<br></p>','경영지원실  테스트2 ','전략기획팀  테스트1 ','Y','Y','N');
Insert into ST.MESSAGE (MSG_SEQ,MSG_SENDER,MSG_RECEIVER,MSG_SEND_DATE,MSG_RECEIVE_DATE,MSG_TITLE,MSG_CONTENTS,MSG_SENDER_NAME,MSG_RECEIVER_NAME,MSG_SENDER_VIEW,MSG_RECEIVER_VIEW,MSG_CABINET_CHECK) values (201,'test2','test2',to_date('21/02/19','RR/MM/DD'),null,'쪽찌쓰','<p>쪽찌쓰<br></p>','경영지원실  테스트2 ','전략기획팀  테스트1 ','Y','Y','N');
Insert into ST.MESSAGE (MSG_SEQ,MSG_SENDER,MSG_RECEIVER,MSG_SEND_DATE,MSG_RECEIVE_DATE,MSG_TITLE,MSG_CONTENTS,MSG_SENDER_NAME,MSG_RECEIVER_NAME,MSG_SENDER_VIEW,MSG_RECEIVER_VIEW,MSG_CABINET_CHECK) values (202,'test2','test2',to_date('21/02/19','RR/MM/DD'),to_date('21/02/19','RR/MM/DD'),'쪽찌쓰','<p>쪽찌쓰<br></p>','경영지원실  테스트2 ','전략기획팀  테스트1 ','Y','Y','N');
Insert into ST.MESSAGE (MSG_SEQ,MSG_SENDER,MSG_RECEIVER,MSG_SEND_DATE,MSG_RECEIVE_DATE,MSG_TITLE,MSG_CONTENTS,MSG_SENDER_NAME,MSG_RECEIVER_NAME,MSG_SENDER_VIEW,MSG_RECEIVER_VIEW,MSG_CABINET_CHECK) values (203,'test2','test2',to_date('21/02/19','RR/MM/DD'),to_date('21/02/19','RR/MM/DD'),'쪽찌쓰','<p>쪽찌쓰<br></p>','경영지원실  테스트2 ','전략기획팀  테스트1 ','Y','N','N');
Insert into ST.MESSAGE (MSG_SEQ,MSG_SENDER,MSG_RECEIVER,MSG_SEND_DATE,MSG_RECEIVE_DATE,MSG_TITLE,MSG_CONTENTS,MSG_SENDER_NAME,MSG_RECEIVER_NAME,MSG_SENDER_VIEW,MSG_RECEIVER_VIEW,MSG_CABINET_CHECK) values (204,'1111','test1',to_date('21/02/19','RR/MM/DD'),to_date('21/02/19','RR/MM/DD'),'삭제테스트','<p style="text-align: center;">ㅇㅇㅇㅇ</p>','개발2팀  테스터 ','영업  기선겸 ','N','N','N');
Insert into ST.MESSAGE (MSG_SEQ,MSG_SENDER,MSG_RECEIVER,MSG_SEND_DATE,MSG_RECEIVE_DATE,MSG_TITLE,MSG_CONTENTS,MSG_SENDER_NAME,MSG_RECEIVER_NAME,MSG_SENDER_VIEW,MSG_RECEIVER_VIEW,MSG_CABINET_CHECK) values (205,'test2','test2',to_date('21/02/19','RR/MM/DD'),null,'쪽찌쓰','<p>ㅇㄴㅁ</p>','테스트2','테스터','Y','Y','N');
Insert into ST.MESSAGE (MSG_SEQ,MSG_SENDER,MSG_RECEIVER,MSG_SEND_DATE,MSG_RECEIVE_DATE,MSG_TITLE,MSG_CONTENTS,MSG_SENDER_NAME,MSG_RECEIVER_NAME,MSG_SENDER_VIEW,MSG_RECEIVER_VIEW,MSG_CABINET_CHECK) values (206,'test2','1111',to_date('21/02/19','RR/MM/DD'),to_date('21/02/24','RR/MM/DD'),'ㄹㅇㄴㅁㄹ','<p>ㅇㅁㄴㄹㅇㄴㅁ</p>','경영지원실  테스트2 ','개발2팀  테스터 ','Y','Y','Y');
Insert into ST.MESSAGE (MSG_SEQ,MSG_SENDER,MSG_RECEIVER,MSG_SEND_DATE,MSG_RECEIVE_DATE,MSG_TITLE,MSG_CONTENTS,MSG_SENDER_NAME,MSG_RECEIVER_NAME,MSG_SENDER_VIEW,MSG_RECEIVER_VIEW,MSG_CABINET_CHECK) values (207,'test2','1111',to_date('21/02/19','RR/MM/DD'),null,'ㄹㅇㄴㅁㄹ','<p>ㅇㅁㄴㄹㅇㄴㅁ</p>','경영지원실  테스트2 ','개발2팀  테스터 ','Y','N','N');
Insert into ST.MESSAGE (MSG_SEQ,MSG_SENDER,MSG_RECEIVER,MSG_SEND_DATE,MSG_RECEIVE_DATE,MSG_TITLE,MSG_CONTENTS,MSG_SENDER_NAME,MSG_RECEIVER_NAME,MSG_SENDER_VIEW,MSG_RECEIVER_VIEW,MSG_CABINET_CHECK) values (208,'test2','1111',to_date('21/02/19','RR/MM/DD'),null,'ㄹㅇㄴㅁㄹ','<p>ㅇㅁㄴㄹㅇㄴㅁ</p>','경영지원실  테스트2 ','개발2팀  테스터 ','Y','N','N');
Insert into ST.MESSAGE (MSG_SEQ,MSG_SENDER,MSG_RECEIVER,MSG_SEND_DATE,MSG_RECEIVE_DATE,MSG_TITLE,MSG_CONTENTS,MSG_SENDER_NAME,MSG_RECEIVER_NAME,MSG_SENDER_VIEW,MSG_RECEIVER_VIEW,MSG_CABINET_CHECK) values (209,'test2','1111',to_date('21/02/19','RR/MM/DD'),null,'ㄹㅇㄴㅁㄹ','<p>ㅇㅁㄴㄹㅇㄴㅁ</p>','경영지원실  테스트2 ','개발2팀  테스터 ','Y','N','N');
Insert into ST.MESSAGE (MSG_SEQ,MSG_SENDER,MSG_RECEIVER,MSG_SEND_DATE,MSG_RECEIVE_DATE,MSG_TITLE,MSG_CONTENTS,MSG_SENDER_NAME,MSG_RECEIVER_NAME,MSG_SENDER_VIEW,MSG_RECEIVER_VIEW,MSG_CABINET_CHECK) values (210,'test2','1111',to_date('21/02/19','RR/MM/DD'),null,'ㄹㅇㄴㅁㄹ','<p>ㅇㅁㄴㄹㅇㄴㅁ</p>','경영지원실  테스트2 ','개발2팀  테스터 ','Y','N','N');
Insert into ST.MESSAGE (MSG_SEQ,MSG_SENDER,MSG_RECEIVER,MSG_SEND_DATE,MSG_RECEIVE_DATE,MSG_TITLE,MSG_CONTENTS,MSG_SENDER_NAME,MSG_RECEIVER_NAME,MSG_SENDER_VIEW,MSG_RECEIVER_VIEW,MSG_CABINET_CHECK) values (211,'test2','1111',to_date('21/02/19','RR/MM/DD'),null,'ㄹㅇㄴㅁㄹ','<p>ㅇㅁㄴㄹㅇㄴㅁ</p>','경영지원실  테스트2 ','개발2팀  테스터 ','Y','N','N');
Insert into ST.MESSAGE (MSG_SEQ,MSG_SENDER,MSG_RECEIVER,MSG_SEND_DATE,MSG_RECEIVE_DATE,MSG_TITLE,MSG_CONTENTS,MSG_SENDER_NAME,MSG_RECEIVER_NAME,MSG_SENDER_VIEW,MSG_RECEIVER_VIEW,MSG_CABINET_CHECK) values (212,'test2','1111',to_date('21/02/19','RR/MM/DD'),null,'ㄹㅇㄴㅁㄹ','<p>ㅇㅁㄴㄹㅇㄴㅁ</p>','경영지원실  테스트2 ','개발2팀  테스터 ','N','N','N');
Insert into ST.MESSAGE (MSG_SEQ,MSG_SENDER,MSG_RECEIVER,MSG_SEND_DATE,MSG_RECEIVE_DATE,MSG_TITLE,MSG_CONTENTS,MSG_SENDER_NAME,MSG_RECEIVER_NAME,MSG_SENDER_VIEW,MSG_RECEIVER_VIEW,MSG_CABINET_CHECK) values (213,'test2','1111',to_date('21/02/19','RR/MM/DD'),null,'ㄹㅇㄴㅁㄹ','<p>ㅇㅁㄴㄹㅇㄴㅁ</p>','경영지원실  테스트2 ','개발2팀  테스터 ','N','N','N');
Insert into ST.MESSAGE (MSG_SEQ,MSG_SENDER,MSG_RECEIVER,MSG_SEND_DATE,MSG_RECEIVE_DATE,MSG_TITLE,MSG_CONTENTS,MSG_SENDER_NAME,MSG_RECEIVER_NAME,MSG_SENDER_VIEW,MSG_RECEIVER_VIEW,MSG_CABINET_CHECK) values (214,'test2','1111',to_date('21/02/19','RR/MM/DD'),null,'ㄹㅇㄴㅁㄹ','<p>ㅇㅁㄴㄹㅇㄴㅁ</p>','경영지원실  테스트2 ','개발2팀  테스터 ','N','N','N');
Insert into ST.MESSAGE (MSG_SEQ,MSG_SENDER,MSG_RECEIVER,MSG_SEND_DATE,MSG_RECEIVE_DATE,MSG_TITLE,MSG_CONTENTS,MSG_SENDER_NAME,MSG_RECEIVER_NAME,MSG_SENDER_VIEW,MSG_RECEIVER_VIEW,MSG_CABINET_CHECK) values (215,'test2','1111',to_date('21/02/19','RR/MM/DD'),null,'ㄹㅇㄴㅁㄹ','<p>ㅇㅁㄴㄹㅇㄴㅁ</p>','경영지원실  테스트2 ','개발2팀  테스터 ','N','N','N');
Insert into ST.MESSAGE (MSG_SEQ,MSG_SENDER,MSG_RECEIVER,MSG_SEND_DATE,MSG_RECEIVE_DATE,MSG_TITLE,MSG_CONTENTS,MSG_SENDER_NAME,MSG_RECEIVER_NAME,MSG_SENDER_VIEW,MSG_RECEIVER_VIEW,MSG_CABINET_CHECK) values (216,'test2','1111',to_date('21/02/19','RR/MM/DD'),null,'ㄹㅇㄴㅁㄹ','<p>ㅇㅁㄴㄹㅇㄴㅁ</p>','경영지원실  테스트2 ','개발2팀  테스터 ','N','N','N');
Insert into ST.MESSAGE (MSG_SEQ,MSG_SENDER,MSG_RECEIVER,MSG_SEND_DATE,MSG_RECEIVE_DATE,MSG_TITLE,MSG_CONTENTS,MSG_SENDER_NAME,MSG_RECEIVER_NAME,MSG_SENDER_VIEW,MSG_RECEIVER_VIEW,MSG_CABINET_CHECK) values (217,'test2','1111',to_date('21/02/19','RR/MM/DD'),null,'ㄹㅇㄴㅁㄹ','<p>ㅇㅁㄴㄹㅇㄴㅁ</p>','경영지원실  테스트2 ','개발2팀  테스터 ','N','N','N');
Insert into ST.MESSAGE (MSG_SEQ,MSG_SENDER,MSG_RECEIVER,MSG_SEND_DATE,MSG_RECEIVE_DATE,MSG_TITLE,MSG_CONTENTS,MSG_SENDER_NAME,MSG_RECEIVER_NAME,MSG_SENDER_VIEW,MSG_RECEIVER_VIEW,MSG_CABINET_CHECK) values (218,'test2','1111',to_date('21/02/19','RR/MM/DD'),null,'ㄹㅇㄴㅁㄹ','<p>ㅇㅁㄴㄹㅇㄴㅁ</p>','경영지원실  테스트2 ','개발2팀  테스터 ','N','N','N');
Insert into ST.MESSAGE (MSG_SEQ,MSG_SENDER,MSG_RECEIVER,MSG_SEND_DATE,MSG_RECEIVE_DATE,MSG_TITLE,MSG_CONTENTS,MSG_SENDER_NAME,MSG_RECEIVER_NAME,MSG_SENDER_VIEW,MSG_RECEIVER_VIEW,MSG_CABINET_CHECK) values (219,'test2','1111',to_date('21/02/19','RR/MM/DD'),null,'ㄹㅇㄴㅁㄹ','<p>ㅇㅁㄴㄹㅇㄴㅁ</p>','경영지원실  테스트2 ','개발2팀  테스터 ','N','N','N');
Insert into ST.MESSAGE (MSG_SEQ,MSG_SENDER,MSG_RECEIVER,MSG_SEND_DATE,MSG_RECEIVE_DATE,MSG_TITLE,MSG_CONTENTS,MSG_SENDER_NAME,MSG_RECEIVER_NAME,MSG_SENDER_VIEW,MSG_RECEIVER_VIEW,MSG_CABINET_CHECK) values (220,'test2','1111',to_date('21/02/19','RR/MM/DD'),null,'ㄹㅇㄴㅁㄹ','<p>ㅇㅁㄴㄹㅇㄴㅁ</p>','경영지원실  테스트2 ','개발2팀  테스터 ','N','N','N');
Insert into ST.MESSAGE (MSG_SEQ,MSG_SENDER,MSG_RECEIVER,MSG_SEND_DATE,MSG_RECEIVE_DATE,MSG_TITLE,MSG_CONTENTS,MSG_SENDER_NAME,MSG_RECEIVER_NAME,MSG_SENDER_VIEW,MSG_RECEIVER_VIEW,MSG_CABINET_CHECK) values (221,'test2','1111',to_date('21/02/19','RR/MM/DD'),null,'ㄹㅇㄴㅁㄹ','<p>ㅇㅁㄴㄹㅇㄴㅁ</p>','경영지원실  테스트2 ','개발2팀  테스터 ','N','N','N');
Insert into ST.MESSAGE (MSG_SEQ,MSG_SENDER,MSG_RECEIVER,MSG_SEND_DATE,MSG_RECEIVE_DATE,MSG_TITLE,MSG_CONTENTS,MSG_SENDER_NAME,MSG_RECEIVER_NAME,MSG_SENDER_VIEW,MSG_RECEIVER_VIEW,MSG_CABINET_CHECK) values (222,'test2','1111',to_date('21/02/19','RR/MM/DD'),to_date('21/02/19','RR/MM/DD'),'ㄹㅇㄴㅁㄹ','<p>ㅇㅁㄴㄹㅇㄴㅁ</p>','경영지원실  테스트2 ','개발2팀  테스터 ','N','N','N');
Insert into ST.MESSAGE (MSG_SEQ,MSG_SENDER,MSG_RECEIVER,MSG_SEND_DATE,MSG_RECEIVE_DATE,MSG_TITLE,MSG_CONTENTS,MSG_SENDER_NAME,MSG_RECEIVER_NAME,MSG_SENDER_VIEW,MSG_RECEIVER_VIEW,MSG_CABINET_CHECK) values (223,'test2','1111',to_date('21/02/19','RR/MM/DD'),to_date('21/02/21','RR/MM/DD'),'ㄹㅇㄴㅁㄹ','<p>ㅇㅁㄴㄹㅇㄴㅁ</p>','경영지원실  테스트2 ','개발2팀  테스터 ','N','N','N');
Insert into ST.MESSAGE (MSG_SEQ,MSG_SENDER,MSG_RECEIVER,MSG_SEND_DATE,MSG_RECEIVE_DATE,MSG_TITLE,MSG_CONTENTS,MSG_SENDER_NAME,MSG_RECEIVER_NAME,MSG_SENDER_VIEW,MSG_RECEIVER_VIEW,MSG_CABINET_CHECK) values (224,'1111','1111',to_date('21/02/19','RR/MM/DD'),to_date('21/02/24','RR/MM/DD'),'ㅇ','<p>ㄴㅇㄹ</p>','개발2팀  테스터 ','경영지원실  테스트2 ','Y','Y','N');
Insert into ST.MESSAGE (MSG_SEQ,MSG_SENDER,MSG_RECEIVER,MSG_SEND_DATE,MSG_RECEIVE_DATE,MSG_TITLE,MSG_CONTENTS,MSG_SENDER_NAME,MSG_RECEIVER_NAME,MSG_SENDER_VIEW,MSG_RECEIVER_VIEW,MSG_CABINET_CHECK) values (284,'test1','test7',to_date('21/02/25','RR/MM/DD'),to_date('21/02/25','RR/MM/DD'),'헬로','temp','기선겸 전무이사','김근수 전무이사','Y','Y','N');
Insert into ST.MESSAGE (MSG_SEQ,MSG_SENDER,MSG_RECEIVER,MSG_SEND_DATE,MSG_RECEIVE_DATE,MSG_TITLE,MSG_CONTENTS,MSG_SENDER_NAME,MSG_RECEIVER_NAME,MSG_SENDER_VIEW,MSG_RECEIVER_VIEW,MSG_CABINET_CHECK) values (285,'test1','test7',to_date('21/02/25','RR/MM/DD'),to_date('21/02/25','RR/MM/DD'),'RE: 하위하위 인사차 방문합니다. 사진 선물이용','temp','기선겸 전무이사','김근수 전무이사','Y','Y','Y');
Insert into ST.MESSAGE (MSG_SEQ,MSG_SENDER,MSG_RECEIVER,MSG_SEND_DATE,MSG_RECEIVE_DATE,MSG_TITLE,MSG_CONTENTS,MSG_SENDER_NAME,MSG_RECEIVER_NAME,MSG_SENDER_VIEW,MSG_RECEIVER_VIEW,MSG_CABINET_CHECK) values (304,'kh2002','kh2001',to_date('21/03/05','RR/MM/DD'),to_date('21/03/05','RR/MM/DD'),'[업무 협조]','temp','김나린 주임','권용국 팀장','Y','Y','N');
Insert into ST.MESSAGE (MSG_SEQ,MSG_SENDER,MSG_RECEIVER,MSG_SEND_DATE,MSG_RECEIVE_DATE,MSG_TITLE,MSG_CONTENTS,MSG_SENDER_NAME,MSG_RECEIVER_NAME,MSG_SENDER_VIEW,MSG_RECEIVER_VIEW,MSG_CABINET_CHECK) values (305,'kh2001','kh2002',to_date('21/03/05','RR/MM/DD'),to_date('21/03/05','RR/MM/DD'),'RE: [업무 협조]','temp','권용국 팀장','김나린 주임','N','Y','N');
Insert into ST.MESSAGE (MSG_SEQ,MSG_SENDER,MSG_RECEIVER,MSG_SEND_DATE,MSG_RECEIVE_DATE,MSG_TITLE,MSG_CONTENTS,MSG_SENDER_NAME,MSG_RECEIVER_NAME,MSG_SENDER_VIEW,MSG_RECEIVER_VIEW,MSG_CABINET_CHECK) values (306,'kh2002','kh2020',to_date('21/03/05','RR/MM/DD'),null,'업무 협조232','temp','김나린 주임','임소형 대리','Y','Y','N');
Insert into ST.MESSAGE (MSG_SEQ,MSG_SENDER,MSG_RECEIVER,MSG_SEND_DATE,MSG_RECEIVE_DATE,MSG_TITLE,MSG_CONTENTS,MSG_SENDER_NAME,MSG_RECEIVER_NAME,MSG_SENDER_VIEW,MSG_RECEIVER_VIEW,MSG_CABINET_CHECK) values (321,'kh2016','kh2008',to_date('21/03/08','RR/MM/DD'),null,'내 친구 상형아 ','temp','김용재 차장','이상형 소장','Y','Y','N');
Insert into ST.MESSAGE (MSG_SEQ,MSG_SENDER,MSG_RECEIVER,MSG_SEND_DATE,MSG_RECEIVE_DATE,MSG_TITLE,MSG_CONTENTS,MSG_SENDER_NAME,MSG_RECEIVER_NAME,MSG_SENDER_VIEW,MSG_RECEIVER_VIEW,MSG_CABINET_CHECK) values (322,'kh2020','kh2005',to_date('21/03/08','RR/MM/DD'),to_date('21/03/08','RR/MM/DD'),'제발 휴가 결재 해주세요...','temp','임소형 대리','박종혁 과장','Y','Y','N');
Insert into ST.MESSAGE (MSG_SEQ,MSG_SENDER,MSG_RECEIVER,MSG_SEND_DATE,MSG_RECEIVE_DATE,MSG_TITLE,MSG_CONTENTS,MSG_SENDER_NAME,MSG_RECEIVER_NAME,MSG_SENDER_VIEW,MSG_RECEIVER_VIEW,MSG_CABINET_CHECK) values (323,'kh2015','kh2005',to_date('21/03/08','RR/MM/DD'),to_date('21/03/08','RR/MM/DD'),'안녕하세요 과장님!','temp','김민섭 팀장','박종혁 과장','Y','Y','N');
Insert into ST.MESSAGE (MSG_SEQ,MSG_SENDER,MSG_RECEIVER,MSG_SEND_DATE,MSG_RECEIVE_DATE,MSG_TITLE,MSG_CONTENTS,MSG_SENDER_NAME,MSG_RECEIVER_NAME,MSG_SENDER_VIEW,MSG_RECEIVER_VIEW,MSG_CABINET_CHECK) values (324,'kh2013','kh2009',to_date('21/03/08','RR/MM/DD'),null,'종강 축하드립니다!','temp','진현정 대리','이영주 사원','Y','Y','N');
Insert into ST.MESSAGE (MSG_SEQ,MSG_SENDER,MSG_RECEIVER,MSG_SEND_DATE,MSG_RECEIVE_DATE,MSG_TITLE,MSG_CONTENTS,MSG_SENDER_NAME,MSG_RECEIVER_NAME,MSG_SENDER_VIEW,MSG_RECEIVER_VIEW,MSG_CABINET_CHECK) values (13,'test1','test2',to_date('21/01/28','RR/MM/DD'),to_date('21/02/19','RR/MM/DD'),'dddddd','<p>dddd</p>','전략기획팀  테스트1 ','경영지원실  테스트2 ','Y','Y','N');
Insert into ST.MESSAGE (MSG_SEQ,MSG_SENDER,MSG_RECEIVER,MSG_SEND_DATE,MSG_RECEIVE_DATE,MSG_TITLE,MSG_CONTENTS,MSG_SENDER_NAME,MSG_RECEIVER_NAME,MSG_SENDER_VIEW,MSG_RECEIVER_VIEW,MSG_CABINET_CHECK) values (60,'test1','test1',to_date('21/02/03','RR/MM/DD'),to_date('21/02/03','RR/MM/DD'),'테스트야~~~~','<p>ㅁㄹㅇㅁㄻㅇㄹ</p>','전략기획팀  테스트1 ','전략기획팀  테스트1 ','Y','N','N');
Insert into ST.MESSAGE (MSG_SEQ,MSG_SENDER,MSG_RECEIVER,MSG_SEND_DATE,MSG_RECEIVE_DATE,MSG_TITLE,MSG_CONTENTS,MSG_SENDER_NAME,MSG_RECEIVER_NAME,MSG_SENDER_VIEW,MSG_RECEIVER_VIEW,MSG_CABINET_CHECK) values (61,'test1','test1',to_date('21/02/03','RR/MM/DD'),to_date('21/02/04','RR/MM/DD'),'13213','<p>12313</p>','전략기획팀  테스트1 ','전략기획팀  테스트1 ','Y','Y','N');
Insert into ST.MESSAGE (MSG_SEQ,MSG_SENDER,MSG_RECEIVER,MSG_SEND_DATE,MSG_RECEIVE_DATE,MSG_TITLE,MSG_CONTENTS,MSG_SENDER_NAME,MSG_RECEIVER_NAME,MSG_SENDER_VIEW,MSG_RECEIVER_VIEW,MSG_CABINET_CHECK) values (62,'test1','test1',to_date('21/02/03','RR/MM/DD'),to_date('21/02/03','RR/MM/DD'),'222222222','<p>222222222222</p>','전략기획팀  테스트1 ','전략기획팀  테스트1 ','N','N','N');
Insert into ST.MESSAGE (MSG_SEQ,MSG_SENDER,MSG_RECEIVER,MSG_SEND_DATE,MSG_RECEIVE_DATE,MSG_TITLE,MSG_CONTENTS,MSG_SENDER_NAME,MSG_RECEIVER_NAME,MSG_SENDER_VIEW,MSG_RECEIVER_VIEW,MSG_CABINET_CHECK) values (63,'test1','test1',to_date('21/02/03','RR/MM/DD'),to_date('21/02/03','RR/MM/DD'),'123123','<p>123123123</p>','전략기획팀  테스트1 ','전략기획팀  테스트1 ','N','N','N');
Insert into ST.MESSAGE (MSG_SEQ,MSG_SENDER,MSG_RECEIVER,MSG_SEND_DATE,MSG_RECEIVE_DATE,MSG_TITLE,MSG_CONTENTS,MSG_SENDER_NAME,MSG_RECEIVER_NAME,MSG_SENDER_VIEW,MSG_RECEIVER_VIEW,MSG_CABINET_CHECK) values (64,'test1','test1',to_date('21/02/03','RR/MM/DD'),null,'33333333333333','<p>33333333333</p>','전략기획팀  테스트1 ','전략기획팀  테스트1 ','N','N','N');
Insert into ST.MESSAGE (MSG_SEQ,MSG_SENDER,MSG_RECEIVER,MSG_SEND_DATE,MSG_RECEIVE_DATE,MSG_TITLE,MSG_CONTENTS,MSG_SENDER_NAME,MSG_RECEIVER_NAME,MSG_SENDER_VIEW,MSG_RECEIVER_VIEW,MSG_CABINET_CHECK) values (65,'test1','test1',to_date('21/02/03','RR/MM/DD'),null,'213213','<p>12313123</p>','전략기획팀  테스트1 ','전략기획팀  테스트1 ','Y','N','N');
Insert into ST.MESSAGE (MSG_SEQ,MSG_SENDER,MSG_RECEIVER,MSG_SEND_DATE,MSG_RECEIVE_DATE,MSG_TITLE,MSG_CONTENTS,MSG_SENDER_NAME,MSG_RECEIVER_NAME,MSG_SENDER_VIEW,MSG_RECEIVER_VIEW,MSG_CABINET_CHECK) values (69,'1111','test1',to_date('21/02/05','RR/MM/DD'),to_date('21/02/05','RR/MM/DD'),'ㅇㄻㅇ','<p>ㅁㅇㄻㄹㅇ</p>','개발2팀  테스터 ','전략기획팀  테스트1 ','Y','Y','N');
Insert into ST.MESSAGE (MSG_SEQ,MSG_SENDER,MSG_RECEIVER,MSG_SEND_DATE,MSG_RECEIVE_DATE,MSG_TITLE,MSG_CONTENTS,MSG_SENDER_NAME,MSG_RECEIVER_NAME,MSG_SENDER_VIEW,MSG_RECEIVER_VIEW,MSG_CABINET_CHECK) values (70,'1111','1111',to_date('21/02/05','RR/MM/DD'),to_date('21/02/19','RR/MM/DD'),'테스트야','<p>ㅇㄹㅇㄹㅇㄹ</p>','개발2팀  테스터 ','개발2팀  테스터 ','Y','N','N');
Insert into ST.MESSAGE (MSG_SEQ,MSG_SENDER,MSG_RECEIVER,MSG_SEND_DATE,MSG_RECEIVE_DATE,MSG_TITLE,MSG_CONTENTS,MSG_SENDER_NAME,MSG_RECEIVER_NAME,MSG_SENDER_VIEW,MSG_RECEIVER_VIEW,MSG_CABINET_CHECK) values (225,'test1','test1',to_date('21/02/23','RR/MM/DD'),null,'dd','<p>ddd</p>','영업  기선겸 ','영업  기선겸 ','Y','N','N');
Insert into ST.MESSAGE (MSG_SEQ,MSG_SENDER,MSG_RECEIVER,MSG_SEND_DATE,MSG_RECEIVE_DATE,MSG_TITLE,MSG_CONTENTS,MSG_SENDER_NAME,MSG_RECEIVER_NAME,MSG_SENDER_VIEW,MSG_RECEIVER_VIEW,MSG_CABINET_CHECK) values (226,'test1','stj0000',to_date('21/02/23','RR/MM/DD'),null,'ddd','<p>ddd</p>','영업  기선겸 ','개발팀  조성태 ','N','Y','N');
Insert into ST.MESSAGE (MSG_SEQ,MSG_SENDER,MSG_RECEIVER,MSG_SEND_DATE,MSG_RECEIVE_DATE,MSG_TITLE,MSG_CONTENTS,MSG_SENDER_NAME,MSG_RECEIVER_NAME,MSG_SENDER_VIEW,MSG_RECEIVER_VIEW,MSG_CABINET_CHECK) values (247,'test1','test1',to_date('21/02/23','RR/MM/DD'),null,'ㅇㅇ','<p>ㅇㅇ</p>','영업  기선겸 ','개발2팀  테스터 ','Y','N','N');
Insert into ST.MESSAGE (MSG_SEQ,MSG_SENDER,MSG_RECEIVER,MSG_SEND_DATE,MSG_RECEIVE_DATE,MSG_TITLE,MSG_CONTENTS,MSG_SENDER_NAME,MSG_RECEIVER_NAME,MSG_SENDER_VIEW,MSG_RECEIVER_VIEW,MSG_CABINET_CHECK) values (256,'1111','test2',to_date('21/02/24','RR/MM/DD'),to_date('21/02/24','RR/MM/DD'),'ddd','<p>ddd</p>','개발2팀  테스터 ','영업2팀  테스트2 ','Y','Y','N');
Insert into ST.MESSAGE (MSG_SEQ,MSG_SENDER,MSG_RECEIVER,MSG_SEND_DATE,MSG_RECEIVE_DATE,MSG_TITLE,MSG_CONTENTS,MSG_SENDER_NAME,MSG_RECEIVER_NAME,MSG_SENDER_VIEW,MSG_RECEIVER_VIEW,MSG_CABINET_CHECK) values (258,'test1','test1',to_date('21/02/24','RR/MM/DD'),to_date('21/02/24','RR/MM/DD'),'Re: 답장입니다.','새롭게 답장을 보내봅니다.<br>----------------------------------<br><p>fsafasfadf</p>','전략기획팀  테스트1 ','개발2팀  테스터 ','Y','Y','N');
Insert into ST.MESSAGE (MSG_SEQ,MSG_SENDER,MSG_RECEIVER,MSG_SEND_DATE,MSG_RECEIVE_DATE,MSG_TITLE,MSG_CONTENTS,MSG_SENDER_NAME,MSG_RECEIVER_NAME,MSG_SENDER_VIEW,MSG_RECEIVER_VIEW,MSG_CABINET_CHECK) values (267,'test7','test1',to_date('21/02/25','RR/MM/DD'),to_date('21/02/25','RR/MM/DD'),'하위하위 인사차 방문합니다.','temp','김근수 전무이사','기선겸 전무이사','Y','Y','Y');
Insert into ST.MESSAGE (MSG_SEQ,MSG_SENDER,MSG_RECEIVER,MSG_SEND_DATE,MSG_RECEIVE_DATE,MSG_TITLE,MSG_CONTENTS,MSG_SENDER_NAME,MSG_RECEIVER_NAME,MSG_SENDER_VIEW,MSG_RECEIVER_VIEW,MSG_CABINET_CHECK) values (287,'test7','test3',to_date('21/02/26','RR/MM/DD'),null,'dd','temp','김근수 전무이사','권용국 전무이사','N','Y','N');
Insert into ST.MESSAGE (MSG_SEQ,MSG_SENDER,MSG_RECEIVER,MSG_SEND_DATE,MSG_RECEIVE_DATE,MSG_TITLE,MSG_CONTENTS,MSG_SENDER_NAME,MSG_RECEIVER_NAME,MSG_SENDER_VIEW,MSG_RECEIVER_VIEW,MSG_CABINET_CHECK) values (289,'test7','test3',to_date('21/02/27','RR/MM/DD'),null,'dsfasdf','temp','김근수 전무이사','권용국 팀장','Y','Y','Y');
Insert into ST.MESSAGE (MSG_SEQ,MSG_SENDER,MSG_RECEIVER,MSG_SEND_DATE,MSG_RECEIVE_DATE,MSG_TITLE,MSG_CONTENTS,MSG_SENDER_NAME,MSG_RECEIVER_NAME,MSG_SENDER_VIEW,MSG_RECEIVER_VIEW,MSG_CABINET_CHECK) values (290,'admin','DWGghost',to_date('21/02/28','RR/MM/DD'),null,'하이요','temp','관리자 사원','장용준 차장','Y','Y','N');
Insert into ST.MESSAGE (MSG_SEQ,MSG_SENDER,MSG_RECEIVER,MSG_SEND_DATE,MSG_RECEIVE_DATE,MSG_TITLE,MSG_CONTENTS,MSG_SENDER_NAME,MSG_RECEIVER_NAME,MSG_SENDER_VIEW,MSG_RECEIVER_VIEW,MSG_CABINET_CHECK) values (300,'admin','kh2020',to_date('21/03/03','RR/MM/DD'),null,'아이티앤비즈 면접 후기 공유드립니다. ','temp','관리자 사원','임소형 대리','Y','Y','N');
Insert into ST.MESSAGE (MSG_SEQ,MSG_SENDER,MSG_RECEIVER,MSG_SEND_DATE,MSG_RECEIVE_DATE,MSG_TITLE,MSG_CONTENTS,MSG_SENDER_NAME,MSG_RECEIVER_NAME,MSG_SENDER_VIEW,MSG_RECEIVER_VIEW,MSG_CABINET_CHECK) values (325,'kh2017','kh2022',to_date('21/03/08','RR/MM/DD'),to_date('21/03/08','RR/MM/DD'),'안녕하세요~','temp','김윤희 상무이사','한명환 과장','Y','Y','N');
Insert into ST.MESSAGE (MSG_SEQ,MSG_SENDER,MSG_RECEIVER,MSG_SEND_DATE,MSG_RECEIVE_DATE,MSG_TITLE,MSG_CONTENTS,MSG_SENDER_NAME,MSG_RECEIVER_NAME,MSG_SENDER_VIEW,MSG_RECEIVER_VIEW,MSG_CABINET_CHECK) values (326,'kh2022','kh2000',to_date('21/03/08','RR/MM/DD'),to_date('21/03/08','RR/MM/DD'),'대표님 드릴 말씀이 있습니다.','temp','한명환 과장','조성태 대표','Y','Y','N');
Insert into ST.MESSAGE (MSG_SEQ,MSG_SENDER,MSG_RECEIVER,MSG_SEND_DATE,MSG_RECEIVE_DATE,MSG_TITLE,MSG_CONTENTS,MSG_SENDER_NAME,MSG_RECEIVER_NAME,MSG_SENDER_VIEW,MSG_RECEIVER_VIEW,MSG_CABINET_CHECK) values (327,'kh2000','kh2006',to_date('21/03/08','RR/MM/DD'),to_date('21/03/08','RR/MM/DD'),'나 휴가 다녀올게','temp','조성태 대표','박현 차장','Y','Y','N');
Insert into ST.MESSAGE (MSG_SEQ,MSG_SENDER,MSG_RECEIVER,MSG_SEND_DATE,MSG_RECEIVE_DATE,MSG_TITLE,MSG_CONTENTS,MSG_SENDER_NAME,MSG_RECEIVER_NAME,MSG_SENDER_VIEW,MSG_RECEIVER_VIEW,MSG_CABINET_CHECK) values (328,'kh2006','kh2016',to_date('21/03/08','RR/MM/DD'),to_date('21/03/08','RR/MM/DD'),'프사 누구세요','temp','박현 차장','김용재 차장','Y','Y','N');
Insert into ST.MESSAGE (MSG_SEQ,MSG_SENDER,MSG_RECEIVER,MSG_SEND_DATE,MSG_RECEIVE_DATE,MSG_TITLE,MSG_CONTENTS,MSG_SENDER_NAME,MSG_RECEIVER_NAME,MSG_SENDER_VIEW,MSG_RECEIVER_VIEW,MSG_CABINET_CHECK) values (329,'kh2006','kh2000',to_date('21/03/08','RR/MM/DD'),to_date('21/03/08','RR/MM/DD'),'RE: 나 휴가 다녀올게','temp','박현 차장','조성태 대표','Y','Y','N');
Insert into ST.MESSAGE (MSG_SEQ,MSG_SENDER,MSG_RECEIVER,MSG_SEND_DATE,MSG_RECEIVE_DATE,MSG_TITLE,MSG_CONTENTS,MSG_SENDER_NAME,MSG_RECEIVER_NAME,MSG_SENDER_VIEW,MSG_RECEIVER_VIEW,MSG_CABINET_CHECK) values (330,'kh2011','kh2005',to_date('21/03/08','RR/MM/DD'),to_date('21/03/08','RR/MM/DD'),'할로','temp','임효경 주임','박종혁 과장','Y','Y','N');
Insert into ST.MESSAGE (MSG_SEQ,MSG_SENDER,MSG_RECEIVER,MSG_SEND_DATE,MSG_RECEIVE_DATE,MSG_TITLE,MSG_CONTENTS,MSG_SENDER_NAME,MSG_RECEIVER_NAME,MSG_SENDER_VIEW,MSG_RECEIVER_VIEW,MSG_CABINET_CHECK) values (331,'kh2016','kh2005',to_date('21/03/08','RR/MM/DD'),to_date('21/03/08','RR/MM/DD'),'하이요','temp','김용재 차장','박종혁 과장','Y','Y','N');
Insert into ST.MESSAGE (MSG_SEQ,MSG_SENDER,MSG_RECEIVER,MSG_SEND_DATE,MSG_RECEIVE_DATE,MSG_TITLE,MSG_CONTENTS,MSG_SENDER_NAME,MSG_RECEIVER_NAME,MSG_SENDER_VIEW,MSG_RECEIVER_VIEW,MSG_CABINET_CHECK) values (334,'kh2005','kh2011',to_date('21/03/08','RR/MM/DD'),to_date('21/03/08','RR/MM/DD'),'RE: 할로','temp','박종혁 과장','임효경 주임','Y','Y','N');
Insert into ST.MESSAGE (MSG_SEQ,MSG_SENDER,MSG_RECEIVER,MSG_SEND_DATE,MSG_RECEIVE_DATE,MSG_TITLE,MSG_CONTENTS,MSG_SENDER_NAME,MSG_RECEIVER_NAME,MSG_SENDER_VIEW,MSG_RECEIVER_VIEW,MSG_CABINET_CHECK) values (345,'kh2011','kh2001',to_date('21/03/08','RR/MM/DD'),to_date('21/03/08','RR/MM/DD'),'답장인듯 답장아닌 답장같은 ','temp','임효경 주임','권용국 팀장','Y','Y','N');
Insert into ST.MESSAGE (MSG_SEQ,MSG_SENDER,MSG_RECEIVER,MSG_SEND_DATE,MSG_RECEIVE_DATE,MSG_TITLE,MSG_CONTENTS,MSG_SENDER_NAME,MSG_RECEIVER_NAME,MSG_SENDER_VIEW,MSG_RECEIVER_VIEW,MSG_CABINET_CHECK) values (346,'kh2019','kh2022',to_date('21/03/08','RR/MM/DD'),to_date('21/03/08','RR/MM/DD'),'RE: 안녕하세요~','temp','이건호 차장','한명환 과장','Y','Y','N');
Insert into ST.MESSAGE (MSG_SEQ,MSG_SENDER,MSG_RECEIVER,MSG_SEND_DATE,MSG_RECEIVE_DATE,MSG_TITLE,MSG_CONTENTS,MSG_SENDER_NAME,MSG_RECEIVER_NAME,MSG_SENDER_VIEW,MSG_RECEIVER_VIEW,MSG_CABINET_CHECK) values (347,'kh2022','kh2006',to_date('21/03/08','RR/MM/DD'),to_date('21/03/08','RR/MM/DD'),'사진 본인인가요?','temp','한명환 과장','박현 차장','Y','Y','N');
Insert into ST.MESSAGE (MSG_SEQ,MSG_SENDER,MSG_RECEIVER,MSG_SEND_DATE,MSG_RECEIVE_DATE,MSG_TITLE,MSG_CONTENTS,MSG_SENDER_NAME,MSG_RECEIVER_NAME,MSG_SENDER_VIEW,MSG_RECEIVER_VIEW,MSG_CABINET_CHECK) values (348,'kh2022','kh2017',to_date('21/03/08','RR/MM/DD'),to_date('21/03/08','RR/MM/DD'),'혹시 사진 본인이신가요?','temp','한명환 과장','김윤희 상무이사','Y','Y','N');
Insert into ST.MESSAGE (MSG_SEQ,MSG_SENDER,MSG_RECEIVER,MSG_SEND_DATE,MSG_RECEIVE_DATE,MSG_TITLE,MSG_CONTENTS,MSG_SENDER_NAME,MSG_RECEIVER_NAME,MSG_SENDER_VIEW,MSG_RECEIVER_VIEW,MSG_CABINET_CHECK) values (349,'kh2011','1111',to_date('21/03/08','RR/MM/DD'),null,'<script>alert("집가자");</script>','temp','임효경 주임','이상 소장','Y','Y','Y');
Insert into ST.MESSAGE (MSG_SEQ,MSG_SENDER,MSG_RECEIVER,MSG_SEND_DATE,MSG_RECEIVE_DATE,MSG_TITLE,MSG_CONTENTS,MSG_SENDER_NAME,MSG_RECEIVER_NAME,MSG_SENDER_VIEW,MSG_RECEIVER_VIEW,MSG_CABINET_CHECK) values (350,'kh2001','kh2020',to_date('21/03/08','RR/MM/DD'),null,'<script>alert("xss공격!!")</script>','temp','권용국 팀장','임소형 대리','N','Y','N');
Insert into ST.MESSAGE (MSG_SEQ,MSG_SENDER,MSG_RECEIVER,MSG_SEND_DATE,MSG_RECEIVE_DATE,MSG_TITLE,MSG_CONTENTS,MSG_SENDER_NAME,MSG_RECEIVER_NAME,MSG_SENDER_VIEW,MSG_RECEIVER_VIEW,MSG_CABINET_CHECK) values (352,'kh2022','kh2022',to_date('21/03/08','RR/MM/DD'),to_date('21/03/08','RR/MM/DD'),'나한테 보내기로가나','temp','한명환 과장','한명환 과장','Y','N','N');
Insert into ST.MESSAGE (MSG_SEQ,MSG_SENDER,MSG_RECEIVER,MSG_SEND_DATE,MSG_RECEIVE_DATE,MSG_TITLE,MSG_CONTENTS,MSG_SENDER_NAME,MSG_RECEIVER_NAME,MSG_SENDER_VIEW,MSG_RECEIVER_VIEW,MSG_CABINET_CHECK) values (354,'kh2006','kh2006',to_date('21/03/08','RR/MM/DD'),to_date('21/03/08','RR/MM/DD'),'나에게 쓰기테스트','temp','박현 차장','박현 차장','Y','Y','N');
Insert into ST.MESSAGE (MSG_SEQ,MSG_SENDER,MSG_RECEIVER,MSG_SEND_DATE,MSG_RECEIVE_DATE,MSG_TITLE,MSG_CONTENTS,MSG_SENDER_NAME,MSG_RECEIVER_NAME,MSG_SENDER_VIEW,MSG_RECEIVER_VIEW,MSG_CABINET_CHECK) values (360,'kh2015','kh2022',to_date('21/03/08','RR/MM/DD'),to_date('21/03/08','RR/MM/DD'),'RE: 하염','temp','김민섭 팀장','한명환 과장','Y','Y','N');
Insert into ST.MESSAGE (MSG_SEQ,MSG_SENDER,MSG_RECEIVER,MSG_SEND_DATE,MSG_RECEIVE_DATE,MSG_TITLE,MSG_CONTENTS,MSG_SENDER_NAME,MSG_RECEIVER_NAME,MSG_SENDER_VIEW,MSG_RECEIVER_VIEW,MSG_CABINET_CHECK) values (361,'kh2016','kh2006',to_date('21/03/08','RR/MM/DD'),to_date('21/03/08','RR/MM/DD'),'잘 지내시나요?','temp','김용재 차장','박현 차장','Y','Y','N');
Insert into ST.MESSAGE (MSG_SEQ,MSG_SENDER,MSG_RECEIVER,MSG_SEND_DATE,MSG_RECEIVE_DATE,MSG_TITLE,MSG_CONTENTS,MSG_SENDER_NAME,MSG_RECEIVER_NAME,MSG_SENDER_VIEW,MSG_RECEIVER_VIEW,MSG_CABINET_CHECK) values (362,'kh2016','kh2008',to_date('21/03/08','RR/MM/DD'),null,'잘 봤습니다','temp','김용재 차장','이상형 소장','Y','Y','N');
Insert into ST.MESSAGE (MSG_SEQ,MSG_SENDER,MSG_RECEIVER,MSG_SEND_DATE,MSG_RECEIVE_DATE,MSG_TITLE,MSG_CONTENTS,MSG_SENDER_NAME,MSG_RECEIVER_NAME,MSG_SENDER_VIEW,MSG_RECEIVER_VIEW,MSG_CABINET_CHECK) values (363,'kh2006','kh2000',to_date('21/03/08','RR/MM/DD'),to_date('21/03/08','RR/MM/DD'),'감사합니다','temp','박현 차장','조성태 대표','Y','Y','N');
Insert into ST.MESSAGE (MSG_SEQ,MSG_SENDER,MSG_RECEIVER,MSG_SEND_DATE,MSG_RECEIVE_DATE,MSG_TITLE,MSG_CONTENTS,MSG_SENDER_NAME,MSG_RECEIVER_NAME,MSG_SENDER_VIEW,MSG_RECEIVER_VIEW,MSG_CABINET_CHECK) values (364,'kh2016','test1',to_date('21/03/08','RR/MM/DD'),null,'기선겸씨','temp','김용재 차장','기선겸 팀장','Y','Y','N');
Insert into ST.MESSAGE (MSG_SEQ,MSG_SENDER,MSG_RECEIVER,MSG_SEND_DATE,MSG_RECEIVE_DATE,MSG_TITLE,MSG_CONTENTS,MSG_SENDER_NAME,MSG_RECEIVER_NAME,MSG_SENDER_VIEW,MSG_RECEIVER_VIEW,MSG_CABINET_CHECK) values (365,'kh2015','kh2017',to_date('21/03/08','RR/MM/DD'),null,'이야','temp','김민섭 팀장','김윤희 상무이사','Y','Y','Y');
Insert into ST.MESSAGE (MSG_SEQ,MSG_SENDER,MSG_RECEIVER,MSG_SEND_DATE,MSG_RECEIVE_DATE,MSG_TITLE,MSG_CONTENTS,MSG_SENDER_NAME,MSG_RECEIVER_NAME,MSG_SENDER_VIEW,MSG_RECEIVER_VIEW,MSG_CABINET_CHECK) values (366,'kh2016','kh2000',to_date('21/03/08','RR/MM/DD'),to_date('21/03/08','RR/MM/DD'),'대표님','temp','김용재 차장','조성태 대표','Y','Y','N');
Insert into ST.MESSAGE (MSG_SEQ,MSG_SENDER,MSG_RECEIVER,MSG_SEND_DATE,MSG_RECEIVE_DATE,MSG_TITLE,MSG_CONTENTS,MSG_SENDER_NAME,MSG_RECEIVER_NAME,MSG_SENDER_VIEW,MSG_RECEIVER_VIEW,MSG_CABINET_CHECK) values (367,'kh2010','kh2000',to_date('21/03/08','RR/MM/DD'),to_date('21/03/08','RR/MM/DD'),'대표님께...','temp','이종탄 대리','조성태 대표','Y','Y','N');
Insert into ST.MESSAGE (MSG_SEQ,MSG_SENDER,MSG_RECEIVER,MSG_SEND_DATE,MSG_RECEIVE_DATE,MSG_TITLE,MSG_CONTENTS,MSG_SENDER_NAME,MSG_RECEIVER_NAME,MSG_SENDER_VIEW,MSG_RECEIVER_VIEW,MSG_CABINET_CHECK) values (369,'kh2017','kh2006',to_date('21/03/08','RR/MM/DD'),to_date('21/03/08','RR/MM/DD'),'살려주세요','temp','김윤희 상무이사','박현 차장','Y','Y','N');
Insert into ST.MESSAGE (MSG_SEQ,MSG_SENDER,MSG_RECEIVER,MSG_SEND_DATE,MSG_RECEIVE_DATE,MSG_TITLE,MSG_CONTENTS,MSG_SENDER_NAME,MSG_RECEIVER_NAME,MSG_SENDER_VIEW,MSG_RECEIVER_VIEW,MSG_CABINET_CHECK) values (370,'kh2015','kh2015',to_date('21/03/08','RR/MM/DD'),to_date('21/03/08','RR/MM/DD'),'내게 써봅니다','temp','김민섭 팀장','김민섭 팀장','Y','Y','N');
Insert into ST.MESSAGE (MSG_SEQ,MSG_SENDER,MSG_RECEIVER,MSG_SEND_DATE,MSG_RECEIVE_DATE,MSG_TITLE,MSG_CONTENTS,MSG_SENDER_NAME,MSG_RECEIVER_NAME,MSG_SENDER_VIEW,MSG_RECEIVER_VIEW,MSG_CABINET_CHECK) values (371,'kh2015','kh2015',to_date('21/03/08','RR/MM/DD'),to_date('21/03/08','RR/MM/DD'),'파일 여러개는 가능한가','temp','김민섭 팀장','김민섭 팀장','Y','Y','N');
Insert into ST.MESSAGE (MSG_SEQ,MSG_SENDER,MSG_RECEIVER,MSG_SEND_DATE,MSG_RECEIVE_DATE,MSG_TITLE,MSG_CONTENTS,MSG_SENDER_NAME,MSG_RECEIVER_NAME,MSG_SENDER_VIEW,MSG_RECEIVER_VIEW,MSG_CABINET_CHECK) values (374,'kh2000','kh2000',to_date('21/03/08','RR/MM/DD'),null,'asdffsd','temp','조성태 대표','조성태 대표','Y','Y','N');
Insert into ST.MESSAGE (MSG_SEQ,MSG_SENDER,MSG_RECEIVER,MSG_SEND_DATE,MSG_RECEIVE_DATE,MSG_TITLE,MSG_CONTENTS,MSG_SENDER_NAME,MSG_RECEIVER_NAME,MSG_SENDER_VIEW,MSG_RECEIVER_VIEW,MSG_CABINET_CHECK) values (375,'kh2006','kh2017',to_date('21/03/08','RR/MM/DD'),null,'RE: 살려주세요','temp','박현 차장','김윤희 상무이사','Y','Y','N');
Insert into ST.MESSAGE (MSG_SEQ,MSG_SENDER,MSG_RECEIVER,MSG_SEND_DATE,MSG_RECEIVE_DATE,MSG_TITLE,MSG_CONTENTS,MSG_SENDER_NAME,MSG_RECEIVER_NAME,MSG_SENDER_VIEW,MSG_RECEIVER_VIEW,MSG_CABINET_CHECK) values (376,'kh2006','kh2016',to_date('21/03/08','RR/MM/DD'),to_date('21/03/08','RR/MM/DD'),'RE: 누님','temp','박현 차장','김용재 차장','Y','Y','N');
Insert into ST.MESSAGE (MSG_SEQ,MSG_SENDER,MSG_RECEIVER,MSG_SEND_DATE,MSG_RECEIVE_DATE,MSG_TITLE,MSG_CONTENTS,MSG_SENDER_NAME,MSG_RECEIVER_NAME,MSG_SENDER_VIEW,MSG_RECEIVER_VIEW,MSG_CABINET_CHECK) values (14,'test1','test3',to_date('21/01/29','RR/MM/DD'),null,'파일 test','<p>d22222222222</p>','전략기획팀  테스트1 ','개발1팀  테스트3 ','Y','Y','N');
Insert into ST.MESSAGE (MSG_SEQ,MSG_SENDER,MSG_RECEIVER,MSG_SEND_DATE,MSG_RECEIVE_DATE,MSG_TITLE,MSG_CONTENTS,MSG_SENDER_NAME,MSG_RECEIVER_NAME,MSG_SENDER_VIEW,MSG_RECEIVER_VIEW,MSG_CABINET_CHECK) values (15,'test1','1111',to_date('21/01/29','RR/MM/DD'),to_date('21/02/05','RR/MM/DD'),'파일 test','<p>3213131</p>','전략기획팀  테스트1 ','개발2팀  테스터 ','Y','N','N');
Insert into ST.MESSAGE (MSG_SEQ,MSG_SENDER,MSG_RECEIVER,MSG_SEND_DATE,MSG_RECEIVE_DATE,MSG_TITLE,MSG_CONTENTS,MSG_SENDER_NAME,MSG_RECEIVER_NAME,MSG_SENDER_VIEW,MSG_RECEIVER_VIEW,MSG_CABINET_CHECK) values (16,'test1','test3',to_date('21/01/29','RR/MM/DD'),null,'파일 test','<p>dddd</p>','전략기획팀  테스트1 ','개발1팀  테스트3 ','Y','Y','N');
Insert into ST.MESSAGE (MSG_SEQ,MSG_SENDER,MSG_RECEIVER,MSG_SEND_DATE,MSG_RECEIVE_DATE,MSG_TITLE,MSG_CONTENTS,MSG_SENDER_NAME,MSG_RECEIVER_NAME,MSG_SENDER_VIEW,MSG_RECEIVER_VIEW,MSG_CABINET_CHECK) values (17,'test1','test3',to_date('21/01/29','RR/MM/DD'),null,'파일 test222222222222222','<p>dfdfdsfdafadf</p>','전략기획팀  테스트1 ','개발1팀  테스트3 ','Y','Y','N');
Insert into ST.MESSAGE (MSG_SEQ,MSG_SENDER,MSG_RECEIVER,MSG_SEND_DATE,MSG_RECEIVE_DATE,MSG_TITLE,MSG_CONTENTS,MSG_SENDER_NAME,MSG_RECEIVER_NAME,MSG_SENDER_VIEW,MSG_RECEIVER_VIEW,MSG_CABINET_CHECK) values (18,'test1','test3',to_date('21/01/29','RR/MM/DD'),null,'파일 test33333333333','<p>33333333333333333333333333</p>','전략기획팀  테스트1 ','개발1팀  테스트3 ','N','Y','N');
Insert into ST.MESSAGE (MSG_SEQ,MSG_SENDER,MSG_RECEIVER,MSG_SEND_DATE,MSG_RECEIVE_DATE,MSG_TITLE,MSG_CONTENTS,MSG_SENDER_NAME,MSG_RECEIVER_NAME,MSG_SENDER_VIEW,MSG_RECEIVER_VIEW,MSG_CABINET_CHECK) values (129,'1111','hoihoi914',to_date('21/02/15','RR/MM/DD'),to_date('21/02/21','RR/MM/DD'),'12','<p>12</p>','개발2팀  테스터 ','대표이사  양혜림 ','N','Y','N');
Insert into ST.MESSAGE (MSG_SEQ,MSG_SENDER,MSG_RECEIVER,MSG_SEND_DATE,MSG_RECEIVE_DATE,MSG_TITLE,MSG_CONTENTS,MSG_SENDER_NAME,MSG_RECEIVER_NAME,MSG_SENDER_VIEW,MSG_RECEIVER_VIEW,MSG_CABINET_CHECK) values (259,'admin','test7',to_date('21/02/25','RR/MM/DD'),null,'관리자가 보내는 메세지입니다.','<p>안녕히주무세요.</p>','개발1팀  관리자 ','이사  김근수 ','Y','N','N');
Insert into ST.MESSAGE (MSG_SEQ,MSG_SENDER,MSG_RECEIVER,MSG_SEND_DATE,MSG_RECEIVE_DATE,MSG_TITLE,MSG_CONTENTS,MSG_SENDER_NAME,MSG_RECEIVER_NAME,MSG_SENDER_VIEW,MSG_RECEIVER_VIEW,MSG_CABINET_CHECK) values (262,'test7','test1',to_date('21/02/25','RR/MM/DD'),to_date('21/02/25','RR/MM/DD'),'RE: 하위~123','12345<br><br>---------Original Message---------<br><p>하위하위</p>','김근수 전무이사','기선겸 전무이사','Y','Y','N');
Insert into ST.MESSAGE (MSG_SEQ,MSG_SENDER,MSG_RECEIVER,MSG_SEND_DATE,MSG_RECEIVE_DATE,MSG_TITLE,MSG_CONTENTS,MSG_SENDER_NAME,MSG_RECEIVER_NAME,MSG_SENDER_VIEW,MSG_RECEIVER_VIEW,MSG_CABINET_CHECK) values (263,'test1','test7',to_date('21/02/25','RR/MM/DD'),to_date('21/02/25','RR/MM/DD'),'RE: RE: 하위~123','<br><br>---------Original Message---------<br> From : 김근수 전무이사<br> To : 기선겸 전무이사<br> DATE : 02/25 02:16<br> Subject : RE: 하위~123<br><br>12345<br><br>---------Original Message---------<br><p>하위하위</p>','기선겸 전무이사','김근수 전무이사','Y','N','N');
Insert into ST.MESSAGE (MSG_SEQ,MSG_SENDER,MSG_RECEIVER,MSG_SEND_DATE,MSG_RECEIVE_DATE,MSG_TITLE,MSG_CONTENTS,MSG_SENDER_NAME,MSG_RECEIVER_NAME,MSG_SENDER_VIEW,MSG_RECEIVER_VIEW,MSG_CABINET_CHECK) values (265,'test7','test4',to_date('21/02/25','RR/MM/DD'),to_date('21/02/25','RR/MM/DD'),'이미지야~~~~','temp','김근수 전무이사','김나린 주임','Y','Y','N');
Insert into ST.MESSAGE (MSG_SEQ,MSG_SENDER,MSG_RECEIVER,MSG_SEND_DATE,MSG_RECEIVE_DATE,MSG_TITLE,MSG_CONTENTS,MSG_SENDER_NAME,MSG_RECEIVER_NAME,MSG_SENDER_VIEW,MSG_RECEIVER_VIEW,MSG_CABINET_CHECK) values (266,'test4','test7',to_date('21/02/25','RR/MM/DD'),to_date('21/02/25','RR/MM/DD'),'RE: 이미지야~~~~123123123','temp','김나린 주임','김근수 전무이사','Y','N','N');
Insert into ST.MESSAGE (MSG_SEQ,MSG_SENDER,MSG_RECEIVER,MSG_SEND_DATE,MSG_RECEIVE_DATE,MSG_TITLE,MSG_CONTENTS,MSG_SENDER_NAME,MSG_RECEIVER_NAME,MSG_SENDER_VIEW,MSG_RECEIVER_VIEW,MSG_CABINET_CHECK) values (268,'test4','test7',to_date('21/02/25','RR/MM/DD'),null,'RE: 이미지야~~~~','temp','김나린 주임','김근수 전무이사','N','N','N');
Insert into ST.MESSAGE (MSG_SEQ,MSG_SENDER,MSG_RECEIVER,MSG_SEND_DATE,MSG_RECEIVE_DATE,MSG_TITLE,MSG_CONTENTS,MSG_SENDER_NAME,MSG_RECEIVER_NAME,MSG_SENDER_VIEW,MSG_RECEIVER_VIEW,MSG_CABINET_CHECK) values (269,'test4','test7',to_date('21/02/25','RR/MM/DD'),null,'RE: 이미지야~~~~','temp','김나린 주임','김근수 전무이사','N','N','N');
Insert into ST.MESSAGE (MSG_SEQ,MSG_SENDER,MSG_RECEIVER,MSG_SEND_DATE,MSG_RECEIVE_DATE,MSG_TITLE,MSG_CONTENTS,MSG_SENDER_NAME,MSG_RECEIVER_NAME,MSG_SENDER_VIEW,MSG_RECEIVER_VIEW,MSG_CABINET_CHECK) values (270,'test1','test3',to_date('21/02/25','RR/MM/DD'),null,'쪽지 테스트','temp','기선겸 전무이사','권용국 전무이사','N','Y','N');
Insert into ST.MESSAGE (MSG_SEQ,MSG_SENDER,MSG_RECEIVER,MSG_SEND_DATE,MSG_RECEIVE_DATE,MSG_TITLE,MSG_CONTENTS,MSG_SENDER_NAME,MSG_RECEIVER_NAME,MSG_SENDER_VIEW,MSG_RECEIVER_VIEW,MSG_CABINET_CHECK) values (271,'test1','test7',to_date('21/02/25','RR/MM/DD'),to_date('21/02/25','RR/MM/DD'),'RE: 하위하위 인사차 방문합니다.','temp','기선겸 전무이사','김근수 전무이사','Y','N','N');
Insert into ST.MESSAGE (MSG_SEQ,MSG_SENDER,MSG_RECEIVER,MSG_SEND_DATE,MSG_RECEIVE_DATE,MSG_TITLE,MSG_CONTENTS,MSG_SENDER_NAME,MSG_RECEIVER_NAME,MSG_SENDER_VIEW,MSG_RECEIVER_VIEW,MSG_CABINET_CHECK) values (272,'test1','test7',to_date('21/02/25','RR/MM/DD'),null,'RE: 하위하위 인사차 방문합니다.','temp','기선겸 전무이사','김근수 전무이사','Y','N','Y');
Insert into ST.MESSAGE (MSG_SEQ,MSG_SENDER,MSG_RECEIVER,MSG_SEND_DATE,MSG_RECEIVE_DATE,MSG_TITLE,MSG_CONTENTS,MSG_SENDER_NAME,MSG_RECEIVER_NAME,MSG_SENDER_VIEW,MSG_RECEIVER_VIEW,MSG_CABINET_CHECK) values (280,'test7','1004',to_date('21/02/25','RR/MM/DD'),null,'ddd','temp','김근수 전무이사','임소형 부장','Y','Y','N');
Insert into ST.MESSAGE (MSG_SEQ,MSG_SENDER,MSG_RECEIVER,MSG_SEND_DATE,MSG_RECEIVE_DATE,MSG_TITLE,MSG_CONTENTS,MSG_SENDER_NAME,MSG_RECEIVER_NAME,MSG_SENDER_VIEW,MSG_RECEIVER_VIEW,MSG_CABINET_CHECK) values (281,'test7','test7',to_date('21/02/25','RR/MM/DD'),to_date('21/02/25','RR/MM/DD'),'테스트트트트트','temp','김근수 전무이사','김근수 전무이사','Y','Y','N');
Insert into ST.MESSAGE (MSG_SEQ,MSG_SENDER,MSG_RECEIVER,MSG_SEND_DATE,MSG_RECEIVE_DATE,MSG_TITLE,MSG_CONTENTS,MSG_SENDER_NAME,MSG_RECEIVER_NAME,MSG_SENDER_VIEW,MSG_RECEIVER_VIEW,MSG_CABINET_CHECK) values (282,'test7','test7',to_date('21/02/25','RR/MM/DD'),to_date('21/02/25','RR/MM/DD'),'ㅁㄹㅇㅁㄴㄹ','temp','김근수 전무이사','김근수 전무이사','Y','Y','N');
Insert into ST.MESSAGE (MSG_SEQ,MSG_SENDER,MSG_RECEIVER,MSG_SEND_DATE,MSG_RECEIVE_DATE,MSG_TITLE,MSG_CONTENTS,MSG_SENDER_NAME,MSG_RECEIVER_NAME,MSG_SENDER_VIEW,MSG_RECEIVER_VIEW,MSG_CABINET_CHECK) values (283,'test7','test3',to_date('21/02/25','RR/MM/DD'),null,'ㄹㅇㄹㅇ','temp','김근수 전무이사','권용국 전무이사','Y','Y','N');
Insert into ST.MESSAGE (MSG_SEQ,MSG_SENDER,MSG_RECEIVER,MSG_SEND_DATE,MSG_RECEIVE_DATE,MSG_TITLE,MSG_CONTENTS,MSG_SENDER_NAME,MSG_RECEIVER_NAME,MSG_SENDER_VIEW,MSG_RECEIVER_VIEW,MSG_CABINET_CHECK) values (286,'test7','admin',to_date('21/02/26','RR/MM/DD'),to_date('21/02/28','RR/MM/DD'),'2222','temp','김근수 전무이사','관리자 사원','Y','Y','N');
Insert into ST.MESSAGE (MSG_SEQ,MSG_SENDER,MSG_RECEIVER,MSG_SEND_DATE,MSG_RECEIVE_DATE,MSG_TITLE,MSG_CONTENTS,MSG_SENDER_NAME,MSG_RECEIVER_NAME,MSG_SENDER_VIEW,MSG_RECEIVER_VIEW,MSG_CABINET_CHECK) values (288,'test1','test7',to_date('21/02/26','RR/MM/DD'),to_date('21/02/26','RR/MM/DD'),'하위하위','temp','기선겸 과장','김근수 전무이사','Y','Y','N');
Insert into ST.MESSAGE (MSG_SEQ,MSG_SENDER,MSG_RECEIVER,MSG_SEND_DATE,MSG_RECEIVE_DATE,MSG_TITLE,MSG_CONTENTS,MSG_SENDER_NAME,MSG_RECEIVER_NAME,MSG_SENDER_VIEW,MSG_RECEIVER_VIEW,MSG_CABINET_CHECK) values (291,'1111','1111',to_date('21/02/28','RR/MM/DD'),null,'테스트','temp','이상형2 소장','이상형2 소장','Y','Y','N');
Insert into ST.MESSAGE (MSG_SEQ,MSG_SENDER,MSG_RECEIVER,MSG_SEND_DATE,MSG_RECEIVE_DATE,MSG_TITLE,MSG_CONTENTS,MSG_SENDER_NAME,MSG_RECEIVER_NAME,MSG_SENDER_VIEW,MSG_RECEIVER_VIEW,MSG_CABINET_CHECK) values (292,'1111','test3',to_date('21/02/28','RR/MM/DD'),null,'Nos - 테스트 입니다.','temp','이상형2 소장','권용국 팀장','Y','Y','Y');
Insert into ST.MESSAGE (MSG_SEQ,MSG_SENDER,MSG_RECEIVER,MSG_SEND_DATE,MSG_RECEIVE_DATE,MSG_TITLE,MSG_CONTENTS,MSG_SENDER_NAME,MSG_RECEIVER_NAME,MSG_SENDER_VIEW,MSG_RECEIVER_VIEW,MSG_CABINET_CHECK) values (293,'1111','1111',to_date('21/02/28','RR/MM/DD'),to_date('21/05/20','RR/MM/DD'),'나한테 보내지나~??','temp','이상형2 소장','이상형2 소장','Y','Y','N');
Insert into ST.MESSAGE (MSG_SEQ,MSG_SENDER,MSG_RECEIVER,MSG_SEND_DATE,MSG_RECEIVE_DATE,MSG_TITLE,MSG_CONTENTS,MSG_SENDER_NAME,MSG_RECEIVER_NAME,MSG_SENDER_VIEW,MSG_RECEIVER_VIEW,MSG_CABINET_CHECK) values (294,'1111','test3',to_date('21/02/28','RR/MM/DD'),null,'ㅇㅅㅇ','temp','이상형2 소장','권용국 팀장','N','Y','N');
Insert into ST.MESSAGE (MSG_SEQ,MSG_SENDER,MSG_RECEIVER,MSG_SEND_DATE,MSG_RECEIVE_DATE,MSG_TITLE,MSG_CONTENTS,MSG_SENDER_NAME,MSG_RECEIVER_NAME,MSG_SENDER_VIEW,MSG_RECEIVER_VIEW,MSG_CABINET_CHECK) values (295,'1111','1111',to_date('21/02/28','RR/MM/DD'),null,'ㅇㅅㅇㅇㅅㅇ','temp','이상형2 소장','이상형2 소장','Y','Y','N');
Insert into ST.MESSAGE (MSG_SEQ,MSG_SENDER,MSG_RECEIVER,MSG_SEND_DATE,MSG_RECEIVE_DATE,MSG_TITLE,MSG_CONTENTS,MSG_SENDER_NAME,MSG_RECEIVER_NAME,MSG_SENDER_VIEW,MSG_RECEIVER_VIEW,MSG_CABINET_CHECK) values (296,'1111','1111',to_date('21/02/28','RR/MM/DD'),to_date('21/02/28','RR/MM/DD'),'ㅅㅅㅅ','temp','이상형2 소장','이상형2 소장','Y','Y','N');
Insert into ST.MESSAGE (MSG_SEQ,MSG_SENDER,MSG_RECEIVER,MSG_SEND_DATE,MSG_RECEIVE_DATE,MSG_TITLE,MSG_CONTENTS,MSG_SENDER_NAME,MSG_RECEIVER_NAME,MSG_SENDER_VIEW,MSG_RECEIVER_VIEW,MSG_CABINET_CHECK) values (297,'test7','1111',to_date('21/03/01','RR/MM/DD'),to_date('21/03/01','RR/MM/DD'),'asdfas','temp','김근수 전무이사','이상형2 소장','Y','Y','Y');
Insert into ST.MESSAGE (MSG_SEQ,MSG_SENDER,MSG_RECEIVER,MSG_SEND_DATE,MSG_RECEIVE_DATE,MSG_TITLE,MSG_CONTENTS,MSG_SENDER_NAME,MSG_RECEIVER_NAME,MSG_SENDER_VIEW,MSG_RECEIVER_VIEW,MSG_CABINET_CHECK) values (298,'test7','test7',to_date('21/03/01','RR/MM/DD'),to_date('21/03/01','RR/MM/DD'),'fdsafsfd','temp','김근수 전무이사','김근수 전무이사','Y','Y','N');
Insert into ST.MESSAGE (MSG_SEQ,MSG_SENDER,MSG_RECEIVER,MSG_SEND_DATE,MSG_RECEIVE_DATE,MSG_TITLE,MSG_CONTENTS,MSG_SENDER_NAME,MSG_RECEIVER_NAME,MSG_SENDER_VIEW,MSG_RECEIVER_VIEW,MSG_CABINET_CHECK) values (307,'admin','kh2006',to_date('21/03/05','RR/MM/DD'),to_date('21/03/08','RR/MM/DD'),'우리씨앤씨 면접 후기 공유드립니다.','temp','관리자 사원','박현 차장','Y','Y','Y');
Insert into ST.MESSAGE (MSG_SEQ,MSG_SENDER,MSG_RECEIVER,MSG_SEND_DATE,MSG_RECEIVE_DATE,MSG_TITLE,MSG_CONTENTS,MSG_SENDER_NAME,MSG_RECEIVER_NAME,MSG_SENDER_VIEW,MSG_RECEIVER_VIEW,MSG_CABINET_CHECK) values (308,'kh2004','kh2013',to_date('21/03/05','RR/MM/DD'),to_date('21/03/08','RR/MM/DD'),'안녕하세요 대리님!','temp','김지영 사원','진현정 대리','Y','Y','N');
Insert into ST.MESSAGE (MSG_SEQ,MSG_SENDER,MSG_RECEIVER,MSG_SEND_DATE,MSG_RECEIVE_DATE,MSG_TITLE,MSG_CONTENTS,MSG_SENDER_NAME,MSG_RECEIVER_NAME,MSG_SENDER_VIEW,MSG_RECEIVER_VIEW,MSG_CABINET_CHECK) values (309,'kh2004','kh2004',to_date('21/03/05','RR/MM/DD'),null,'나에게도 보낼 수 있어요!','temp','김지영 사원','김지영 사원','Y','Y','N');
Insert into ST.MESSAGE (MSG_SEQ,MSG_SENDER,MSG_RECEIVER,MSG_SEND_DATE,MSG_RECEIVE_DATE,MSG_TITLE,MSG_CONTENTS,MSG_SENDER_NAME,MSG_RECEIVER_NAME,MSG_SENDER_VIEW,MSG_RECEIVER_VIEW,MSG_CABINET_CHECK) values (311,'admin','kh2016',to_date('21/03/07','RR/MM/DD'),to_date('21/03/08','RR/MM/DD'),'아이티앤비즈 면접 후기 공유드립니다. ','temp','관리자 사원','김용재 차장','Y','Y','N');
Insert into ST.MESSAGE (MSG_SEQ,MSG_SENDER,MSG_RECEIVER,MSG_SEND_DATE,MSG_RECEIVE_DATE,MSG_TITLE,MSG_CONTENTS,MSG_SENDER_NAME,MSG_RECEIVER_NAME,MSG_SENDER_VIEW,MSG_RECEIVER_VIEW,MSG_CABINET_CHECK) values (312,'kh2006','kh2012',to_date('21/03/07','RR/MM/DD'),to_date('21/03/08','RR/MM/DD'),'아름다우시네요','temp','박현 차장','정의진 실장','Y','Y','N');
Insert into ST.MESSAGE (MSG_SEQ,MSG_SENDER,MSG_RECEIVER,MSG_SEND_DATE,MSG_RECEIVE_DATE,MSG_TITLE,MSG_CONTENTS,MSG_SENDER_NAME,MSG_RECEIVER_NAME,MSG_SENDER_VIEW,MSG_RECEIVER_VIEW,MSG_CABINET_CHECK) values (313,'kh2009','kh2021',to_date('21/03/07','RR/MM/DD'),to_date('21/03/08','RR/MM/DD'),'재준씨, 이런 감정 처음이에요.','temp','이영주 사원','최재준 소장','Y','Y','N');
Insert into ST.MESSAGE (MSG_SEQ,MSG_SENDER,MSG_RECEIVER,MSG_SEND_DATE,MSG_RECEIVE_DATE,MSG_TITLE,MSG_CONTENTS,MSG_SENDER_NAME,MSG_RECEIVER_NAME,MSG_SENDER_VIEW,MSG_RECEIVER_VIEW,MSG_CABINET_CHECK) values (314,'kh2010','kh2004',to_date('21/03/07','RR/MM/DD'),null,'수고많으셨습니다.','temp','이종탄 대리','김지영 사원','Y','Y','N');
Insert into ST.MESSAGE (MSG_SEQ,MSG_SENDER,MSG_RECEIVER,MSG_SEND_DATE,MSG_RECEIVE_DATE,MSG_TITLE,MSG_CONTENTS,MSG_SENDER_NAME,MSG_RECEIVER_NAME,MSG_SENDER_VIEW,MSG_RECEIVER_VIEW,MSG_CABINET_CHECK) values (315,'kh2011','kh2018',to_date('21/03/07','RR/MM/DD'),to_date('21/03/08','RR/MM/DD'),'안녕하세요~! ','temp','임효경 주임','서동휘 팀장','Y','Y','N');
Insert into ST.MESSAGE (MSG_SEQ,MSG_SENDER,MSG_RECEIVER,MSG_SEND_DATE,MSG_RECEIVE_DATE,MSG_TITLE,MSG_CONTENTS,MSG_SENDER_NAME,MSG_RECEIVER_NAME,MSG_SENDER_VIEW,MSG_RECEIVER_VIEW,MSG_CABINET_CHECK) values (316,'test1','kh2002',to_date('21/03/07','RR/MM/DD'),to_date('21/03/08','RR/MM/DD'),'dd','temp','기선겸 과장','김나린 주임','Y','Y','N');
Insert into ST.MESSAGE (MSG_SEQ,MSG_SENDER,MSG_RECEIVER,MSG_SEND_DATE,MSG_RECEIVE_DATE,MSG_TITLE,MSG_CONTENTS,MSG_SENDER_NAME,MSG_RECEIVER_NAME,MSG_SENDER_VIEW,MSG_RECEIVER_VIEW,MSG_CABINET_CHECK) values (317,'test1','kh2002',to_date('21/03/07','RR/MM/DD'),null,'ewf','temp','기선겸 과장','김나린 주임','Y','Y','Y');
Insert into ST.MESSAGE (MSG_SEQ,MSG_SENDER,MSG_RECEIVER,MSG_SEND_DATE,MSG_RECEIVE_DATE,MSG_TITLE,MSG_CONTENTS,MSG_SENDER_NAME,MSG_RECEIVER_NAME,MSG_SENDER_VIEW,MSG_RECEIVER_VIEW,MSG_CABINET_CHECK) values (318,'kh2019','test1',to_date('21/03/07','RR/MM/DD'),to_date('21/03/08','RR/MM/DD'),'아이티앤비즈 면접 후기 공유드립니다. ','temp','이건호 차장','기선겸 과장','Y','Y','N');
Insert into ST.MESSAGE (MSG_SEQ,MSG_SENDER,MSG_RECEIVER,MSG_SEND_DATE,MSG_RECEIVE_DATE,MSG_TITLE,MSG_CONTENTS,MSG_SENDER_NAME,MSG_RECEIVER_NAME,MSG_SENDER_VIEW,MSG_RECEIVER_VIEW,MSG_CABINET_CHECK) values (319,'kh2022','kh2019',to_date('21/03/07','RR/MM/DD'),to_date('21/03/08','RR/MM/DD'),'안녕하세요~','temp','한명환 과장','이건호 차장','Y','Y','N');
Insert into ST.MESSAGE (MSG_SEQ,MSG_SENDER,MSG_RECEIVER,MSG_SEND_DATE,MSG_RECEIVE_DATE,MSG_TITLE,MSG_CONTENTS,MSG_SENDER_NAME,MSG_RECEIVER_NAME,MSG_SENDER_VIEW,MSG_RECEIVER_VIEW,MSG_CABINET_CHECK) values (320,'kh2022','kh2013',to_date('21/03/07','RR/MM/DD'),to_date('21/03/08','RR/MM/DD'),'아이티앤비즈 면접 후기 공유드립니다. ','temp','한명환 과장','진현정 대리','Y','Y','N');
Insert into ST.MESSAGE (MSG_SEQ,MSG_SENDER,MSG_RECEIVER,MSG_SEND_DATE,MSG_RECEIVE_DATE,MSG_TITLE,MSG_CONTENTS,MSG_SENDER_NAME,MSG_RECEIVER_NAME,MSG_SENDER_VIEW,MSG_RECEIVER_VIEW,MSG_CABINET_CHECK) values (380,'1111','kh2021',to_date('21/03/23','RR/MM/DD'),null,'dfdfd','temp','이상 소장','최재준 소장','Y','Y','N');
REM INSERTING into ST.MESSAGE_ATTACHED_FILES
SET DEFINE OFF;
Insert into ST.MESSAGE_ATTACHED_FILES (MSG_SEQ,MSG_ORI_NAME,MSG_SAVED_NAME) values (260,'common (2).jfif','ff9a362a9a0f43998cddbae0568718e8_common (2).jfif');
Insert into ST.MESSAGE_ATTACHED_FILES (MSG_SEQ,MSG_ORI_NAME,MSG_SAVED_NAME) values (333,'cat (1).png','9e0487e0835a435daaebc3c8519359c5_cat (1).png');
Insert into ST.MESSAGE_ATTACHED_FILES (MSG_SEQ,MSG_ORI_NAME,MSG_SAVED_NAME) values (66,'images.png','689df797ee8c4a02801fbfdfc9e0ea7c_images.png');
Insert into ST.MESSAGE_ATTACHED_FILES (MSG_SEQ,MSG_ORI_NAME,MSG_SAVED_NAME) values (341,'코코아.png','e355528747cf43d5bd603e8b9e064654_코코아.png');
Insert into ST.MESSAGE_ATTACHED_FILES (MSG_SEQ,MSG_ORI_NAME,MSG_SAVED_NAME) values (343,'개복치.PNG','2e09e398abb842ac8dd1f2d594d4a393_개복치.PNG');
Insert into ST.MESSAGE_ATTACHED_FILES (MSG_SEQ,MSG_ORI_NAME,MSG_SAVED_NAME) values (379,'images.png','4950b2c315374100b1e3c30ae8fafb52_images.png');
Insert into ST.MESSAGE_ATTACHED_FILES (MSG_SEQ,MSG_ORI_NAME,MSG_SAVED_NAME) values (78,'3cha QR.png','f21862a1c3cf4a938c0229cb95d03939_3cha QR.png');
Insert into ST.MESSAGE_ATTACHED_FILES (MSG_SEQ,MSG_ORI_NAME,MSG_SAVED_NAME) values (71,'images.png','4f200a374d8f41e995bb035a965949dc_images.png');
Insert into ST.MESSAGE_ATTACHED_FILES (MSG_SEQ,MSG_ORI_NAME,MSG_SAVED_NAME) values (77,'3차 QR.png','9d655ed947ea48139543284000949170_3차 QR.png');
Insert into ST.MESSAGE_ATTACHED_FILES (MSG_SEQ,MSG_ORI_NAME,MSG_SAVED_NAME) values (141,'02_지원서작성팁.PNG','f2d33e206d294d2bb2d5337905d42537_02_지원서작성팁.PNG');
Insert into ST.MESSAGE_ATTACHED_FILES (MSG_SEQ,MSG_ORI_NAME,MSG_SAVED_NAME) values (142,'메일작성 - 복사본.JPG','363524472716420d91dc2202b6a4816f_메일작성 - 복사본.JPG');
Insert into ST.MESSAGE_ATTACHED_FILES (MSG_SEQ,MSG_ORI_NAME,MSG_SAVED_NAME) values (148,'03_자기소개작성팁.PNG','d5c8bd349d7849529e22d39067eef819_03_자기소개작성팁.PNG');
Insert into ST.MESSAGE_ATTACHED_FILES (MSG_SEQ,MSG_ORI_NAME,MSG_SAVED_NAME) values (349,'개복치.PNG','7145b1cc57b541c39af2a3bfe6278511_개복치.PNG');
Insert into ST.MESSAGE_ATTACHED_FILES (MSG_SEQ,MSG_ORI_NAME,MSG_SAVED_NAME) values (352,'감성페페.gif','d883048c5e9d409ba5a8404d2b6a6060_감성페페.gif');
Insert into ST.MESSAGE_ATTACHED_FILES (MSG_SEQ,MSG_ORI_NAME,MSG_SAVED_NAME) values (331,'dog.png','35c1e8ba92184763ae843c005875bc5e_dog.png');
Insert into ST.MESSAGE_ATTACHED_FILES (MSG_SEQ,MSG_ORI_NAME,MSG_SAVED_NAME) values (138,'common (1).jpg','7b03127ba2c942ffa0a6c3c77d71c04e_common (1).jpg');
Insert into ST.MESSAGE_ATTACHED_FILES (MSG_SEQ,MSG_ORI_NAME,MSG_SAVED_NAME) values (328,'프사.PNG','6c2e73bd4a9c4b4eb10fa63209ebd6b4_프사.PNG');
Insert into ST.MESSAGE_ATTACHED_FILES (MSG_SEQ,MSG_ORI_NAME,MSG_SAVED_NAME) values (370,'html - 복사본.png','9b2dc982ffe34ba7a6cbb468059846f3_html - 복사본.png');
Insert into ST.MESSAGE_ATTACHED_FILES (MSG_SEQ,MSG_ORI_NAME,MSG_SAVED_NAME) values (371,'linux.png','2bce409e229a4f7388601c6d7e2225cf_linux.png');
Insert into ST.MESSAGE_ATTACHED_FILES (MSG_SEQ,MSG_ORI_NAME,MSG_SAVED_NAME) values (63,'client_license.txt','d84c8fe7c639487dbd89f17c719e8bec_client_license.txt');
Insert into ST.MESSAGE_ATTACHED_FILES (MSG_SEQ,MSG_ORI_NAME,MSG_SAVED_NAME) values (64,'images.png','c8a4d8a4a191406eabcbff5d9d505d93_images.png');
Insert into ST.MESSAGE_ATTACHED_FILES (MSG_SEQ,MSG_ORI_NAME,MSG_SAVED_NAME) values (65,'images.png','4ceda33a4f5845c5b26ad328ef876504_images.png');
Insert into ST.MESSAGE_ATTACHED_FILES (MSG_SEQ,MSG_ORI_NAME,MSG_SAVED_NAME) values (289,'common (7).jfif','36644c4f88fa4a7482667d81c01023c2_common (7).jfif');
Insert into ST.MESSAGE_ATTACHED_FILES (MSG_SEQ,MSG_ORI_NAME,MSG_SAVED_NAME) values (18,'client_license.txt','029bd8f000ba40e08e60e5a1cbfa3bee_client_license.txt');
Insert into ST.MESSAGE_ATTACHED_FILES (MSG_SEQ,MSG_ORI_NAME,MSG_SAVED_NAME) values (129,'2차 QR.png','87d0f011193b44af91abdeea659d97bb_2차 QR.png');
Insert into ST.MESSAGE_ATTACHED_FILES (MSG_SEQ,MSG_ORI_NAME,MSG_SAVED_NAME) values (265,'common (7).jfif','bfd4c265ec674046877a0b047a200a78_common (7).jfif');
Insert into ST.MESSAGE_ATTACHED_FILES (MSG_SEQ,MSG_ORI_NAME,MSG_SAVED_NAME) values (262,'common (7).jfif','5af139b403564074b18c35bafabb9c2d_common (7).jfif');
Insert into ST.MESSAGE_ATTACHED_FILES (MSG_SEQ,MSG_ORI_NAME,MSG_SAVED_NAME) values (268,'01.24541509.1.png','a9af7d1e91d2408c956149546ef82cc7_01.24541509.1.png');
Insert into ST.MESSAGE_ATTACHED_FILES (MSG_SEQ,MSG_ORI_NAME,MSG_SAVED_NAME) values (271,'118_[Tea] 커피.zip','6af9241b18024dccbe903692fd281d46_118_[Tea] 커피.zip');
Insert into ST.MESSAGE_ATTACHED_FILES (MSG_SEQ,MSG_ORI_NAME,MSG_SAVED_NAME) values (272,'118_[Tea] 커피.zip','9bb2de41fa204f7b818ff037292acec0_118_[Tea] 커피.zip');
Insert into ST.MESSAGE_ATTACHED_FILES (MSG_SEQ,MSG_ORI_NAME,MSG_SAVED_NAME) values (283,'common (7).jfif','914fde2cb8f3465da1ab058f14b23dbf_common (7).jfif');
Insert into ST.MESSAGE_ATTACHED_FILES (MSG_SEQ,MSG_ORI_NAME,MSG_SAVED_NAME) values (291,'5a5d627cdd36eb4eca4bbc78-large.jpg','14eb0744214746379ed95146bb7feddd_5a5d627cdd36eb4eca4bbc78-large.jpg');
Insert into ST.MESSAGE_ATTACHED_FILES (MSG_SEQ,MSG_ORI_NAME,MSG_SAVED_NAME) values (297,'common (7).jfif','b6740bbfacc9459684dd01179559a37c_common (7).jfif');
REM INSERTING into ST.MESSAGE_CABINET
SET DEFINE OFF;
Insert into ST.MESSAGE_CABINET (MSG_SEQ,MSG_ID,MSG_DIVISION) values (138,'test1','OUT');
Insert into ST.MESSAGE_CABINET (MSG_SEQ,MSG_ID,MSG_DIVISION) values (317,'test1','OUT');
Insert into ST.MESSAGE_CABINET (MSG_SEQ,MSG_ID,MSG_DIVISION) values (337,'test1','OUT');
Insert into ST.MESSAGE_CABINET (MSG_SEQ,MSG_ID,MSG_DIVISION) values (110,'test1','IN');
Insert into ST.MESSAGE_CABINET (MSG_SEQ,MSG_ID,MSG_DIVISION) values (107,'test1','IN');
Insert into ST.MESSAGE_CABINET (MSG_SEQ,MSG_ID,MSG_DIVISION) values (307,'kh2006','IN');
Insert into ST.MESSAGE_CABINET (MSG_SEQ,MSG_ID,MSG_DIVISION) values (349,'kh2011','OUT');
Insert into ST.MESSAGE_CABINET (MSG_SEQ,MSG_ID,MSG_DIVISION) values (109,'test1','IN');
Insert into ST.MESSAGE_CABINET (MSG_SEQ,MSG_ID,MSG_DIVISION) values (141,'test1','IN');
Insert into ST.MESSAGE_CABINET (MSG_SEQ,MSG_ID,MSG_DIVISION) values (108,'test1','IN');
Insert into ST.MESSAGE_CABINET (MSG_SEQ,MSG_ID,MSG_DIVISION) values (76,'test1','IN');
Insert into ST.MESSAGE_CABINET (MSG_SEQ,MSG_ID,MSG_DIVISION) values (138,'test1','OUT');
Insert into ST.MESSAGE_CABINET (MSG_SEQ,MSG_ID,MSG_DIVISION) values (136,'test1','OUT');
Insert into ST.MESSAGE_CABINET (MSG_SEQ,MSG_ID,MSG_DIVISION) values (351,'kh2015','IN');
Insert into ST.MESSAGE_CABINET (MSG_SEQ,MSG_ID,MSG_DIVISION) values (365,'kh2015','OUT');
Insert into ST.MESSAGE_CABINET (MSG_SEQ,MSG_ID,MSG_DIVISION) values (267,'test1','IN');
Insert into ST.MESSAGE_CABINET (MSG_SEQ,MSG_ID,MSG_DIVISION) values (11,'1111','OUT');
Insert into ST.MESSAGE_CABINET (MSG_SEQ,MSG_ID,MSG_DIVISION) values (139,'test1','OUT');
Insert into ST.MESSAGE_CABINET (MSG_SEQ,MSG_ID,MSG_DIVISION) values (145,'test1','OUT');
Insert into ST.MESSAGE_CABINET (MSG_SEQ,MSG_ID,MSG_DIVISION) values (206,'test2','OUT');
Insert into ST.MESSAGE_CABINET (MSG_SEQ,MSG_ID,MSG_DIVISION) values (285,'test7','IN');
Insert into ST.MESSAGE_CABINET (MSG_SEQ,MSG_ID,MSG_DIVISION) values (292,'1111','OUT');
Insert into ST.MESSAGE_CABINET (MSG_SEQ,MSG_ID,MSG_DIVISION) values (272,'test1','OUT');
Insert into ST.MESSAGE_CABINET (MSG_SEQ,MSG_ID,MSG_DIVISION) values (260,'test1','OUT');
Insert into ST.MESSAGE_CABINET (MSG_SEQ,MSG_ID,MSG_DIVISION) values (297,'test7','OUT');
Insert into ST.MESSAGE_CABINET (MSG_SEQ,MSG_ID,MSG_DIVISION) values (289,'test7','OUT');
REM INSERTING into ST.POSITION
SET DEFINE OFF;
Insert into ST.POSITION (POSITION_CODE,POSITION_NAME) values (0,'전무이사');
Insert into ST.POSITION (POSITION_CODE,POSITION_NAME) values (1,'상무이사');
Insert into ST.POSITION (POSITION_CODE,POSITION_NAME) values (2,'대표');
Insert into ST.POSITION (POSITION_CODE,POSITION_NAME) values (3,'소장');
Insert into ST.POSITION (POSITION_CODE,POSITION_NAME) values (4,'부장');
Insert into ST.POSITION (POSITION_CODE,POSITION_NAME) values (5,'실장');
Insert into ST.POSITION (POSITION_CODE,POSITION_NAME) values (6,'팀장');
Insert into ST.POSITION (POSITION_CODE,POSITION_NAME) values (7,'차장');
Insert into ST.POSITION (POSITION_CODE,POSITION_NAME) values (8,'과장');
Insert into ST.POSITION (POSITION_CODE,POSITION_NAME) values (9,'주임');
Insert into ST.POSITION (POSITION_CODE,POSITION_NAME) values (10,'대리');
Insert into ST.POSITION (POSITION_CODE,POSITION_NAME) values (11,'사원');
Insert into ST.POSITION (POSITION_CODE,POSITION_NAME) values (15,'똬란');
REM INSERTING into ST.PROJECT
SET DEFINE OFF;
Insert into ST.PROJECT (PRO_SEQ,PRO_TITLE,PRO_START_DATE,PRO_END_DATE,PRO_ID) values (36,'취업 프로젝트',to_date('21/03/08','RR/MM/DD'),to_date('21/03/30','RR/MM/DD'),'kh2005');
Insert into ST.PROJECT (PRO_SEQ,PRO_TITLE,PRO_START_DATE,PRO_END_DATE,PRO_ID) values (33,'학사관리_웹하드',to_date('21/01/01','RR/MM/DD'),to_date('21/03/08','RR/MM/DD'),'kh2018');
Insert into ST.PROJECT (PRO_SEQ,PRO_TITLE,PRO_START_DATE,PRO_END_DATE,PRO_ID) values (11,'학사관리_채팅',to_date('20/12/28','RR/MM/DD'),to_date('21/01/26','RR/MM/DD'),'test2');
Insert into ST.PROJECT (PRO_SEQ,PRO_TITLE,PRO_START_DATE,PRO_END_DATE,PRO_ID) values (37,'테스트 프로젝트',to_date('21/03/08','RR/MM/DD'),to_date('21/03/14','RR/MM/DD'),'kh2014');
Insert into ST.PROJECT (PRO_SEQ,PRO_TITLE,PRO_START_DATE,PRO_END_DATE,PRO_ID) values (38,'123',to_date('21/03/03','RR/MM/DD'),to_date('21/03/04','RR/MM/DD'),'kh2019');
Insert into ST.PROJECT (PRO_SEQ,PRO_TITLE,PRO_START_DATE,PRO_END_DATE,PRO_ID) values (17,'재능기부판매장터Project',to_date('21/02/23','RR/MM/DD'),to_date('21/02/27','RR/MM/DD'),'1111');
Insert into ST.PROJECT (PRO_SEQ,PRO_TITLE,PRO_START_DATE,PRO_END_DATE,PRO_ID) values (18,'과제제출Project(COCOA)',to_date('21/02/15','RR/MM/DD'),to_date('21/02/24','RR/MM/DD'),'test1');
Insert into ST.PROJECT (PRO_SEQ,PRO_TITLE,PRO_START_DATE,PRO_END_DATE,PRO_ID) values (19,'팔이피플 Project',to_date('21/02/08','RR/MM/DD'),to_date('21/02/23','RR/MM/DD'),'test2');
Insert into ST.PROJECT (PRO_SEQ,PRO_TITLE,PRO_START_DATE,PRO_END_DATE,PRO_ID) values (8,'Blog Market 2.0 Project',to_date('20/12/01','RR/MM/DD'),to_date('20/12/29','RR/MM/DD'),'1111');
Insert into ST.PROJECT (PRO_SEQ,PRO_TITLE,PRO_START_DATE,PRO_END_DATE,PRO_ID) values (24,'넥사크로 개발자 과정 Project',to_date('20/08/01','RR/MM/DD'),to_date('21/03/08','RR/MM/DD'),'stj0000');
Insert into ST.PROJECT (PRO_SEQ,PRO_TITLE,PRO_START_DATE,PRO_END_DATE,PRO_ID) values (34,'그룹웨어_웹하드(STJWARE)',to_date('21/03/03','RR/MM/DD'),to_date('21/03/11','RR/MM/DD'),'kh2007');
Insert into ST.PROJECT (PRO_SEQ,PRO_TITLE,PRO_START_DATE,PRO_END_DATE,PRO_ID) values (35,'그룹웨어_채팅(COCOA)',to_date('21/02/15','RR/MM/DD'),to_date('21/04/13','RR/MM/DD'),'kh2001');
REM INSERTING into ST.PROJECT_KANBAN
SET DEFINE OFF;
Insert into ST.PROJECT_KANBAN (PRO_KB_SEQ,PRO_SEQ,PRO_KB_PROCESS_CODE,PRO_KB_TITLE,PRO_KB_DETAILS,PRO_KB_MANAGER) values (361,36,2,'제목 없음','칸반 관련 내용을 추가해주세요.','kh2007');
Insert into ST.PROJECT_KANBAN (PRO_KB_SEQ,PRO_SEQ,PRO_KB_PROCESS_CODE,PRO_KB_TITLE,PRO_KB_DETAILS,PRO_KB_MANAGER) values (362,36,1,'제목 없음','칸반 관련 내용을 추가해주세요.','kh2007');
Insert into ST.PROJECT_KANBAN (PRO_KB_SEQ,PRO_SEQ,PRO_KB_PROCESS_CODE,PRO_KB_TITLE,PRO_KB_DETAILS,PRO_KB_MANAGER) values (138,18,0,'제목 없음','칸반 관련 내용을 추가해주세요.','1111');
Insert into ST.PROJECT_KANBAN (PRO_KB_SEQ,PRO_SEQ,PRO_KB_PROCESS_CODE,PRO_KB_TITLE,PRO_KB_DETAILS,PRO_KB_MANAGER) values (180,17,3,'목업제작','목업관련 상세내용을 입력해주세요.','1111');
Insert into ST.PROJECT_KANBAN (PRO_KB_SEQ,PRO_SEQ,PRO_KB_PROCESS_CODE,PRO_KB_TITLE,PRO_KB_DETAILS,PRO_KB_MANAGER) values (181,17,3,'Spring/Mybatis제작','Spring/Mybatis관련 상세내용을 입력해주세요.','1111');
Insert into ST.PROJECT_KANBAN (PRO_KB_SEQ,PRO_SEQ,PRO_KB_PROCESS_CODE,PRO_KB_TITLE,PRO_KB_DETAILS,PRO_KB_MANAGER) values (182,17,2,'erd제작','erd관련 상세내용을 입력해주세요.','1111');
Insert into ST.PROJECT_KANBAN (PRO_KB_SEQ,PRO_SEQ,PRO_KB_PROCESS_CODE,PRO_KB_TITLE,PRO_KB_DETAILS,PRO_KB_MANAGER) values (125,11,1,'제목 없음','칸반 관련 내용을 추가해주세요.','1111');
Insert into ST.PROJECT_KANBAN (PRO_KB_SEQ,PRO_SEQ,PRO_KB_PROCESS_CODE,PRO_KB_TITLE,PRO_KB_DETAILS,PRO_KB_MANAGER) values (183,17,2,'front관리','front관련 상세내용을 입력해주세요.','1111');
Insert into ST.PROJECT_KANBAN (PRO_KB_SEQ,PRO_SEQ,PRO_KB_PROCESS_CODE,PRO_KB_TITLE,PRO_KB_DETAILS,PRO_KB_MANAGER) values (74,11,0,'제목 없음','칸반 관련 내용을 추가해주세요.','1111');
Insert into ST.PROJECT_KANBAN (PRO_KB_SEQ,PRO_SEQ,PRO_KB_PROCESS_CODE,PRO_KB_TITLE,PRO_KB_DETAILS,PRO_KB_MANAGER) values (184,17,2,'넥사크로관리','넥사크로관련 상세내용을 입력해주세요.','1111');
Insert into ST.PROJECT_KANBAN (PRO_KB_SEQ,PRO_SEQ,PRO_KB_PROCESS_CODE,PRO_KB_TITLE,PRO_KB_DETAILS,PRO_KB_MANAGER) values (335,38,0,'목업제작','목업관련 상세내용을 입력해주세요.','kh2019');
Insert into ST.PROJECT_KANBAN (PRO_KB_SEQ,PRO_SEQ,PRO_KB_PROCESS_CODE,PRO_KB_TITLE,PRO_KB_DETAILS,PRO_KB_MANAGER) values (336,38,2,'Spring/Mybatis제작','Spring/Mybatis관련 상세내용을 입력해주세요.','kh2019');
Insert into ST.PROJECT_KANBAN (PRO_KB_SEQ,PRO_SEQ,PRO_KB_PROCESS_CODE,PRO_KB_TITLE,PRO_KB_DETAILS,PRO_KB_MANAGER) values (337,38,0,'erd제작','erd관련 상세내용을 입력해주세요.','kh2019');
Insert into ST.PROJECT_KANBAN (PRO_KB_SEQ,PRO_SEQ,PRO_KB_PROCESS_CODE,PRO_KB_TITLE,PRO_KB_DETAILS,PRO_KB_MANAGER) values (338,38,2,'front관리','front관련 상세내용을 입력해주세요.','kh2019');
Insert into ST.PROJECT_KANBAN (PRO_KB_SEQ,PRO_SEQ,PRO_KB_PROCESS_CODE,PRO_KB_TITLE,PRO_KB_DETAILS,PRO_KB_MANAGER) values (126,11,1,'제목 없음','칸반 관련 내용을 추가해주세요.','1111');
Insert into ST.PROJECT_KANBAN (PRO_KB_SEQ,PRO_SEQ,PRO_KB_PROCESS_CODE,PRO_KB_TITLE,PRO_KB_DETAILS,PRO_KB_MANAGER) values (339,38,1,'넥사크로관리','넥사크로관련 상세내용을 입력해주세요.','kh2019');
Insert into ST.PROJECT_KANBAN (PRO_KB_SEQ,PRO_SEQ,PRO_KB_PROCESS_CODE,PRO_KB_TITLE,PRO_KB_DETAILS,PRO_KB_MANAGER) values (244,24,0,'select문','칸반 관련 내용을 추가해주세요.','kh2005');
Insert into ST.PROJECT_KANBAN (PRO_KB_SEQ,PRO_SEQ,PRO_KB_PROCESS_CODE,PRO_KB_TITLE,PRO_KB_DETAILS,PRO_KB_MANAGER) values (245,24,4,'delete문','칸반 관련 내용을 추가해주세요.','kh2020');
Insert into ST.PROJECT_KANBAN (PRO_KB_SEQ,PRO_SEQ,PRO_KB_PROCESS_CODE,PRO_KB_TITLE,PRO_KB_DETAILS,PRO_KB_MANAGER) values (246,24,0,'update문','칸반 관련 내용을 추가해주세요.','kh2021');
Insert into ST.PROJECT_KANBAN (PRO_KB_SEQ,PRO_SEQ,PRO_KB_PROCESS_CODE,PRO_KB_TITLE,PRO_KB_DETAILS,PRO_KB_MANAGER) values (247,24,1,'insert문','칸반 관련 내용을 추가해주세요.','kh2014');
Insert into ST.PROJECT_KANBAN (PRO_KB_SEQ,PRO_SEQ,PRO_KB_PROCESS_CODE,PRO_KB_TITLE,PRO_KB_DETAILS,PRO_KB_MANAGER) values (248,24,0,'commit','칸반 관련 내용을 추가해주세요.','kh2006');
Insert into ST.PROJECT_KANBAN (PRO_KB_SEQ,PRO_SEQ,PRO_KB_PROCESS_CODE,PRO_KB_TITLE,PRO_KB_DETAILS,PRO_KB_MANAGER) values (59,11,3,'목업제작','목업관련 상세내용을 입력해주세요.','kh2015');
Insert into ST.PROJECT_KANBAN (PRO_KB_SEQ,PRO_SEQ,PRO_KB_PROCESS_CODE,PRO_KB_TITLE,PRO_KB_DETAILS,PRO_KB_MANAGER) values (60,11,3,'Spring/Mybatis제작','Spring/Mybatis관련 상세내용을 입력해주세요.','kh2017');
Insert into ST.PROJECT_KANBAN (PRO_KB_SEQ,PRO_SEQ,PRO_KB_PROCESS_CODE,PRO_KB_TITLE,PRO_KB_DETAILS,PRO_KB_MANAGER) values (61,11,2,'erd제작','erd관련 상세내용을 입력해주세요.','test2');
Insert into ST.PROJECT_KANBAN (PRO_KB_SEQ,PRO_SEQ,PRO_KB_PROCESS_CODE,PRO_KB_TITLE,PRO_KB_DETAILS,PRO_KB_MANAGER) values (62,11,3,'front관리','front관련 상세내용을 입력해주세요.ㅁㄴㅇㄹㅇㄴㅁㄹ','kh2006');
Insert into ST.PROJECT_KANBAN (PRO_KB_SEQ,PRO_SEQ,PRO_KB_PROCESS_CODE,PRO_KB_TITLE,PRO_KB_DETAILS,PRO_KB_MANAGER) values (243,24,2,'rollback','칸반 관련 내용을 추가해주세요.','kh2008');
Insert into ST.PROJECT_KANBAN (PRO_KB_SEQ,PRO_SEQ,PRO_KB_PROCESS_CODE,PRO_KB_TITLE,PRO_KB_DETAILS,PRO_KB_MANAGER) values (249,24,1,'Java기초 다지기','칸반 관련 내용을 추가해주세요.','kh2019');
Insert into ST.PROJECT_KANBAN (PRO_KB_SEQ,PRO_SEQ,PRO_KB_PROCESS_CODE,PRO_KB_TITLE,PRO_KB_DETAILS,PRO_KB_MANAGER) values (66,11,2,'제목 없음','칸반 관련 내용을 추가해주세요.','1111');
Insert into ST.PROJECT_KANBAN (PRO_KB_SEQ,PRO_SEQ,PRO_KB_PROCESS_CODE,PRO_KB_TITLE,PRO_KB_DETAILS,PRO_KB_MANAGER) values (67,11,3,'jsp 틀','칸반 관련 내용을 추가해주세요.','kh2022');
Insert into ST.PROJECT_KANBAN (PRO_KB_SEQ,PRO_SEQ,PRO_KB_PROCESS_CODE,PRO_KB_TITLE,PRO_KB_DETAILS,PRO_KB_MANAGER) values (250,24,1,'java응용하기','칸반 관련 내용을 추가해주세요.','kh2012');
Insert into ST.PROJECT_KANBAN (PRO_KB_SEQ,PRO_SEQ,PRO_KB_PROCESS_CODE,PRO_KB_TITLE,PRO_KB_DETAILS,PRO_KB_MANAGER) values (251,24,1,'spring framework','칸반 관련 내용을 추가해주세요.','kh2022');
Insert into ST.PROJECT_KANBAN (PRO_KB_SEQ,PRO_SEQ,PRO_KB_PROCESS_CODE,PRO_KB_TITLE,PRO_KB_DETAILS,PRO_KB_MANAGER) values (252,24,1,'jdbc','칸반 관련 내용을 추가해주세요.','kh2004');
Insert into ST.PROJECT_KANBAN (PRO_KB_SEQ,PRO_SEQ,PRO_KB_PROCESS_CODE,PRO_KB_TITLE,PRO_KB_DETAILS,PRO_KB_MANAGER) values (253,24,1,'mvc2','칸반 관련 내용을 추가해주세요.','kh2013');
Insert into ST.PROJECT_KANBAN (PRO_KB_SEQ,PRO_SEQ,PRO_KB_PROCESS_CODE,PRO_KB_TITLE,PRO_KB_DETAILS,PRO_KB_MANAGER) values (254,24,2,'coffee menu','칸반 관련 내용을 추가해주세요.','kh2018');
Insert into ST.PROJECT_KANBAN (PRO_KB_SEQ,PRO_SEQ,PRO_KB_PROCESS_CODE,PRO_KB_TITLE,PRO_KB_DETAILS,PRO_KB_MANAGER) values (255,24,3,'while문','칸반 관련 내용을 추가해주세요.','kh2011');
Insert into ST.PROJECT_KANBAN (PRO_KB_SEQ,PRO_SEQ,PRO_KB_PROCESS_CODE,PRO_KB_TITLE,PRO_KB_DETAILS,PRO_KB_MANAGER) values (256,24,4,'git 관리','칸반 관련 내용을 추가해주세요.','kh2001');
Insert into ST.PROJECT_KANBAN (PRO_KB_SEQ,PRO_SEQ,PRO_KB_PROCESS_CODE,PRO_KB_TITLE,PRO_KB_DETAILS,PRO_KB_MANAGER) values (257,24,2,'넥사크로','칸반 관련 내용을 추가해주세요.','kh2015');
Insert into ST.PROJECT_KANBAN (PRO_KB_SEQ,PRO_SEQ,PRO_KB_PROCESS_CODE,PRO_KB_TITLE,PRO_KB_DETAILS,PRO_KB_MANAGER) values (310,36,2,'목업제작','목업관련 상세내용을 입력해주세요.','kh2005');
Insert into ST.PROJECT_KANBAN (PRO_KB_SEQ,PRO_SEQ,PRO_KB_PROCESS_CODE,PRO_KB_TITLE,PRO_KB_DETAILS,PRO_KB_MANAGER) values (311,36,3,'Spring/Mybatis제작','Spring/Mybatis관련 상세내용을 입력해주세요.','kh2005');
Insert into ST.PROJECT_KANBAN (PRO_KB_SEQ,PRO_SEQ,PRO_KB_PROCESS_CODE,PRO_KB_TITLE,PRO_KB_DETAILS,PRO_KB_MANAGER) values (258,24,4,'html','칸반 관련 내용을 추가해주세요.','kh2016');
Insert into ST.PROJECT_KANBAN (PRO_KB_SEQ,PRO_SEQ,PRO_KB_PROCESS_CODE,PRO_KB_TITLE,PRO_KB_DETAILS,PRO_KB_MANAGER) values (312,36,3,'erd제작','erd관련 상세내용을 입력해주세요.','kh2005');
Insert into ST.PROJECT_KANBAN (PRO_KB_SEQ,PRO_SEQ,PRO_KB_PROCESS_CODE,PRO_KB_TITLE,PRO_KB_DETAILS,PRO_KB_MANAGER) values (313,36,1,'front관리','front관련 상세내용을 입력해주세요.','kh2005');
Insert into ST.PROJECT_KANBAN (PRO_KB_SEQ,PRO_SEQ,PRO_KB_PROCESS_CODE,PRO_KB_TITLE,PRO_KB_DETAILS,PRO_KB_MANAGER) values (314,36,2,'넥사크로관리','넥사크로관련 상세내용을 입력해주세요.','kh2005');
Insert into ST.PROJECT_KANBAN (PRO_KB_SEQ,PRO_SEQ,PRO_KB_PROCESS_CODE,PRO_KB_TITLE,PRO_KB_DETAILS,PRO_KB_MANAGER) values (259,24,3,'css','칸반 관련 내용을 추가해주세요.','kh2010');
Insert into ST.PROJECT_KANBAN (PRO_KB_SEQ,PRO_SEQ,PRO_KB_PROCESS_CODE,PRO_KB_TITLE,PRO_KB_DETAILS,PRO_KB_MANAGER) values (260,24,3,'jsp','칸반 관련 내용을 추가해주세요.','kh2017');
Insert into ST.PROJECT_KANBAN (PRO_KB_SEQ,PRO_SEQ,PRO_KB_PROCESS_CODE,PRO_KB_TITLE,PRO_KB_DETAILS,PRO_KB_MANAGER) values (261,24,3,'discord','칸반 관련 내용을 추가해주세요.','kh2007');
Insert into ST.PROJECT_KANBAN (PRO_KB_SEQ,PRO_SEQ,PRO_KB_PROCESS_CODE,PRO_KB_TITLE,PRO_KB_DETAILS,PRO_KB_MANAGER) values (262,8,2,'목업제작','목업관련 상세내용을 입력해주세요.','kh2008');
Insert into ST.PROJECT_KANBAN (PRO_KB_SEQ,PRO_SEQ,PRO_KB_PROCESS_CODE,PRO_KB_TITLE,PRO_KB_DETAILS,PRO_KB_MANAGER) values (263,8,1,'Spring/Mybatis제작','Spring/Mybatis관련 상세내용을 입력해주세요.','kh2014');
Insert into ST.PROJECT_KANBAN (PRO_KB_SEQ,PRO_SEQ,PRO_KB_PROCESS_CODE,PRO_KB_TITLE,PRO_KB_DETAILS,PRO_KB_MANAGER) values (264,8,2,'erd제작','erd관련 상세내용을 입력해주세요.','kh2007');
Insert into ST.PROJECT_KANBAN (PRO_KB_SEQ,PRO_SEQ,PRO_KB_PROCESS_CODE,PRO_KB_TITLE,PRO_KB_DETAILS,PRO_KB_MANAGER) values (265,8,3,'front관리','front관련 상세내용을 입력해주세요.','kh2002');
Insert into ST.PROJECT_KANBAN (PRO_KB_SEQ,PRO_SEQ,PRO_KB_PROCESS_CODE,PRO_KB_TITLE,PRO_KB_DETAILS,PRO_KB_MANAGER) values (266,8,3,'넥사크로관리','넥사크로관련 상세내용을 입력해주세요.','kh2021');
Insert into ST.PROJECT_KANBAN (PRO_KB_SEQ,PRO_SEQ,PRO_KB_PROCESS_CODE,PRO_KB_TITLE,PRO_KB_DETAILS,PRO_KB_MANAGER) values (267,33,0,'목업제작','목업관련 상세내용을 입력해주세요.','kh2018');
Insert into ST.PROJECT_KANBAN (PRO_KB_SEQ,PRO_SEQ,PRO_KB_PROCESS_CODE,PRO_KB_TITLE,PRO_KB_DETAILS,PRO_KB_MANAGER) values (268,33,1,'Spring/Mybatis제작','Spring/Mybatis관련 상세내용을 입력해주세요.','kh2018');
Insert into ST.PROJECT_KANBAN (PRO_KB_SEQ,PRO_SEQ,PRO_KB_PROCESS_CODE,PRO_KB_TITLE,PRO_KB_DETAILS,PRO_KB_MANAGER) values (269,33,3,'erd제작','erd관련 상세내용을 입력해주세요.','kh2018');
Insert into ST.PROJECT_KANBAN (PRO_KB_SEQ,PRO_SEQ,PRO_KB_PROCESS_CODE,PRO_KB_TITLE,PRO_KB_DETAILS,PRO_KB_MANAGER) values (270,33,0,'front관리','front관련 상세내용을 입력해주세요.','kh2018');
Insert into ST.PROJECT_KANBAN (PRO_KB_SEQ,PRO_SEQ,PRO_KB_PROCESS_CODE,PRO_KB_TITLE,PRO_KB_DETAILS,PRO_KB_MANAGER) values (271,33,3,'넥사크로관리','넥사크로관련 상세내용을 입력해주세요.','kh2018');
Insert into ST.PROJECT_KANBAN (PRO_KB_SEQ,PRO_SEQ,PRO_KB_PROCESS_CODE,PRO_KB_TITLE,PRO_KB_DETAILS,PRO_KB_MANAGER) values (340,37,0,'목업제작','목업관련 상세내용을 입력해주세요.','kh2014');
Insert into ST.PROJECT_KANBAN (PRO_KB_SEQ,PRO_SEQ,PRO_KB_PROCESS_CODE,PRO_KB_TITLE,PRO_KB_DETAILS,PRO_KB_MANAGER) values (341,37,0,'Spring/Mybatis제작','Spring/Mybatis관련 상세내용을 입력해주세요.','kh2014');
Insert into ST.PROJECT_KANBAN (PRO_KB_SEQ,PRO_SEQ,PRO_KB_PROCESS_CODE,PRO_KB_TITLE,PRO_KB_DETAILS,PRO_KB_MANAGER) values (342,37,2,'erd제작','erd관련 상세내용을 입력해주세요.','kh2014');
Insert into ST.PROJECT_KANBAN (PRO_KB_SEQ,PRO_SEQ,PRO_KB_PROCESS_CODE,PRO_KB_TITLE,PRO_KB_DETAILS,PRO_KB_MANAGER) values (343,37,0,'front관리','front관련 상세내용을 입력해주세요.','kh2014');
Insert into ST.PROJECT_KANBAN (PRO_KB_SEQ,PRO_SEQ,PRO_KB_PROCESS_CODE,PRO_KB_TITLE,PRO_KB_DETAILS,PRO_KB_MANAGER) values (344,37,0,'넥사크로관리','넥사크로관련 상세내용을 입력해주세요.','kh2014');
Insert into ST.PROJECT_KANBAN (PRO_KB_SEQ,PRO_SEQ,PRO_KB_PROCESS_CODE,PRO_KB_TITLE,PRO_KB_DETAILS,PRO_KB_MANAGER) values (141,18,1,'강사 관련 페이지 구현','강사 관련 페이지 구현','kh2020');
Insert into ST.PROJECT_KANBAN (PRO_KB_SEQ,PRO_SEQ,PRO_KB_PROCESS_CODE,PRO_KB_TITLE,PRO_KB_DETAILS,PRO_KB_MANAGER) values (142,18,2,'노션 관리','노션 및 팀 소통 ','kh2012');
Insert into ST.PROJECT_KANBAN (PRO_KB_SEQ,PRO_SEQ,PRO_KB_PROCESS_CODE,PRO_KB_TITLE,PRO_KB_DETAILS,PRO_KB_MANAGER) values (295,34,0,'Spring/Mybatis제작','Spring/Mybatis관련 상세내용을 입력해주세요.','kh2007');
Insert into ST.PROJECT_KANBAN (PRO_KB_SEQ,PRO_SEQ,PRO_KB_PROCESS_CODE,PRO_KB_TITLE,PRO_KB_DETAILS,PRO_KB_MANAGER) values (296,34,0,'erd제작','erd관련 상세내용을 입력해주세요.','kh2007');
Insert into ST.PROJECT_KANBAN (PRO_KB_SEQ,PRO_SEQ,PRO_KB_PROCESS_CODE,PRO_KB_TITLE,PRO_KB_DETAILS,PRO_KB_MANAGER) values (297,34,0,'front관리','front관련 상세내용을 입력해주세요.','kh2007');
Insert into ST.PROJECT_KANBAN (PRO_KB_SEQ,PRO_SEQ,PRO_KB_PROCESS_CODE,PRO_KB_TITLE,PRO_KB_DETAILS,PRO_KB_MANAGER) values (298,34,0,'넥사크로관리','넥사크로관련 상세내용을 입력해주세요.','kh2007');
Insert into ST.PROJECT_KANBAN (PRO_KB_SEQ,PRO_SEQ,PRO_KB_PROCESS_CODE,PRO_KB_TITLE,PRO_KB_DETAILS,PRO_KB_MANAGER) values (299,35,0,'목업제작','목업관련 상세내용을 입력해주세요.','kh2001');
Insert into ST.PROJECT_KANBAN (PRO_KB_SEQ,PRO_SEQ,PRO_KB_PROCESS_CODE,PRO_KB_TITLE,PRO_KB_DETAILS,PRO_KB_MANAGER) values (300,35,0,'Spring/Mybatis제작','Spring/Mybatis관련 상세내용을 입력해주세요.','kh2001');
Insert into ST.PROJECT_KANBAN (PRO_KB_SEQ,PRO_SEQ,PRO_KB_PROCESS_CODE,PRO_KB_TITLE,PRO_KB_DETAILS,PRO_KB_MANAGER) values (301,35,0,'erd제작','erd관련 상세내용을 입력해주세요.','kh2001');
Insert into ST.PROJECT_KANBAN (PRO_KB_SEQ,PRO_SEQ,PRO_KB_PROCESS_CODE,PRO_KB_TITLE,PRO_KB_DETAILS,PRO_KB_MANAGER) values (277,33,2,'종합정보시스템','종합정보시스템 기획 설계 및 구현','kh2005');
Insert into ST.PROJECT_KANBAN (PRO_KB_SEQ,PRO_SEQ,PRO_KB_PROCESS_CODE,PRO_KB_TITLE,PRO_KB_DETAILS,PRO_KB_MANAGER) values (278,33,2,'메인 페이지','메인 페이지기획 설계 및 구현','kh2009');
Insert into ST.PROJECT_KANBAN (PRO_KB_SEQ,PRO_SEQ,PRO_KB_PROCESS_CODE,PRO_KB_TITLE,PRO_KB_DETAILS,PRO_KB_MANAGER) values (279,33,2,'git 관리','git 관리자','kh2013');
Insert into ST.PROJECT_KANBAN (PRO_KB_SEQ,PRO_SEQ,PRO_KB_PROCESS_CODE,PRO_KB_TITLE,PRO_KB_DETAILS,PRO_KB_MANAGER) values (120,18,1,'게시판 제작 ','게시판 제작 ','kh2004');
Insert into ST.PROJECT_KANBAN (PRO_KB_SEQ,PRO_SEQ,PRO_KB_PROCESS_CODE,PRO_KB_TITLE,PRO_KB_DETAILS,PRO_KB_MANAGER) values (302,35,0,'front관리','front관련 상세내용을 입력해주세요.','kh2001');
Insert into ST.PROJECT_KANBAN (PRO_KB_SEQ,PRO_SEQ,PRO_KB_PROCESS_CODE,PRO_KB_TITLE,PRO_KB_DETAILS,PRO_KB_MANAGER) values (122,18,3,'erd제작','erd관련 상세내용을 입력해주세요.','kh2010');
Insert into ST.PROJECT_KANBAN (PRO_KB_SEQ,PRO_SEQ,PRO_KB_PROCESS_CODE,PRO_KB_TITLE,PRO_KB_DETAILS,PRO_KB_MANAGER) values (303,35,0,'넥사크로관리','넥사크로관련 상세내용을 입력해주세요.','kh2001');
Insert into ST.PROJECT_KANBAN (PRO_KB_SEQ,PRO_SEQ,PRO_KB_PROCESS_CODE,PRO_KB_TITLE,PRO_KB_DETAILS,PRO_KB_MANAGER) values (124,18,2,'넥사크로관리','넥사크로관련 상세내용을 입력해주세요.','test1');
Insert into ST.PROJECT_KANBAN (PRO_KB_SEQ,PRO_SEQ,PRO_KB_PROCESS_CODE,PRO_KB_TITLE,PRO_KB_DETAILS,PRO_KB_MANAGER) values (280,33,3,'교수 & 학생 & 관리자 back end','back end 관리자 ','kh2019');
Insert into ST.PROJECT_KANBAN (PRO_KB_SEQ,PRO_SEQ,PRO_KB_PROCESS_CODE,PRO_KB_TITLE,PRO_KB_DETAILS,PRO_KB_MANAGER) values (281,33,2,'제목 없음','칸반 관련 내용을 추가해주세요.','admin');
Insert into ST.PROJECT_KANBAN (PRO_KB_SEQ,PRO_SEQ,PRO_KB_PROCESS_CODE,PRO_KB_TITLE,PRO_KB_DETAILS,PRO_KB_MANAGER) values (282,17,1,'메인 디자인','메인 디자인 & 레이아웃 ','kh2006');
Insert into ST.PROJECT_KANBAN (PRO_KB_SEQ,PRO_SEQ,PRO_KB_PROCESS_CODE,PRO_KB_TITLE,PRO_KB_DETAILS,PRO_KB_MANAGER) values (283,17,1,'갤러리 게시판 구현','갤러리 게시판 구현','kh2022');
Insert into ST.PROJECT_KANBAN (PRO_KB_SEQ,PRO_SEQ,PRO_KB_PROCESS_CODE,PRO_KB_TITLE,PRO_KB_DETAILS,PRO_KB_MANAGER) values (284,17,3,'결재 프로세스 구현','결재 프로세스 구현','kh2016');
Insert into ST.PROJECT_KANBAN (PRO_KB_SEQ,PRO_SEQ,PRO_KB_PROCESS_CODE,PRO_KB_TITLE,PRO_KB_DETAILS,PRO_KB_MANAGER) values (285,17,1,'git 관리','git 관리','kh2015');
Insert into ST.PROJECT_KANBAN (PRO_KB_SEQ,PRO_SEQ,PRO_KB_PROCESS_CODE,PRO_KB_TITLE,PRO_KB_DETAILS,PRO_KB_MANAGER) values (286,17,1,'멤버 & 회원관리 로직','멤버 & 회원관리 로직','kh2017');
Insert into ST.PROJECT_KANBAN (PRO_KB_SEQ,PRO_SEQ,PRO_KB_PROCESS_CODE,PRO_KB_TITLE,PRO_KB_DETAILS,PRO_KB_MANAGER) values (185,24,1,'for문','목업관련 상세내용을 입력해주세요.','kh2000');
Insert into ST.PROJECT_KANBAN (PRO_KB_SEQ,PRO_SEQ,PRO_KB_PROCESS_CODE,PRO_KB_TITLE,PRO_KB_DETAILS,PRO_KB_MANAGER) values (186,24,0,'Spring/Mybatis제작','Spring/Mybatis관련 상세내용을 입력해주세요.','admin');
Insert into ST.PROJECT_KANBAN (PRO_KB_SEQ,PRO_SEQ,PRO_KB_PROCESS_CODE,PRO_KB_TITLE,PRO_KB_DETAILS,PRO_KB_MANAGER) values (187,24,2,'erd제작','erd관련 상세내용을 입력해주세요.','kh2009');
Insert into ST.PROJECT_KANBAN (PRO_KB_SEQ,PRO_SEQ,PRO_KB_PROCESS_CODE,PRO_KB_TITLE,PRO_KB_DETAILS,PRO_KB_MANAGER) values (188,24,2,'front관리','front관련 상세내용을 입력해주세요.','kh2002');
Insert into ST.PROJECT_KANBAN (PRO_KB_SEQ,PRO_SEQ,PRO_KB_PROCESS_CODE,PRO_KB_TITLE,PRO_KB_DETAILS,PRO_KB_MANAGER) values (189,24,0,'넥사크로관리','넥사크로관련 상세내용을 입력해주세요.','1111');
Insert into ST.PROJECT_KANBAN (PRO_KB_SEQ,PRO_SEQ,PRO_KB_PROCESS_CODE,PRO_KB_TITLE,PRO_KB_DETAILS,PRO_KB_MANAGER) values (190,24,1,'별찍기','칸반 관련 내용을 추가해주세요.','kh2003');
Insert into ST.PROJECT_KANBAN (PRO_KB_SEQ,PRO_SEQ,PRO_KB_PROCESS_CODE,PRO_KB_TITLE,PRO_KB_DETAILS,PRO_KB_MANAGER) values (287,18,2,'회원 관리 & 멤버리스트','회원 관리 & 멤버리스트','kh2011');
Insert into ST.PROJECT_KANBAN (PRO_KB_SEQ,PRO_SEQ,PRO_KB_PROCESS_CODE,PRO_KB_TITLE,PRO_KB_DETAILS,PRO_KB_MANAGER) values (288,18,2,'댓글 & 대댓글 구현 ','댓글 & 대댓글 구현','kh2001');
Insert into ST.PROJECT_KANBAN (PRO_KB_SEQ,PRO_SEQ,PRO_KB_PROCESS_CODE,PRO_KB_TITLE,PRO_KB_DETAILS,PRO_KB_MANAGER) values (289,19,0,'목업제작','목업관련 상세내용을 입력해주세요.','test2');
Insert into ST.PROJECT_KANBAN (PRO_KB_SEQ,PRO_SEQ,PRO_KB_PROCESS_CODE,PRO_KB_TITLE,PRO_KB_DETAILS,PRO_KB_MANAGER) values (290,19,0,'Spring/Mybatis제작','Spring/Mybatis관련 상세내용을 입력해주세요.','test2');
Insert into ST.PROJECT_KANBAN (PRO_KB_SEQ,PRO_SEQ,PRO_KB_PROCESS_CODE,PRO_KB_TITLE,PRO_KB_DETAILS,PRO_KB_MANAGER) values (291,19,0,'erd제작','erd관련 상세내용을 입력해주세요.','test2');
Insert into ST.PROJECT_KANBAN (PRO_KB_SEQ,PRO_SEQ,PRO_KB_PROCESS_CODE,PRO_KB_TITLE,PRO_KB_DETAILS,PRO_KB_MANAGER) values (292,19,0,'front관리','front관련 상세내용을 입력해주세요.','test2');
Insert into ST.PROJECT_KANBAN (PRO_KB_SEQ,PRO_SEQ,PRO_KB_PROCESS_CODE,PRO_KB_TITLE,PRO_KB_DETAILS,PRO_KB_MANAGER) values (70,11,0,'제목 없음','칸반 관련 내용을 추가해주세요.','1111');
Insert into ST.PROJECT_KANBAN (PRO_KB_SEQ,PRO_SEQ,PRO_KB_PROCESS_CODE,PRO_KB_TITLE,PRO_KB_DETAILS,PRO_KB_MANAGER) values (293,19,0,'넥사크로관리','넥사크로관련 상세내용을 입력해주세요.','test2');
Insert into ST.PROJECT_KANBAN (PRO_KB_SEQ,PRO_SEQ,PRO_KB_PROCESS_CODE,PRO_KB_TITLE,PRO_KB_DETAILS,PRO_KB_MANAGER) values (72,11,3,'spring framework','칸반 관련 내용을 추가해주세요.','kh2016');
Insert into ST.PROJECT_KANBAN (PRO_KB_SEQ,PRO_SEQ,PRO_KB_PROCESS_CODE,PRO_KB_TITLE,PRO_KB_DETAILS,PRO_KB_MANAGER) values (294,34,0,'목업제작','목업관련 상세내용을 입력해주세요.','kh2007');
REM INSERTING into ST.PROJECT_KB_PROCESS_CODE
SET DEFINE OFF;
Insert into ST.PROJECT_KB_PROCESS_CODE (PRO_KB_PROCESS_CODE,PRO_KB_PROCESS_NAME) values (0,'진행상태 없음');
Insert into ST.PROJECT_KB_PROCESS_CODE (PRO_KB_PROCESS_CODE,PRO_KB_PROCESS_NAME) values (1,'시작전');
Insert into ST.PROJECT_KB_PROCESS_CODE (PRO_KB_PROCESS_CODE,PRO_KB_PROCESS_NAME) values (2,'진행중');
Insert into ST.PROJECT_KB_PROCESS_CODE (PRO_KB_PROCESS_CODE,PRO_KB_PROCESS_NAME) values (3,'완료');
Insert into ST.PROJECT_KB_PROCESS_CODE (PRO_KB_PROCESS_CODE,PRO_KB_PROCESS_NAME) values (4,'중지');
REM INSERTING into ST.SCHEDULE
SET DEFINE OFF;
Insert into ST.SCHEDULE (SCH_SEQ,SCH_TITLE,SCH_CONTENTS,SCH_START_DATE,SCH_END_DATE,SCH_TYPE,SCH_ID) values (1,'파이널 프로젝트 일정관리','파이널 프로젝트 일정관리 기능만들자',to_date('21/02/09','RR/MM/DD'),to_date('21/02/12','RR/MM/DD'),null,'1111');
Insert into ST.SCHEDULE (SCH_SEQ,SCH_TITLE,SCH_CONTENTS,SCH_START_DATE,SCH_END_DATE,SCH_TYPE,SCH_ID) values (122,'전체회의','전체회의',to_date('21/03/08','RR/MM/DD'),to_date('21/03/10','RR/MM/DD'),null,'kh2012');
Insert into ST.SCHEDULE (SCH_SEQ,SCH_TITLE,SCH_CONTENTS,SCH_START_DATE,SCH_END_DATE,SCH_TYPE,SCH_ID) values (50,'1234','1234',to_date('21/02/03','RR/MM/DD'),to_date('21/02/05','RR/MM/DD'),null,'1111');
Insert into ST.SCHEDULE (SCH_SEQ,SCH_TITLE,SCH_CONTENTS,SCH_START_DATE,SCH_END_DATE,SCH_TYPE,SCH_ID) values (75,'팀 회의','개발개발해',to_date('21/02/21','RR/MM/DD'),to_date('21/02/21','RR/MM/DD'),null,'hoihoi914');
Insert into ST.SCHEDULE (SCH_SEQ,SCH_TITLE,SCH_CONTENTS,SCH_START_DATE,SCH_END_DATE,SCH_TYPE,SCH_ID) values (114,'OO테크 OOO부장 미팅','.',to_date('21/03/03','RR/MM/DD'),to_date('21/03/04','RR/MM/DD'),null,'kh2001');
Insert into ST.SCHEDULE (SCH_SEQ,SCH_TITLE,SCH_CONTENTS,SCH_START_DATE,SCH_END_DATE,SCH_TYPE,SCH_ID) values (121,'저녁','오늘 뭐먹지',to_date('21/03/08','RR/MM/DD'),to_date('21/03/08','RR/MM/DD'),null,'kh2013');
Insert into ST.SCHEDULE (SCH_SEQ,SCH_TITLE,SCH_CONTENTS,SCH_START_DATE,SCH_END_DATE,SCH_TYPE,SCH_ID) values (123,'회의','회의',to_date('21/03/08','RR/MM/DD'),to_date('21/03/08','RR/MM/DD'),null,'test1');
Insert into ST.SCHEDULE (SCH_SEQ,SCH_TITLE,SCH_CONTENTS,SCH_START_DATE,SCH_END_DATE,SCH_TYPE,SCH_ID) values (124,'생일','아물론 내생일은 아님',to_date('21/03/20','RR/MM/DD'),to_date('21/03/20','RR/MM/DD'),null,'kh2011');
Insert into ST.SCHEDULE (SCH_SEQ,SCH_TITLE,SCH_CONTENTS,SCH_START_DATE,SCH_END_DATE,SCH_TYPE,SCH_ID) values (125,'팀 회의','ㅁㅇㄴ',to_date('21/03/08','RR/MM/DD'),to_date('21/03/08','RR/MM/DD'),null,'kh2007');
Insert into ST.SCHEDULE (SCH_SEQ,SCH_TITLE,SCH_CONTENTS,SCH_START_DATE,SCH_END_DATE,SCH_TYPE,SCH_ID) values (131,'종강','종강이다',to_date('21/03/08','RR/MM/DD'),to_date('21/03/08','RR/MM/DD'),null,'kh2019');
Insert into ST.SCHEDULE (SCH_SEQ,SCH_TITLE,SCH_CONTENTS,SCH_START_DATE,SCH_END_DATE,SCH_TYPE,SCH_ID) values (132,'퇴근하기','먼저 퇴근해보겠습니다',to_date('21/03/08','RR/MM/DD'),to_date('21/03/08','RR/MM/DD'),null,'kh2017');
Insert into ST.SCHEDULE (SCH_SEQ,SCH_TITLE,SCH_CONTENTS,SCH_START_DATE,SCH_END_DATE,SCH_TYPE,SCH_ID) values (136,'1616','5161',to_date('21/03/11','RR/MM/DD'),to_date('21/03/19','RR/MM/DD'),null,'kh2005');
Insert into ST.SCHEDULE (SCH_SEQ,SCH_TITLE,SCH_CONTENTS,SCH_START_DATE,SCH_END_DATE,SCH_TYPE,SCH_ID) values (138,'ㅇㅅㅇㅇㅅㅇ','ㅇㅅㅇㅇㅅㅇ',to_date('21/03/08','RR/MM/DD'),to_date('21/03/08','RR/MM/DD'),null,'kh2018');
Insert into ST.SCHEDULE (SCH_SEQ,SCH_TITLE,SCH_CONTENTS,SCH_START_DATE,SCH_END_DATE,SCH_TYPE,SCH_ID) values (139,'1111','1111',to_date('21/03/08','RR/MM/DD'),to_date('21/03/08','RR/MM/DD'),null,'kh2018');
Insert into ST.SCHEDULE (SCH_SEQ,SCH_TITLE,SCH_CONTENTS,SCH_START_DATE,SCH_END_DATE,SCH_TYPE,SCH_ID) values (150,'회사 야유회','팀워크 향상',to_date('21/03/13','RR/MM/DD'),to_date('21/03/14','RR/MM/DD'),null,'kh2015');
Insert into ST.SCHEDULE (SCH_SEQ,SCH_TITLE,SCH_CONTENTS,SCH_START_DATE,SCH_END_DATE,SCH_TYPE,SCH_ID) values (10,'가보자','가보자',to_date('21/02/17','RR/MM/DD'),to_date('21/02/20','RR/MM/DD'),null,'1111');
Insert into ST.SCHEDULE (SCH_SEQ,SCH_TITLE,SCH_CONTENTS,SCH_START_DATE,SCH_END_DATE,SCH_TYPE,SCH_ID) values (66,'내일정','ㄹㄹㄹ',to_date('21/02/17','RR/MM/DD'),to_date('21/02/10','RR/MM/DD'),null,'1111');
Insert into ST.SCHEDULE (SCH_SEQ,SCH_TITLE,SCH_CONTENTS,SCH_START_DATE,SCH_END_DATE,SCH_TYPE,SCH_ID) values (59,'44444444','44444444444',to_date('21/02/22','RR/MM/DD'),to_date('21/02/22','RR/MM/DD'),null,'1111');
Insert into ST.SCHEDULE (SCH_SEQ,SCH_TITLE,SCH_CONTENTS,SCH_START_DATE,SCH_END_DATE,SCH_TYPE,SCH_ID) values (6,'3월 일정입니다','3월 일정',to_date('21/03/16','RR/MM/DD'),to_date('21/03/19','RR/MM/DD'),null,'1111');
Insert into ST.SCHEDULE (SCH_SEQ,SCH_TITLE,SCH_CONTENTS,SCH_START_DATE,SCH_END_DATE,SCH_TYPE,SCH_ID) values (7,'파이널 디버깅','파이널 디버깅',to_date('21/03/01','RR/MM/DD'),to_date('21/03/05','RR/MM/DD'),null,'1111');
Insert into ST.SCHEDULE (SCH_SEQ,SCH_TITLE,SCH_CONTENTS,SCH_START_DATE,SCH_END_DATE,SCH_TYPE,SCH_ID) values (11,'제발','제발',to_date('21/02/21','RR/MM/DD'),to_date('21/02/23','RR/MM/DD'),null,'1111');
Insert into ST.SCHEDULE (SCH_SEQ,SCH_TITLE,SCH_CONTENTS,SCH_START_DATE,SCH_END_DATE,SCH_TYPE,SCH_ID) values (60,'sdaasdasd','asddadas',to_date('21/02/03','RR/MM/DD'),to_date('21/02/03','RR/MM/DD'),null,'1111');
Insert into ST.SCHEDULE (SCH_SEQ,SCH_TITLE,SCH_CONTENTS,SCH_START_DATE,SCH_END_DATE,SCH_TYPE,SCH_ID) values (61,'222222222222','222222222222222',to_date('21/02/10','RR/MM/DD'),to_date('21/02/10','RR/MM/DD'),null,'1111');
Insert into ST.SCHEDULE (SCH_SEQ,SCH_TITLE,SCH_CONTENTS,SCH_START_DATE,SCH_END_DATE,SCH_TYPE,SCH_ID) values (62,'12314324','123142323',to_date('21/02/10','RR/MM/DD'),to_date('21/02/10','RR/MM/DD'),null,'1111');
Insert into ST.SCHEDULE (SCH_SEQ,SCH_TITLE,SCH_CONTENTS,SCH_START_DATE,SCH_END_DATE,SCH_TYPE,SCH_ID) values (63,'밥먹기','밥먹기',to_date('21/02/19','RR/MM/DD'),to_date('21/02/19','RR/MM/DD'),null,'1111');
Insert into ST.SCHEDULE (SCH_SEQ,SCH_TITLE,SCH_CONTENTS,SCH_START_DATE,SCH_END_DATE,SCH_TYPE,SCH_ID) values (65,'나야나','하하하',to_date('21/02/18','RR/MM/DD'),to_date('21/02/04','RR/MM/DD'),null,'1111');
Insert into ST.SCHEDULE (SCH_SEQ,SCH_TITLE,SCH_CONTENTS,SCH_START_DATE,SCH_END_DATE,SCH_TYPE,SCH_ID) values (67,'내일정','ㄴㅁ',to_date('21/02/17','RR/MM/DD'),to_date('21/02/04','RR/MM/DD'),null,'1111');
Insert into ST.SCHEDULE (SCH_SEQ,SCH_TITLE,SCH_CONTENTS,SCH_START_DATE,SCH_END_DATE,SCH_TYPE,SCH_ID) values (133,'오늘의 일정','오늘의 일정',to_date('21/03/08','RR/MM/DD'),to_date('21/03/09','RR/MM/DD'),null,'kh2010');
Insert into ST.SCHEDULE (SCH_SEQ,SCH_TITLE,SCH_CONTENTS,SCH_START_DATE,SCH_END_DATE,SCH_TYPE,SCH_ID) values (69,'내일정','내일정',to_date('21/02/17','RR/MM/DD'),to_date('21/02/20','RR/MM/DD'),null,'test1');
Insert into ST.SCHEDULE (SCH_SEQ,SCH_TITLE,SCH_CONTENTS,SCH_START_DATE,SCH_END_DATE,SCH_TYPE,SCH_ID) values (70,'ㅠㅠㄷ','ㅠㄷ諭',to_date('21/02/15','RR/MM/DD'),to_date('21/02/25','RR/MM/DD'),null,'test2');
Insert into ST.SCHEDULE (SCH_SEQ,SCH_TITLE,SCH_CONTENTS,SCH_START_DATE,SCH_END_DATE,SCH_TYPE,SCH_ID) values (72,'ㅇㄴㅁ','ㅇㄴㅁ',to_date('21/02/15','RR/MM/DD'),to_date('21/02/25','RR/MM/DD'),null,'test2');
Insert into ST.SCHEDULE (SCH_SEQ,SCH_TITLE,SCH_CONTENTS,SCH_START_DATE,SCH_END_DATE,SCH_TYPE,SCH_ID) values (73,'dfsadss22','dfasdss22',to_date('21/02/03','RR/MM/DD'),to_date('21/02/05','RR/MM/DD'),null,'1111');
Insert into ST.SCHEDULE (SCH_SEQ,SCH_TITLE,SCH_CONTENTS,SCH_START_DATE,SCH_END_DATE,SCH_TYPE,SCH_ID) values (134,'ㅠㅠㄷ','ㅇㄹㅇㄹ',to_date('21/03/08','RR/MM/DD'),to_date('21/03/22','RR/MM/DD'),null,'kh2010');
Insert into ST.SCHEDULE (SCH_SEQ,SCH_TITLE,SCH_CONTENTS,SCH_START_DATE,SCH_END_DATE,SCH_TYPE,SCH_ID) values (137,'ㅇㅅㅇ','ㅇㅅㅇ',to_date('21/03/08','RR/MM/DD'),to_date('21/03/08','RR/MM/DD'),null,'kh2018');
Insert into ST.SCHEDULE (SCH_SEQ,SCH_TITLE,SCH_CONTENTS,SCH_START_DATE,SCH_END_DATE,SCH_TYPE,SCH_ID) values (140,'3~4월프로젝트','123',to_date('21/03/27','RR/MM/DD'),to_date('21/04/09','RR/MM/DD'),null,'kh2005');
Insert into ST.SCHEDULE (SCH_SEQ,SCH_TITLE,SCH_CONTENTS,SCH_START_DATE,SCH_END_DATE,SCH_TYPE,SCH_ID) values (141,'졸려요...','흐엉....',to_date('21/03/08','RR/MM/DD'),to_date('21/03/12','RR/MM/DD'),null,'kh2018');
Insert into ST.SCHEDULE (SCH_SEQ,SCH_TITLE,SCH_CONTENTS,SCH_START_DATE,SCH_END_DATE,SCH_TYPE,SCH_ID) values (142,'3~4월프로젝트2','123',to_date('21/03/25','RR/MM/DD'),to_date('21/04/09','RR/MM/DD'),null,'kh2005');
Insert into ST.SCHEDULE (SCH_SEQ,SCH_TITLE,SCH_CONTENTS,SCH_START_DATE,SCH_END_DATE,SCH_TYPE,SCH_ID) values (143,'3~4월프로젝트23','12',to_date('21/03/25','RR/MM/DD'),to_date('21/04/09','RR/MM/DD'),null,'kh2005');
Insert into ST.SCHEDULE (SCH_SEQ,SCH_TITLE,SCH_CONTENTS,SCH_START_DATE,SCH_END_DATE,SCH_TYPE,SCH_ID) values (144,'눈이 화끈...','ㅇ_ㅇ',to_date('21/03/08','RR/MM/DD'),to_date('21/03/20','RR/MM/DD'),null,'kh2018');
Insert into ST.SCHEDULE (SCH_SEQ,SCH_TITLE,SCH_CONTENTS,SCH_START_DATE,SCH_END_DATE,SCH_TYPE,SCH_ID) values (145,'3~4월프로젝트234','123',to_date('21/03/26','RR/MM/DD'),to_date('21/04/09','RR/MM/DD'),null,'kh2005');
Insert into ST.SCHEDULE (SCH_SEQ,SCH_TITLE,SCH_CONTENTS,SCH_START_DATE,SCH_END_DATE,SCH_TYPE,SCH_ID) values (146,'3~4월프로젝트2344','123',to_date('21/03/26','RR/MM/DD'),to_date('21/04/09','RR/MM/DD'),null,'kh2005');
Insert into ST.SCHEDULE (SCH_SEQ,SCH_TITLE,SCH_CONTENTS,SCH_START_DATE,SCH_END_DATE,SCH_TYPE,SCH_ID) values (64,'내일정','하하',to_date('21/02/11','RR/MM/DD'),to_date('21/02/12','RR/MM/DD'),null,'1111');
Insert into ST.SCHEDULE (SCH_SEQ,SCH_TITLE,SCH_CONTENTS,SCH_START_DATE,SCH_END_DATE,SCH_TYPE,SCH_ID) values (96,'12312','123121',to_date('21/02/09','RR/MM/DD'),to_date('21/02/08','RR/MM/DD'),null,'1111');
Insert into ST.SCHEDULE (SCH_SEQ,SCH_TITLE,SCH_CONTENTS,SCH_START_DATE,SCH_END_DATE,SCH_TYPE,SCH_ID) values (94,'ㅁㄴㅇㅁㄴㅇ','ㅁㄴㅇㅁㄴㅇㅁㅇㄴ',to_date('21/02/25','RR/MM/DD'),to_date('21/02/25','RR/MM/DD'),null,'1111');
Insert into ST.SCHEDULE (SCH_SEQ,SCH_TITLE,SCH_CONTENTS,SCH_START_DATE,SCH_END_DATE,SCH_TYPE,SCH_ID) values (95,'1231','2131231',to_date('21/02/16','RR/MM/DD'),to_date('21/02/08','RR/MM/DD'),null,'1111');
Insert into ST.SCHEDULE (SCH_SEQ,SCH_TITLE,SCH_CONTENTS,SCH_START_DATE,SCH_END_DATE,SCH_TYPE,SCH_ID) values (97,'1111','1111',to_date('21/02/23','RR/MM/DD'),to_date('21/02/10','RR/MM/DD'),null,'1111');
Insert into ST.SCHEDULE (SCH_SEQ,SCH_TITLE,SCH_CONTENTS,SCH_START_DATE,SCH_END_DATE,SCH_TYPE,SCH_ID) values (98,'asdasd','asdasd',to_date('21/02/15','RR/MM/DD'),to_date('21/02/17','RR/MM/DD'),null,'1111');
Insert into ST.SCHEDULE (SCH_SEQ,SCH_TITLE,SCH_CONTENTS,SCH_START_DATE,SCH_END_DATE,SCH_TYPE,SCH_ID) values (99,'777777','7777777',to_date('21/02/16','RR/MM/DD'),to_date('21/02/09','RR/MM/DD'),null,'1111');
Insert into ST.SCHEDULE (SCH_SEQ,SCH_TITLE,SCH_CONTENTS,SCH_START_DATE,SCH_END_DATE,SCH_TYPE,SCH_ID) values (100,'12313','123123132',to_date('21/02/23','RR/MM/DD'),to_date('21/02/15','RR/MM/DD'),null,'1111');
Insert into ST.SCHEDULE (SCH_SEQ,SCH_TITLE,SCH_CONTENTS,SCH_START_DATE,SCH_END_DATE,SCH_TYPE,SCH_ID) values (104,'asdasd','adsadsdas',to_date('21/02/25','RR/MM/DD'),to_date('21/02/25','RR/MM/DD'),null,'1111');
Insert into ST.SCHEDULE (SCH_SEQ,SCH_TITLE,SCH_CONTENTS,SCH_START_DATE,SCH_END_DATE,SCH_TYPE,SCH_ID) values (102,'321213','13213',to_date('21/02/22','RR/MM/DD'),to_date('21/02/17','RR/MM/DD'),null,'1111');
Insert into ST.SCHEDULE (SCH_SEQ,SCH_TITLE,SCH_CONTENTS,SCH_START_DATE,SCH_END_DATE,SCH_TYPE,SCH_ID) values (103,'21313123','2131231',to_date('21/02/16','RR/MM/DD'),to_date('21/02/11','RR/MM/DD'),null,'1111');
Insert into ST.SCHEDULE (SCH_SEQ,SCH_TITLE,SCH_CONTENTS,SCH_START_DATE,SCH_END_DATE,SCH_TYPE,SCH_ID) values (117,'OO테크 OOO부장 미팅','..',to_date('21/03/08','RR/MM/DD'),to_date('21/03/10','RR/MM/DD'),null,'kh2002');
Insert into ST.SCHEDULE (SCH_SEQ,SCH_TITLE,SCH_CONTENTS,SCH_START_DATE,SCH_END_DATE,SCH_TYPE,SCH_ID) values (119,'휴식','밥먹고 아무것도 안하기',to_date('21/03/01','RR/MM/DD'),to_date('21/03/26','RR/MM/DD'),null,'kh2016');
Insert into ST.SCHEDULE (SCH_SEQ,SCH_TITLE,SCH_CONTENTS,SCH_START_DATE,SCH_END_DATE,SCH_TYPE,SCH_ID) values (120,'면접','면접 관리해봅시다.',to_date('21/03/09','RR/MM/DD'),to_date('21/03/12','RR/MM/DD'),null,'kh2006');
Insert into ST.SCHEDULE (SCH_SEQ,SCH_TITLE,SCH_CONTENTS,SCH_START_DATE,SCH_END_DATE,SCH_TYPE,SCH_ID) values (126,'단합대회','코로나 시국이로 인해 단합대회는 줌으로 합니다. ',to_date('21/03/08','RR/MM/DD'),to_date('21/03/08','RR/MM/DD'),null,'kh2020');
Insert into ST.SCHEDULE (SCH_SEQ,SCH_TITLE,SCH_CONTENTS,SCH_START_DATE,SCH_END_DATE,SCH_TYPE,SCH_ID) values (147,'일정이 몇개까지 추가가 될까요오','ㅇㅅㅇ',to_date('21/03/08','RR/MM/DD'),to_date('21/03/22','RR/MM/DD'),null,'kh2018');
Insert into ST.SCHEDULE (SCH_SEQ,SCH_TITLE,SCH_CONTENTS,SCH_START_DATE,SCH_END_DATE,SCH_TYPE,SCH_ID) values (148,'3123','123',to_date('21/03/25','RR/MM/DD'),to_date('21/04/09','RR/MM/DD'),null,'kh2005');
Insert into ST.SCHEDULE (SCH_SEQ,SCH_TITLE,SCH_CONTENTS,SCH_START_DATE,SCH_END_DATE,SCH_TYPE,SCH_ID) values (149,'똬란~','ㅇㅅㅇ',to_date('21/03/08','RR/MM/DD'),to_date('21/03/22','RR/MM/DD'),null,'kh2018');
Insert into ST.SCHEDULE (SCH_SEQ,SCH_TITLE,SCH_CONTENTS,SCH_START_DATE,SCH_END_DATE,SCH_TYPE,SCH_ID) values (9,'새로운 일정 새로운 일정','새로운 일정',to_date('21/02/07','RR/MM/DD'),to_date('21/02/10','RR/MM/DD'),null,'1111');
Insert into ST.SCHEDULE (SCH_SEQ,SCH_TITLE,SCH_CONTENTS,SCH_START_DATE,SCH_END_DATE,SCH_TYPE,SCH_ID) values (57,'333333333333','33333333333',to_date('21/02/17','RR/MM/DD'),to_date('21/02/17','RR/MM/DD'),null,'1111');
Insert into ST.SCHEDULE (SCH_SEQ,SCH_TITLE,SCH_CONTENTS,SCH_START_DATE,SCH_END_DATE,SCH_TYPE,SCH_ID) values (49,'33','33',to_date('21/02/01','RR/MM/DD'),to_date('21/02/02','RR/MM/DD'),null,'1111');
Insert into ST.SCHEDULE (SCH_SEQ,SCH_TITLE,SCH_CONTENTS,SCH_START_DATE,SCH_END_DATE,SCH_TYPE,SCH_ID) values (105,'asd','asd',to_date('21/02/02','RR/MM/DD'),to_date('21/02/02','RR/MM/DD'),null,'1111');
Insert into ST.SCHEDULE (SCH_SEQ,SCH_TITLE,SCH_CONTENTS,SCH_START_DATE,SCH_END_DATE,SCH_TYPE,SCH_ID) values (115,'아이티앤비즈면접','김근수 양혜림 한명환 김지영',to_date('21/03/03','RR/MM/DD'),to_date('21/03/03','RR/MM/DD'),null,'admin');
Insert into ST.SCHEDULE (SCH_SEQ,SCH_TITLE,SCH_CONTENTS,SCH_START_DATE,SCH_END_DATE,SCH_TYPE,SCH_ID) values (86,'22','2222',to_date('21/02/24','RR/MM/DD'),to_date('21/02/26','RR/MM/DD'),null,'1111');
Insert into ST.SCHEDULE (SCH_SEQ,SCH_TITLE,SCH_CONTENTS,SCH_START_DATE,SCH_END_DATE,SCH_TYPE,SCH_ID) values (88,'6666','666666',to_date('21/02/21','RR/MM/DD'),to_date('21/02/23','RR/MM/DD'),null,'1111');
Insert into ST.SCHEDULE (SCH_SEQ,SCH_TITLE,SCH_CONTENTS,SCH_START_DATE,SCH_END_DATE,SCH_TYPE,SCH_ID) values (116,'우리씨앤씨면접','갸아아악',to_date('21/03/04','RR/MM/DD'),to_date('21/03/04','RR/MM/DD'),null,'admin');
Insert into ST.SCHEDULE (SCH_SEQ,SCH_TITLE,SCH_CONTENTS,SCH_START_DATE,SCH_END_DATE,SCH_TYPE,SCH_ID) values (90,'asdadasd','asddasasdad',to_date('21/02/26','RR/MM/DD'),to_date('21/02/27','RR/MM/DD'),null,'1111');
Insert into ST.SCHEDULE (SCH_SEQ,SCH_TITLE,SCH_CONTENTS,SCH_START_DATE,SCH_END_DATE,SCH_TYPE,SCH_ID) values (93,'ㅁㄴㅇㅁㄴㅇ','ㅁㄴㅇㅁㄴㅇ',to_date('21/02/24','RR/MM/DD'),to_date('21/02/24','RR/MM/DD'),null,'1111');
Insert into ST.SCHEDULE (SCH_SEQ,SCH_TITLE,SCH_CONTENTS,SCH_START_DATE,SCH_END_DATE,SCH_TYPE,SCH_ID) values (12,'제발요 제발요','제발',to_date('21/02/24','RR/MM/DD'),to_date('21/02/26','RR/MM/DD'),null,'1111');
Insert into ST.SCHEDULE (SCH_SEQ,SCH_TITLE,SCH_CONTENTS,SCH_START_DATE,SCH_END_DATE,SCH_TYPE,SCH_ID) values (80,'일정 테스트','ㅇㄹㅈㄹㅈ',to_date('21/02/26','RR/MM/DD'),to_date('21/02/09','RR/MM/DD'),null,'test1');
Insert into ST.SCHEDULE (SCH_SEQ,SCH_TITLE,SCH_CONTENTS,SCH_START_DATE,SCH_END_DATE,SCH_TYPE,SCH_ID) values (14,'4월 일정','4월 일정',to_date('21/04/05','RR/MM/DD'),to_date('21/04/08','RR/MM/DD'),null,'1111');
Insert into ST.SCHEDULE (SCH_SEQ,SCH_TITLE,SCH_CONTENTS,SCH_START_DATE,SCH_END_DATE,SCH_TYPE,SCH_ID) values (107,'테스트임니다','ㅇㅅㅇ',to_date('21/02/02','RR/MM/DD'),to_date('21/02/28','RR/MM/DD'),null,'1111');
Insert into ST.SCHEDULE (SCH_SEQ,SCH_TITLE,SCH_CONTENTS,SCH_START_DATE,SCH_END_DATE,SCH_TYPE,SCH_ID) values (82,'일정 테스트','ㅅㄷㄴㅅ',to_date('21/02/08','RR/MM/DD'),to_date('21/02/18','RR/MM/DD'),null,'test1');
Insert into ST.SCHEDULE (SCH_SEQ,SCH_TITLE,SCH_CONTENTS,SCH_START_DATE,SCH_END_DATE,SCH_TYPE,SCH_ID) values (81,'일정 테스트','ㅅㄷㄴㅅ',to_date('21/02/26','RR/MM/DD'),to_date('21/02/01','RR/MM/DD'),null,'test1');
Insert into ST.SCHEDULE (SCH_SEQ,SCH_TITLE,SCH_CONTENTS,SCH_START_DATE,SCH_END_DATE,SCH_TYPE,SCH_ID) values (83,'일정 테스트','ㅅㄷㄴㅅ',to_date('21/02/26','RR/MM/DD'),to_date('21/02/27','RR/MM/DD'),null,'test1');
Insert into ST.SCHEDULE (SCH_SEQ,SCH_TITLE,SCH_CONTENTS,SCH_START_DATE,SCH_END_DATE,SCH_TYPE,SCH_ID) values (84,'일정 테스트','ㅅㄷㄴㅅ',to_date('21/02/24','RR/MM/DD'),to_date('21/02/24','RR/MM/DD'),null,'test1');
Insert into ST.SCHEDULE (SCH_SEQ,SCH_TITLE,SCH_CONTENTS,SCH_START_DATE,SCH_END_DATE,SCH_TYPE,SCH_ID) values (109,'테스ㅡㅡㅡ트','ㅁㄴㅇㄹ',to_date('21/02/03','RR/MM/DD'),to_date('21/02/04','RR/MM/DD'),null,'1111');
Insert into ST.SCHEDULE (SCH_SEQ,SCH_TITLE,SCH_CONTENTS,SCH_START_DATE,SCH_END_DATE,SCH_TYPE,SCH_ID) values (108,'테슷','ㅇㅅㅇ',to_date('21/02/03','RR/MM/DD'),to_date('21/02/03','RR/MM/DD'),null,'1111');
Insert into ST.SCHEDULE (SCH_SEQ,SCH_TITLE,SCH_CONTENTS,SCH_START_DATE,SCH_END_DATE,SCH_TYPE,SCH_ID) values (110,'test','dtd',to_date('21/03/01','RR/MM/DD'),to_date('21/03/01','RR/MM/DD'),null,'1111');
Insert into ST.SCHEDULE (SCH_SEQ,SCH_TITLE,SCH_CONTENTS,SCH_START_DATE,SCH_END_DATE,SCH_TYPE,SCH_ID) values (111,'tdt','tdt',to_date('21/02/01','RR/MM/DD'),to_date('21/03/03','RR/MM/DD'),null,'1111');
Insert into ST.SCHEDULE (SCH_SEQ,SCH_TITLE,SCH_CONTENTS,SCH_START_DATE,SCH_END_DATE,SCH_TYPE,SCH_ID) values (112,'asdf','asdf',to_date('21/03/01','RR/MM/DD'),to_date('21/03/02','RR/MM/DD'),null,'1111');
Insert into ST.SCHEDULE (SCH_SEQ,SCH_TITLE,SCH_CONTENTS,SCH_START_DATE,SCH_END_DATE,SCH_TYPE,SCH_ID) values (113,'dd','ddd',to_date('21/03/18','RR/MM/DD'),to_date('21/03/26','RR/MM/DD'),null,'test7');
Insert into ST.SCHEDULE (SCH_SEQ,SCH_TITLE,SCH_CONTENTS,SCH_START_DATE,SCH_END_DATE,SCH_TYPE,SCH_ID) values (118,'팀 회의','개발팀 전체 팀회의',to_date('21/03/08','RR/MM/DD'),to_date('21/03/08','RR/MM/DD'),null,'kh2006');
REM INSERTING into ST.STANDARD_TIME
SET DEFINE OFF;
Insert into ST.STANDARD_TIME (STANDARD_TIME_ATTENDANCE,STANDARD_TIME_LEAVE,STANDARD_TIME_NIGHT) values ('090059','180000','190000');
REM INSERTING into ST.TNA
SET DEFINE OFF;
Insert into ST.TNA (TNA_SEQ,TNA_ID,TNA_START_TIME,TNA_END_TIME,TNA_START_STATUS_CODE,TNA_END_STATUS_CODE) values (1,'1111',to_date('19/01/21','RR/MM/DD'),to_date('19/01/21','RR/MM/DD'),2,9);
Insert into ST.TNA (TNA_SEQ,TNA_ID,TNA_START_TIME,TNA_END_TIME,TNA_START_STATUS_CODE,TNA_END_STATUS_CODE) values (7,'test1',to_date('21/01/29','RR/MM/DD'),to_date('21/01/29','RR/MM/DD'),3,8);
Insert into ST.TNA (TNA_SEQ,TNA_ID,TNA_START_TIME,TNA_END_TIME,TNA_START_STATUS_CODE,TNA_END_STATUS_CODE) values (10,'test1',to_date('21/02/02','RR/MM/DD'),to_date('21/02/02','RR/MM/DD'),3,8);
Insert into ST.TNA (TNA_SEQ,TNA_ID,TNA_START_TIME,TNA_END_TIME,TNA_START_STATUS_CODE,TNA_END_STATUS_CODE) values (12,'1111',to_date('21/02/05','RR/MM/DD'),to_date('21/02/05','RR/MM/DD'),3,9);
Insert into ST.TNA (TNA_SEQ,TNA_ID,TNA_START_TIME,TNA_END_TIME,TNA_START_STATUS_CODE,TNA_END_STATUS_CODE) values (17,'1111',to_date('21/02/12','RR/MM/DD'),to_date('21/02/12','RR/MM/DD'),3,10);
Insert into ST.TNA (TNA_SEQ,TNA_ID,TNA_START_TIME,TNA_END_TIME,TNA_START_STATUS_CODE,TNA_END_STATUS_CODE) values (23,'1111',to_date('21/02/17','RR/MM/DD'),to_date('21/02/17','RR/MM/DD'),3,10);
Insert into ST.TNA (TNA_SEQ,TNA_ID,TNA_START_TIME,TNA_END_TIME,TNA_START_STATUS_CODE,TNA_END_STATUS_CODE) values (24,'test1',to_date('21/02/17','RR/MM/DD'),to_date('21/02/17','RR/MM/DD'),4,9);
Insert into ST.TNA (TNA_SEQ,TNA_ID,TNA_START_TIME,TNA_END_TIME,TNA_START_STATUS_CODE,TNA_END_STATUS_CODE) values (30,'hoihoi914',to_date('21/02/21','RR/MM/DD'),null,3,null);
Insert into ST.TNA (TNA_SEQ,TNA_ID,TNA_START_TIME,TNA_END_TIME,TNA_START_STATUS_CODE,TNA_END_STATUS_CODE) values (33,'test4',to_date('21/02/22','RR/MM/DD'),to_date('21/02/22','RR/MM/DD'),3,8);
Insert into ST.TNA (TNA_SEQ,TNA_ID,TNA_START_TIME,TNA_END_TIME,TNA_START_STATUS_CODE,TNA_END_STATUS_CODE) values (38,'1111',to_date('21/02/25','RR/MM/DD'),to_date('21/02/25','RR/MM/DD'),3,8);
Insert into ST.TNA (TNA_SEQ,TNA_ID,TNA_START_TIME,TNA_END_TIME,TNA_START_STATUS_CODE,TNA_END_STATUS_CODE) values (58,'admin',to_date('21/03/02','RR/MM/DD'),to_date('21/03/02','RR/MM/DD'),3,8);
Insert into ST.TNA (TNA_SEQ,TNA_ID,TNA_START_TIME,TNA_END_TIME,TNA_START_STATUS_CODE,TNA_END_STATUS_CODE) values (60,'kh2001',to_date('21/03/05','RR/MM/DD'),to_date('21/03/05','RR/MM/DD'),3,8);
Insert into ST.TNA (TNA_SEQ,TNA_ID,TNA_START_TIME,TNA_END_TIME,TNA_START_STATUS_CODE,TNA_END_STATUS_CODE) values (148,'kh2016',to_date('21/03/08','RR/MM/DD'),to_date('21/03/08','RR/MM/DD'),2,10);
Insert into ST.TNA (TNA_SEQ,TNA_ID,TNA_START_TIME,TNA_END_TIME,TNA_START_STATUS_CODE,TNA_END_STATUS_CODE) values (149,'kh2012',to_date('21/03/08','RR/MM/DD'),null,4,null);
Insert into ST.TNA (TNA_SEQ,TNA_ID,TNA_START_TIME,TNA_END_TIME,TNA_START_STATUS_CODE,TNA_END_STATUS_CODE) values (150,'kh2011',to_date('21/03/08','RR/MM/DD'),to_date('21/03/08','RR/MM/DD'),2,10);
Insert into ST.TNA (TNA_SEQ,TNA_ID,TNA_START_TIME,TNA_END_TIME,TNA_START_STATUS_CODE,TNA_END_STATUS_CODE) values (151,'test1',to_date('21/03/08','RR/MM/DD'),null,5,null);
Insert into ST.TNA (TNA_SEQ,TNA_ID,TNA_START_TIME,TNA_END_TIME,TNA_START_STATUS_CODE,TNA_END_STATUS_CODE) values (152,'kh2001',to_date('21/03/08','RR/MM/DD'),to_date('21/03/08','RR/MM/DD'),1,8);
Insert into ST.TNA (TNA_SEQ,TNA_ID,TNA_START_TIME,TNA_END_TIME,TNA_START_STATUS_CODE,TNA_END_STATUS_CODE) values (153,'kh2013',to_date('21/03/08','RR/MM/DD'),null,3,null);
Insert into ST.TNA (TNA_SEQ,TNA_ID,TNA_START_TIME,TNA_END_TIME,TNA_START_STATUS_CODE,TNA_END_STATUS_CODE) values (154,'kh2020',to_date('21/03/08','RR/MM/DD'),null,3,null);
Insert into ST.TNA (TNA_SEQ,TNA_ID,TNA_START_TIME,TNA_END_TIME,TNA_START_STATUS_CODE,TNA_END_STATUS_CODE) values (156,'kh2000',to_date('21/03/08','RR/MM/DD'),to_date('21/03/08','RR/MM/DD'),3,8);
Insert into ST.TNA (TNA_SEQ,TNA_ID,TNA_START_TIME,TNA_END_TIME,TNA_START_STATUS_CODE,TNA_END_STATUS_CODE) values (160,'kh2002',to_date('21/03/08','RR/MM/DD'),to_date('21/03/08','RR/MM/DD'),3,10);
Insert into ST.TNA (TNA_SEQ,TNA_ID,TNA_START_TIME,TNA_END_TIME,TNA_START_STATUS_CODE,TNA_END_STATUS_CODE) values (162,'kh2018',to_date('21/03/08','RR/MM/DD'),to_date('21/03/08','RR/MM/DD'),3,10);
Insert into ST.TNA (TNA_SEQ,TNA_ID,TNA_START_TIME,TNA_END_TIME,TNA_START_STATUS_CODE,TNA_END_STATUS_CODE) values (163,'kh2015',to_date('21/03/08','RR/MM/DD'),to_date('21/03/08','RR/MM/DD'),3,8);
Insert into ST.TNA (TNA_SEQ,TNA_ID,TNA_START_TIME,TNA_END_TIME,TNA_START_STATUS_CODE,TNA_END_STATUS_CODE) values (9,'1111',to_date('21/02/02','RR/MM/DD'),to_date('21/02/02','RR/MM/DD'),2,9);
Insert into ST.TNA (TNA_SEQ,TNA_ID,TNA_START_TIME,TNA_END_TIME,TNA_START_STATUS_CODE,TNA_END_STATUS_CODE) values (4,'1111',to_date('21/01/25','RR/MM/DD'),to_date('21/01/25','RR/MM/DD'),3,10);
Insert into ST.TNA (TNA_SEQ,TNA_ID,TNA_START_TIME,TNA_END_TIME,TNA_START_STATUS_CODE,TNA_END_STATUS_CODE) values (8,'1111',to_date('21/02/01','RR/MM/DD'),to_date('21/02/01','RR/MM/DD'),4,9);
Insert into ST.TNA (TNA_SEQ,TNA_ID,TNA_START_TIME,TNA_END_TIME,TNA_START_STATUS_CODE,TNA_END_STATUS_CODE) values (13,'test1',to_date('21/02/05','RR/MM/DD'),null,3,null);
Insert into ST.TNA (TNA_SEQ,TNA_ID,TNA_START_TIME,TNA_END_TIME,TNA_START_STATUS_CODE,TNA_END_STATUS_CODE) values (14,'1111',to_date('21/02/08','RR/MM/DD'),to_date('21/02/08','RR/MM/DD'),2,9);
Insert into ST.TNA (TNA_SEQ,TNA_ID,TNA_START_TIME,TNA_END_TIME,TNA_START_STATUS_CODE,TNA_END_STATUS_CODE) values (18,'1111',to_date('21/02/14','RR/MM/DD'),to_date('21/02/14','RR/MM/DD'),2,10);
Insert into ST.TNA (TNA_SEQ,TNA_ID,TNA_START_TIME,TNA_END_TIME,TNA_START_STATUS_CODE,TNA_END_STATUS_CODE) values (19,'1111',to_date('21/02/15','RR/MM/DD'),to_date('21/02/15','RR/MM/DD'),1,10);
Insert into ST.TNA (TNA_SEQ,TNA_ID,TNA_START_TIME,TNA_END_TIME,TNA_START_STATUS_CODE,TNA_END_STATUS_CODE) values (20,'test1',to_date('21/02/15','RR/MM/DD'),to_date('21/02/15','RR/MM/DD'),3,8);
Insert into ST.TNA (TNA_SEQ,TNA_ID,TNA_START_TIME,TNA_END_TIME,TNA_START_STATUS_CODE,TNA_END_STATUS_CODE) values (21,'test1',to_date('21/02/16','RR/MM/DD'),to_date('21/02/16','RR/MM/DD'),2,8);
Insert into ST.TNA (TNA_SEQ,TNA_ID,TNA_START_TIME,TNA_END_TIME,TNA_START_STATUS_CODE,TNA_END_STATUS_CODE) values (31,'hoihoi914',to_date('21/02/22','RR/MM/DD'),null,2,null);
Insert into ST.TNA (TNA_SEQ,TNA_ID,TNA_START_TIME,TNA_END_TIME,TNA_START_STATUS_CODE,TNA_END_STATUS_CODE) values (32,'1111',to_date('21/02/22','RR/MM/DD'),to_date('21/02/22','RR/MM/DD'),1,10);
Insert into ST.TNA (TNA_SEQ,TNA_ID,TNA_START_TIME,TNA_END_TIME,TNA_START_STATUS_CODE,TNA_END_STATUS_CODE) values (34,'1111',to_date('21/02/23','RR/MM/DD'),to_date('21/02/23','RR/MM/DD'),3,10);
Insert into ST.TNA (TNA_SEQ,TNA_ID,TNA_START_TIME,TNA_END_TIME,TNA_START_STATUS_CODE,TNA_END_STATUS_CODE) values (158,'kh2017',to_date('21/03/08','RR/MM/DD'),to_date('21/03/08','RR/MM/DD'),3,10);
Insert into ST.TNA (TNA_SEQ,TNA_ID,TNA_START_TIME,TNA_END_TIME,TNA_START_STATUS_CODE,TNA_END_STATUS_CODE) values (35,'1111',to_date('21/02/24','RR/MM/DD'),null,2,null);
Insert into ST.TNA (TNA_SEQ,TNA_ID,TNA_START_TIME,TNA_END_TIME,TNA_START_STATUS_CODE,TNA_END_STATUS_CODE) values (159,'kh2007',to_date('21/03/08','RR/MM/DD'),to_date('21/03/08','RR/MM/DD'),3,8);
Insert into ST.TNA (TNA_SEQ,TNA_ID,TNA_START_TIME,TNA_END_TIME,TNA_START_STATUS_CODE,TNA_END_STATUS_CODE) values (161,'kh2004',to_date('21/03/08','RR/MM/DD'),to_date('21/03/08','RR/MM/DD'),3,10);
Insert into ST.TNA (TNA_SEQ,TNA_ID,TNA_START_TIME,TNA_END_TIME,TNA_START_STATUS_CODE,TNA_END_STATUS_CODE) values (29,'test3',to_date('21/02/19','RR/MM/DD'),to_date('21/02/19','RR/MM/DD'),3,8);
Insert into ST.TNA (TNA_SEQ,TNA_ID,TNA_START_TIME,TNA_END_TIME,TNA_START_STATUS_CODE,TNA_END_STATUS_CODE) values (22,'1111',to_date('21/02/16','RR/MM/DD'),to_date('21/02/16','RR/MM/DD'),3,9);
Insert into ST.TNA (TNA_SEQ,TNA_ID,TNA_START_TIME,TNA_END_TIME,TNA_START_STATUS_CODE,TNA_END_STATUS_CODE) values (37,'hoihoi914',to_date('21/02/24','RR/MM/DD'),to_date('21/02/24','RR/MM/DD'),3,10);
Insert into ST.TNA (TNA_SEQ,TNA_ID,TNA_START_TIME,TNA_END_TIME,TNA_START_STATUS_CODE,TNA_END_STATUS_CODE) values (45,'test4',to_date('21/02/26','RR/MM/DD'),null,3,null);
Insert into ST.TNA (TNA_SEQ,TNA_ID,TNA_START_TIME,TNA_END_TIME,TNA_START_STATUS_CODE,TNA_END_STATUS_CODE) values (48,'1111',to_date('21/02/27','RR/MM/DD'),null,3,null);
Insert into ST.TNA (TNA_SEQ,TNA_ID,TNA_START_TIME,TNA_END_TIME,TNA_START_STATUS_CODE,TNA_END_STATUS_CODE) values (50,'admin',to_date('21/02/28','RR/MM/DD'),null,3,null);
Insert into ST.TNA (TNA_SEQ,TNA_ID,TNA_START_TIME,TNA_END_TIME,TNA_START_STATUS_CODE,TNA_END_STATUS_CODE) values (53,'test7',to_date('21/03/01','RR/MM/DD'),to_date('21/03/01','RR/MM/DD'),3,9);
Insert into ST.TNA (TNA_SEQ,TNA_ID,TNA_START_TIME,TNA_END_TIME,TNA_START_STATUS_CODE,TNA_END_STATUS_CODE) values (56,'test1',to_date('21/03/02','RR/MM/DD'),to_date('21/03/02','RR/MM/DD'),3,8);
Insert into ST.TNA (TNA_SEQ,TNA_ID,TNA_START_TIME,TNA_END_TIME,TNA_START_STATUS_CODE,TNA_END_STATUS_CODE) values (57,'test7',to_date('21/03/02','RR/MM/DD'),to_date('21/03/02','RR/MM/DD'),2,8);
Insert into ST.TNA (TNA_SEQ,TNA_ID,TNA_START_TIME,TNA_END_TIME,TNA_START_STATUS_CODE,TNA_END_STATUS_CODE) values (61,'test7',to_date('21/03/04','RR/MM/DD'),to_date('21/03/04','RR/MM/DD'),2,9);
Insert into ST.TNA (TNA_SEQ,TNA_ID,TNA_START_TIME,TNA_END_TIME,TNA_START_STATUS_CODE,TNA_END_STATUS_CODE) values (62,'kh2003',to_date('21/03/04','RR/MM/DD'),to_date('21/03/04','RR/MM/DD'),2,9);
Insert into ST.TNA (TNA_SEQ,TNA_ID,TNA_START_TIME,TNA_END_TIME,TNA_START_STATUS_CODE,TNA_END_STATUS_CODE) values (63,'kh2011',to_date('21/03/04','RR/MM/DD'),to_date('21/03/04','RR/MM/DD'),2,9);
Insert into ST.TNA (TNA_SEQ,TNA_ID,TNA_START_TIME,TNA_END_TIME,TNA_START_STATUS_CODE,TNA_END_STATUS_CODE) values (64,'kh2012',to_date('21/03/04','RR/MM/DD'),to_date('21/03/04','RR/MM/DD'),2,9);
Insert into ST.TNA (TNA_SEQ,TNA_ID,TNA_START_TIME,TNA_END_TIME,TNA_START_STATUS_CODE,TNA_END_STATUS_CODE) values (65,'kh2013',to_date('21/03/04','RR/MM/DD'),to_date('21/03/04','RR/MM/DD'),2,9);
Insert into ST.TNA (TNA_SEQ,TNA_ID,TNA_START_TIME,TNA_END_TIME,TNA_START_STATUS_CODE,TNA_END_STATUS_CODE) values (66,'kh2014',to_date('21/03/04','RR/MM/DD'),to_date('21/03/04','RR/MM/DD'),2,9);
Insert into ST.TNA (TNA_SEQ,TNA_ID,TNA_START_TIME,TNA_END_TIME,TNA_START_STATUS_CODE,TNA_END_STATUS_CODE) values (67,'kh2015',to_date('21/03/04','RR/MM/DD'),to_date('21/03/04','RR/MM/DD'),2,9);
Insert into ST.TNA (TNA_SEQ,TNA_ID,TNA_START_TIME,TNA_END_TIME,TNA_START_STATUS_CODE,TNA_END_STATUS_CODE) values (68,'kh2016',to_date('21/03/04','RR/MM/DD'),to_date('21/03/04','RR/MM/DD'),2,9);
Insert into ST.TNA (TNA_SEQ,TNA_ID,TNA_START_TIME,TNA_END_TIME,TNA_START_STATUS_CODE,TNA_END_STATUS_CODE) values (69,'kh2017',to_date('21/03/04','RR/MM/DD'),to_date('21/03/04','RR/MM/DD'),2,9);
Insert into ST.TNA (TNA_SEQ,TNA_ID,TNA_START_TIME,TNA_END_TIME,TNA_START_STATUS_CODE,TNA_END_STATUS_CODE) values (70,'kh2018',to_date('21/03/04','RR/MM/DD'),to_date('21/03/04','RR/MM/DD'),2,9);
Insert into ST.TNA (TNA_SEQ,TNA_ID,TNA_START_TIME,TNA_END_TIME,TNA_START_STATUS_CODE,TNA_END_STATUS_CODE) values (71,'admin',to_date('21/03/04','RR/MM/DD'),to_date('21/03/04','RR/MM/DD'),2,9);
Insert into ST.TNA (TNA_SEQ,TNA_ID,TNA_START_TIME,TNA_END_TIME,TNA_START_STATUS_CODE,TNA_END_STATUS_CODE) values (72,'kh2002',to_date('21/03/04','RR/MM/DD'),to_date('21/03/04','RR/MM/DD'),2,9);
Insert into ST.TNA (TNA_SEQ,TNA_ID,TNA_START_TIME,TNA_END_TIME,TNA_START_STATUS_CODE,TNA_END_STATUS_CODE) values (73,'test5',to_date('21/03/04','RR/MM/DD'),to_date('21/03/04','RR/MM/DD'),2,9);
Insert into ST.TNA (TNA_SEQ,TNA_ID,TNA_START_TIME,TNA_END_TIME,TNA_START_STATUS_CODE,TNA_END_STATUS_CODE) values (74,'test4',to_date('21/03/04','RR/MM/DD'),to_date('21/03/04','RR/MM/DD'),2,9);
Insert into ST.TNA (TNA_SEQ,TNA_ID,TNA_START_TIME,TNA_END_TIME,TNA_START_STATUS_CODE,TNA_END_STATUS_CODE) values (75,'test3',to_date('21/03/04','RR/MM/DD'),to_date('21/03/04','RR/MM/DD'),2,9);
Insert into ST.TNA (TNA_SEQ,TNA_ID,TNA_START_TIME,TNA_END_TIME,TNA_START_STATUS_CODE,TNA_END_STATUS_CODE) values (76,'test2',to_date('21/03/04','RR/MM/DD'),to_date('21/03/04','RR/MM/DD'),2,9);
Insert into ST.TNA (TNA_SEQ,TNA_ID,TNA_START_TIME,TNA_END_TIME,TNA_START_STATUS_CODE,TNA_END_STATUS_CODE) values (77,'test1',to_date('21/03/04','RR/MM/DD'),to_date('21/03/04','RR/MM/DD'),2,9);
Insert into ST.TNA (TNA_SEQ,TNA_ID,TNA_START_TIME,TNA_END_TIME,TNA_START_STATUS_CODE,TNA_END_STATUS_CODE) values (78,'1111',to_date('21/03/04','RR/MM/DD'),to_date('21/03/04','RR/MM/DD'),2,9);
Insert into ST.TNA (TNA_SEQ,TNA_ID,TNA_START_TIME,TNA_END_TIME,TNA_START_STATUS_CODE,TNA_END_STATUS_CODE) values (79,'kh2000',to_date('21/03/04','RR/MM/DD'),to_date('21/03/04','RR/MM/DD'),2,9);
Insert into ST.TNA (TNA_SEQ,TNA_ID,TNA_START_TIME,TNA_END_TIME,TNA_START_STATUS_CODE,TNA_END_STATUS_CODE) values (80,'DWGghost',to_date('21/03/04','RR/MM/DD'),to_date('21/03/04','RR/MM/DD'),2,9);
Insert into ST.TNA (TNA_SEQ,TNA_ID,TNA_START_TIME,TNA_END_TIME,TNA_START_STATUS_CODE,TNA_END_STATUS_CODE) values (81,'kh2005',to_date('21/03/04','RR/MM/DD'),to_date('21/03/04','RR/MM/DD'),2,9);
Insert into ST.TNA (TNA_SEQ,TNA_ID,TNA_START_TIME,TNA_END_TIME,TNA_START_STATUS_CODE,TNA_END_STATUS_CODE) values (82,'kh2006',to_date('21/03/04','RR/MM/DD'),to_date('21/03/04','RR/MM/DD'),2,9);
Insert into ST.TNA (TNA_SEQ,TNA_ID,TNA_START_TIME,TNA_END_TIME,TNA_START_STATUS_CODE,TNA_END_STATUS_CODE) values (83,'kh2007',to_date('21/03/04','RR/MM/DD'),to_date('21/03/04','RR/MM/DD'),2,9);
Insert into ST.TNA (TNA_SEQ,TNA_ID,TNA_START_TIME,TNA_END_TIME,TNA_START_STATUS_CODE,TNA_END_STATUS_CODE) values (84,'kh2008',to_date('21/03/04','RR/MM/DD'),to_date('21/03/04','RR/MM/DD'),2,9);
Insert into ST.TNA (TNA_SEQ,TNA_ID,TNA_START_TIME,TNA_END_TIME,TNA_START_STATUS_CODE,TNA_END_STATUS_CODE) values (85,'kh2009',to_date('21/03/04','RR/MM/DD'),to_date('21/03/04','RR/MM/DD'),2,9);
Insert into ST.TNA (TNA_SEQ,TNA_ID,TNA_START_TIME,TNA_END_TIME,TNA_START_STATUS_CODE,TNA_END_STATUS_CODE) values (86,'kh2010',to_date('21/03/04','RR/MM/DD'),to_date('21/03/04','RR/MM/DD'),2,9);
Insert into ST.TNA (TNA_SEQ,TNA_ID,TNA_START_TIME,TNA_END_TIME,TNA_START_STATUS_CODE,TNA_END_STATUS_CODE) values (87,'kh2019',to_date('21/03/04','RR/MM/DD'),to_date('21/03/04','RR/MM/DD'),2,9);
Insert into ST.TNA (TNA_SEQ,TNA_ID,TNA_START_TIME,TNA_END_TIME,TNA_START_STATUS_CODE,TNA_END_STATUS_CODE) values (88,'kh2020',to_date('21/03/04','RR/MM/DD'),to_date('21/03/04','RR/MM/DD'),2,9);
Insert into ST.TNA (TNA_SEQ,TNA_ID,TNA_START_TIME,TNA_END_TIME,TNA_START_STATUS_CODE,TNA_END_STATUS_CODE) values (89,'kh2021',to_date('21/03/04','RR/MM/DD'),to_date('21/03/04','RR/MM/DD'),2,9);
Insert into ST.TNA (TNA_SEQ,TNA_ID,TNA_START_TIME,TNA_END_TIME,TNA_START_STATUS_CODE,TNA_END_STATUS_CODE) values (90,'kh2022',to_date('21/03/04','RR/MM/DD'),to_date('21/03/04','RR/MM/DD'),2,9);
Insert into ST.TNA (TNA_SEQ,TNA_ID,TNA_START_TIME,TNA_END_TIME,TNA_START_STATUS_CODE,TNA_END_STATUS_CODE) values (91,'test6',to_date('21/03/04','RR/MM/DD'),to_date('21/03/04','RR/MM/DD'),2,9);
Insert into ST.TNA (TNA_SEQ,TNA_ID,TNA_START_TIME,TNA_END_TIME,TNA_START_STATUS_CODE,TNA_END_STATUS_CODE) values (92,'kh2004',to_date('21/03/04','RR/MM/DD'),to_date('21/03/04','RR/MM/DD'),2,9);
Insert into ST.TNA (TNA_SEQ,TNA_ID,TNA_START_TIME,TNA_END_TIME,TNA_START_STATUS_CODE,TNA_END_STATUS_CODE) values (93,'1212',to_date('21/03/04','RR/MM/DD'),to_date('21/03/04','RR/MM/DD'),2,9);
Insert into ST.TNA (TNA_SEQ,TNA_ID,TNA_START_TIME,TNA_END_TIME,TNA_START_STATUS_CODE,TNA_END_STATUS_CODE) values (94,'1004',to_date('21/03/04','RR/MM/DD'),to_date('21/03/04','RR/MM/DD'),2,9);
Insert into ST.TNA (TNA_SEQ,TNA_ID,TNA_START_TIME,TNA_END_TIME,TNA_START_STATUS_CODE,TNA_END_STATUS_CODE) values (95,'2309rpg',to_date('21/03/04','RR/MM/DD'),to_date('21/03/04','RR/MM/DD'),2,9);
Insert into ST.TNA (TNA_SEQ,TNA_ID,TNA_START_TIME,TNA_END_TIME,TNA_START_STATUS_CODE,TNA_END_STATUS_CODE) values (96,'stj0000',to_date('21/03/04','RR/MM/DD'),to_date('21/03/04','RR/MM/DD'),2,9);
Insert into ST.TNA (TNA_SEQ,TNA_ID,TNA_START_TIME,TNA_END_TIME,TNA_START_STATUS_CODE,TNA_END_STATUS_CODE) values (97,'Nos',to_date('21/03/04','RR/MM/DD'),to_date('21/03/04','RR/MM/DD'),2,9);
Insert into ST.TNA (TNA_SEQ,TNA_ID,TNA_START_TIME,TNA_END_TIME,TNA_START_STATUS_CODE,TNA_END_STATUS_CODE) values (98,'hoihoi914',to_date('21/03/04','RR/MM/DD'),to_date('21/03/04','RR/MM/DD'),2,9);
Insert into ST.TNA (TNA_SEQ,TNA_ID,TNA_START_TIME,TNA_END_TIME,TNA_START_STATUS_CODE,TNA_END_STATUS_CODE) values (99,'kh2001',to_date('21/03/04','RR/MM/DD'),to_date('21/03/04','RR/MM/DD'),2,9);
Insert into ST.TNA (TNA_SEQ,TNA_ID,TNA_START_TIME,TNA_END_TIME,TNA_START_STATUS_CODE,TNA_END_STATUS_CODE) values (100,'test7',to_date('21/03/05','RR/MM/DD'),to_date('21/03/05','RR/MM/DD'),3,10);
Insert into ST.TNA (TNA_SEQ,TNA_ID,TNA_START_TIME,TNA_END_TIME,TNA_START_STATUS_CODE,TNA_END_STATUS_CODE) values (101,'kh2003',to_date('21/03/05','RR/MM/DD'),to_date('21/03/05','RR/MM/DD'),3,10);
Insert into ST.TNA (TNA_SEQ,TNA_ID,TNA_START_TIME,TNA_END_TIME,TNA_START_STATUS_CODE,TNA_END_STATUS_CODE) values (102,'kh2011',to_date('21/03/05','RR/MM/DD'),to_date('21/03/05','RR/MM/DD'),3,10);
Insert into ST.TNA (TNA_SEQ,TNA_ID,TNA_START_TIME,TNA_END_TIME,TNA_START_STATUS_CODE,TNA_END_STATUS_CODE) values (103,'kh2012',to_date('21/03/05','RR/MM/DD'),to_date('21/03/05','RR/MM/DD'),3,10);
Insert into ST.TNA (TNA_SEQ,TNA_ID,TNA_START_TIME,TNA_END_TIME,TNA_START_STATUS_CODE,TNA_END_STATUS_CODE) values (104,'kh2013',to_date('21/03/05','RR/MM/DD'),to_date('21/03/05','RR/MM/DD'),3,10);
Insert into ST.TNA (TNA_SEQ,TNA_ID,TNA_START_TIME,TNA_END_TIME,TNA_START_STATUS_CODE,TNA_END_STATUS_CODE) values (105,'kh2014',to_date('21/03/05','RR/MM/DD'),to_date('21/03/05','RR/MM/DD'),3,10);
Insert into ST.TNA (TNA_SEQ,TNA_ID,TNA_START_TIME,TNA_END_TIME,TNA_START_STATUS_CODE,TNA_END_STATUS_CODE) values (106,'kh2015',to_date('21/03/05','RR/MM/DD'),to_date('21/03/05','RR/MM/DD'),3,10);
Insert into ST.TNA (TNA_SEQ,TNA_ID,TNA_START_TIME,TNA_END_TIME,TNA_START_STATUS_CODE,TNA_END_STATUS_CODE) values (107,'kh2016',to_date('21/03/05','RR/MM/DD'),to_date('21/03/05','RR/MM/DD'),3,10);
Insert into ST.TNA (TNA_SEQ,TNA_ID,TNA_START_TIME,TNA_END_TIME,TNA_START_STATUS_CODE,TNA_END_STATUS_CODE) values (108,'kh2017',to_date('21/03/05','RR/MM/DD'),to_date('21/03/05','RR/MM/DD'),3,10);
Insert into ST.TNA (TNA_SEQ,TNA_ID,TNA_START_TIME,TNA_END_TIME,TNA_START_STATUS_CODE,TNA_END_STATUS_CODE) values (109,'kh2018',to_date('21/03/05','RR/MM/DD'),to_date('21/03/05','RR/MM/DD'),3,10);
Insert into ST.TNA (TNA_SEQ,TNA_ID,TNA_START_TIME,TNA_END_TIME,TNA_START_STATUS_CODE,TNA_END_STATUS_CODE) values (110,'admin',to_date('21/03/05','RR/MM/DD'),to_date('21/03/05','RR/MM/DD'),3,10);
Insert into ST.TNA (TNA_SEQ,TNA_ID,TNA_START_TIME,TNA_END_TIME,TNA_START_STATUS_CODE,TNA_END_STATUS_CODE) values (111,'kh2002',to_date('21/03/05','RR/MM/DD'),to_date('21/03/05','RR/MM/DD'),3,10);
Insert into ST.TNA (TNA_SEQ,TNA_ID,TNA_START_TIME,TNA_END_TIME,TNA_START_STATUS_CODE,TNA_END_STATUS_CODE) values (112,'test5',to_date('21/03/05','RR/MM/DD'),to_date('21/03/05','RR/MM/DD'),3,10);
Insert into ST.TNA (TNA_SEQ,TNA_ID,TNA_START_TIME,TNA_END_TIME,TNA_START_STATUS_CODE,TNA_END_STATUS_CODE) values (113,'test4',to_date('21/03/05','RR/MM/DD'),to_date('21/03/05','RR/MM/DD'),3,10);
Insert into ST.TNA (TNA_SEQ,TNA_ID,TNA_START_TIME,TNA_END_TIME,TNA_START_STATUS_CODE,TNA_END_STATUS_CODE) values (114,'test3',to_date('21/03/05','RR/MM/DD'),to_date('21/03/05','RR/MM/DD'),3,10);
Insert into ST.TNA (TNA_SEQ,TNA_ID,TNA_START_TIME,TNA_END_TIME,TNA_START_STATUS_CODE,TNA_END_STATUS_CODE) values (115,'test2',to_date('21/03/05','RR/MM/DD'),to_date('21/03/05','RR/MM/DD'),3,10);
Insert into ST.TNA (TNA_SEQ,TNA_ID,TNA_START_TIME,TNA_END_TIME,TNA_START_STATUS_CODE,TNA_END_STATUS_CODE) values (116,'test1',to_date('21/03/05','RR/MM/DD'),to_date('21/03/05','RR/MM/DD'),3,10);
Insert into ST.TNA (TNA_SEQ,TNA_ID,TNA_START_TIME,TNA_END_TIME,TNA_START_STATUS_CODE,TNA_END_STATUS_CODE) values (117,'1111',to_date('21/03/05','RR/MM/DD'),to_date('21/03/05','RR/MM/DD'),3,10);
Insert into ST.TNA (TNA_SEQ,TNA_ID,TNA_START_TIME,TNA_END_TIME,TNA_START_STATUS_CODE,TNA_END_STATUS_CODE) values (118,'kh2000',to_date('21/03/05','RR/MM/DD'),to_date('21/03/05','RR/MM/DD'),3,10);
Insert into ST.TNA (TNA_SEQ,TNA_ID,TNA_START_TIME,TNA_END_TIME,TNA_START_STATUS_CODE,TNA_END_STATUS_CODE) values (119,'DWGghost',to_date('21/03/05','RR/MM/DD'),to_date('21/03/05','RR/MM/DD'),3,10);
Insert into ST.TNA (TNA_SEQ,TNA_ID,TNA_START_TIME,TNA_END_TIME,TNA_START_STATUS_CODE,TNA_END_STATUS_CODE) values (120,'kh2005',to_date('21/03/05','RR/MM/DD'),to_date('21/03/05','RR/MM/DD'),3,10);
Insert into ST.TNA (TNA_SEQ,TNA_ID,TNA_START_TIME,TNA_END_TIME,TNA_START_STATUS_CODE,TNA_END_STATUS_CODE) values (121,'kh2006',to_date('21/03/05','RR/MM/DD'),to_date('21/03/05','RR/MM/DD'),3,10);
Insert into ST.TNA (TNA_SEQ,TNA_ID,TNA_START_TIME,TNA_END_TIME,TNA_START_STATUS_CODE,TNA_END_STATUS_CODE) values (122,'kh2007',to_date('21/03/05','RR/MM/DD'),to_date('21/03/05','RR/MM/DD'),3,10);
Insert into ST.TNA (TNA_SEQ,TNA_ID,TNA_START_TIME,TNA_END_TIME,TNA_START_STATUS_CODE,TNA_END_STATUS_CODE) values (123,'kh2008',to_date('21/03/05','RR/MM/DD'),to_date('21/03/05','RR/MM/DD'),3,10);
Insert into ST.TNA (TNA_SEQ,TNA_ID,TNA_START_TIME,TNA_END_TIME,TNA_START_STATUS_CODE,TNA_END_STATUS_CODE) values (124,'kh2009',to_date('21/03/05','RR/MM/DD'),to_date('21/03/05','RR/MM/DD'),3,10);
Insert into ST.TNA (TNA_SEQ,TNA_ID,TNA_START_TIME,TNA_END_TIME,TNA_START_STATUS_CODE,TNA_END_STATUS_CODE) values (125,'kh2010',to_date('21/03/05','RR/MM/DD'),to_date('21/03/05','RR/MM/DD'),3,10);
Insert into ST.TNA (TNA_SEQ,TNA_ID,TNA_START_TIME,TNA_END_TIME,TNA_START_STATUS_CODE,TNA_END_STATUS_CODE) values (126,'kh2019',to_date('21/03/05','RR/MM/DD'),to_date('21/03/05','RR/MM/DD'),3,10);
Insert into ST.TNA (TNA_SEQ,TNA_ID,TNA_START_TIME,TNA_END_TIME,TNA_START_STATUS_CODE,TNA_END_STATUS_CODE) values (127,'kh2020',to_date('21/03/05','RR/MM/DD'),to_date('21/03/05','RR/MM/DD'),3,10);
Insert into ST.TNA (TNA_SEQ,TNA_ID,TNA_START_TIME,TNA_END_TIME,TNA_START_STATUS_CODE,TNA_END_STATUS_CODE) values (128,'kh2021',to_date('21/03/05','RR/MM/DD'),to_date('21/03/05','RR/MM/DD'),3,10);
Insert into ST.TNA (TNA_SEQ,TNA_ID,TNA_START_TIME,TNA_END_TIME,TNA_START_STATUS_CODE,TNA_END_STATUS_CODE) values (129,'kh2022',to_date('21/03/05','RR/MM/DD'),to_date('21/03/05','RR/MM/DD'),3,10);
Insert into ST.TNA (TNA_SEQ,TNA_ID,TNA_START_TIME,TNA_END_TIME,TNA_START_STATUS_CODE,TNA_END_STATUS_CODE) values (130,'test6',to_date('21/03/05','RR/MM/DD'),to_date('21/03/05','RR/MM/DD'),3,10);
Insert into ST.TNA (TNA_SEQ,TNA_ID,TNA_START_TIME,TNA_END_TIME,TNA_START_STATUS_CODE,TNA_END_STATUS_CODE) values (131,'kh2004',to_date('21/03/05','RR/MM/DD'),to_date('21/03/05','RR/MM/DD'),3,10);
Insert into ST.TNA (TNA_SEQ,TNA_ID,TNA_START_TIME,TNA_END_TIME,TNA_START_STATUS_CODE,TNA_END_STATUS_CODE) values (132,'1212',to_date('21/03/05','RR/MM/DD'),to_date('21/03/05','RR/MM/DD'),3,10);
Insert into ST.TNA (TNA_SEQ,TNA_ID,TNA_START_TIME,TNA_END_TIME,TNA_START_STATUS_CODE,TNA_END_STATUS_CODE) values (133,'1004',to_date('21/03/05','RR/MM/DD'),to_date('21/03/05','RR/MM/DD'),3,10);
Insert into ST.TNA (TNA_SEQ,TNA_ID,TNA_START_TIME,TNA_END_TIME,TNA_START_STATUS_CODE,TNA_END_STATUS_CODE) values (134,'2309rpg',to_date('21/03/05','RR/MM/DD'),to_date('21/03/05','RR/MM/DD'),3,10);
Insert into ST.TNA (TNA_SEQ,TNA_ID,TNA_START_TIME,TNA_END_TIME,TNA_START_STATUS_CODE,TNA_END_STATUS_CODE) values (135,'stj0000',to_date('21/03/05','RR/MM/DD'),to_date('21/03/05','RR/MM/DD'),3,10);
Insert into ST.TNA (TNA_SEQ,TNA_ID,TNA_START_TIME,TNA_END_TIME,TNA_START_STATUS_CODE,TNA_END_STATUS_CODE) values (136,'Nos',to_date('21/03/05','RR/MM/DD'),to_date('21/03/05','RR/MM/DD'),3,10);
Insert into ST.TNA (TNA_SEQ,TNA_ID,TNA_START_TIME,TNA_END_TIME,TNA_START_STATUS_CODE,TNA_END_STATUS_CODE) values (137,'hoihoi914',to_date('21/03/05','RR/MM/DD'),to_date('21/03/05','RR/MM/DD'),3,10);
Insert into ST.TNA (TNA_SEQ,TNA_ID,TNA_START_TIME,TNA_END_TIME,TNA_START_STATUS_CODE,TNA_END_STATUS_CODE) values (145,'kh2022',to_date('21/03/08','RR/MM/DD'),to_date('21/03/08','RR/MM/DD'),2,3);
Insert into ST.TNA (TNA_SEQ,TNA_ID,TNA_START_TIME,TNA_END_TIME,TNA_START_STATUS_CODE,TNA_END_STATUS_CODE) values (146,'kh2010',to_date('21/03/08','RR/MM/DD'),to_date('21/03/08','RR/MM/DD'),3,8);
Insert into ST.TNA (TNA_SEQ,TNA_ID,TNA_START_TIME,TNA_END_TIME,TNA_START_STATUS_CODE,TNA_END_STATUS_CODE) values (147,'kh2006',to_date('21/03/08','RR/MM/DD'),to_date('21/03/08','RR/MM/DD'),3,8);
Insert into ST.TNA (TNA_SEQ,TNA_ID,TNA_START_TIME,TNA_END_TIME,TNA_START_STATUS_CODE,TNA_END_STATUS_CODE) values (155,'kh2005',to_date('21/03/08','RR/MM/DD'),to_date('21/03/08','RR/MM/DD'),3,8);
Insert into ST.TNA (TNA_SEQ,TNA_ID,TNA_START_TIME,TNA_END_TIME,TNA_START_STATUS_CODE,TNA_END_STATUS_CODE) values (157,'kh2019',to_date('21/03/08','RR/MM/DD'),null,3,null);
Insert into ST.TNA (TNA_SEQ,TNA_ID,TNA_START_TIME,TNA_END_TIME,TNA_START_STATUS_CODE,TNA_END_STATUS_CODE) values (2,'1111',to_date('20/01/21','RR/MM/DD'),to_date('20/01/21','RR/MM/DD'),3,10);
Insert into ST.TNA (TNA_SEQ,TNA_ID,TNA_START_TIME,TNA_END_TIME,TNA_START_STATUS_CODE,TNA_END_STATUS_CODE) values (5,'1111',to_date('21/01/26','RR/MM/DD'),to_date('21/01/26','RR/MM/DD'),1,8);
Insert into ST.TNA (TNA_SEQ,TNA_ID,TNA_START_TIME,TNA_END_TIME,TNA_START_STATUS_CODE,TNA_END_STATUS_CODE) values (6,'1111',to_date('21/01/29','RR/MM/DD'),to_date('21/01/29','RR/MM/DD'),3,10);
Insert into ST.TNA (TNA_SEQ,TNA_ID,TNA_START_TIME,TNA_END_TIME,TNA_START_STATUS_CODE,TNA_END_STATUS_CODE) values (15,'1111',to_date('21/02/09','RR/MM/DD'),null,4,null);
Insert into ST.TNA (TNA_SEQ,TNA_ID,TNA_START_TIME,TNA_END_TIME,TNA_START_STATUS_CODE,TNA_END_STATUS_CODE) values (16,'1111',to_date('21/02/10','RR/MM/DD'),to_date('21/02/10','RR/MM/DD'),3,8);
Insert into ST.TNA (TNA_SEQ,TNA_ID,TNA_START_TIME,TNA_END_TIME,TNA_START_STATUS_CODE,TNA_END_STATUS_CODE) values (25,'1111',to_date('21/02/18','RR/MM/DD'),to_date('21/02/18','RR/MM/DD'),3,10);
Insert into ST.TNA (TNA_SEQ,TNA_ID,TNA_START_TIME,TNA_END_TIME,TNA_START_STATUS_CODE,TNA_END_STATUS_CODE) values (40,'hoihoi914',to_date('21/02/25','RR/MM/DD'),to_date('21/02/25','RR/MM/DD'),3,9);
Insert into ST.TNA (TNA_SEQ,TNA_ID,TNA_START_TIME,TNA_END_TIME,TNA_START_STATUS_CODE,TNA_END_STATUS_CODE) values (43,'1111',to_date('21/02/26','RR/MM/DD'),null,3,null);
Insert into ST.TNA (TNA_SEQ,TNA_ID,TNA_START_TIME,TNA_END_TIME,TNA_START_STATUS_CODE,TNA_END_STATUS_CODE) values (46,'test7',to_date('21/02/27','RR/MM/DD'),to_date('21/02/27','RR/MM/DD'),3,10);
Insert into ST.TNA (TNA_SEQ,TNA_ID,TNA_START_TIME,TNA_END_TIME,TNA_START_STATUS_CODE,TNA_END_STATUS_CODE) values (49,'1111',to_date('21/02/28','RR/MM/DD'),to_date('21/02/28','RR/MM/DD'),2,8);
Insert into ST.TNA (TNA_SEQ,TNA_ID,TNA_START_TIME,TNA_END_TIME,TNA_START_STATUS_CODE,TNA_END_STATUS_CODE) values (54,'test1',to_date('21/03/01','RR/MM/DD'),to_date('21/03/01','RR/MM/DD'),3,8);
Insert into ST.TNA (TNA_SEQ,TNA_ID,TNA_START_TIME,TNA_END_TIME,TNA_START_STATUS_CODE,TNA_END_STATUS_CODE) values (55,'1111',to_date('21/03/02','RR/MM/DD'),to_date('21/03/02','RR/MM/DD'),2,9);
Insert into ST.TNA (TNA_SEQ,TNA_ID,TNA_START_TIME,TNA_END_TIME,TNA_START_STATUS_CODE,TNA_END_STATUS_CODE) values (59,'admin',to_date('21/03/03','RR/MM/DD'),to_date('21/03/03','RR/MM/DD'),3,8);
Insert into ST.TNA (TNA_SEQ,TNA_ID,TNA_START_TIME,TNA_END_TIME,TNA_START_STATUS_CODE,TNA_END_STATUS_CODE) values (164,'kh2002',to_date('21/03/15','RR/MM/DD'),to_date('21/03/15','RR/MM/DD'),3,8);
Insert into ST.TNA (TNA_SEQ,TNA_ID,TNA_START_TIME,TNA_END_TIME,TNA_START_STATUS_CODE,TNA_END_STATUS_CODE) values (165,'1111',to_date('21/03/23','RR/MM/DD'),to_date('21/03/23','RR/MM/DD'),3,10);
Insert into ST.TNA (TNA_SEQ,TNA_ID,TNA_START_TIME,TNA_END_TIME,TNA_START_STATUS_CODE,TNA_END_STATUS_CODE) values (166,'1111',to_date('21/05/07','RR/MM/DD'),to_date('21/05/07','RR/MM/DD'),3,8);
Insert into ST.TNA (TNA_SEQ,TNA_ID,TNA_START_TIME,TNA_END_TIME,TNA_START_STATUS_CODE,TNA_END_STATUS_CODE) values (28,'test2',to_date('21/02/19','RR/MM/DD'),to_date('21/02/19','RR/MM/DD'),2,9);
Insert into ST.TNA (TNA_SEQ,TNA_ID,TNA_START_TIME,TNA_END_TIME,TNA_START_STATUS_CODE,TNA_END_STATUS_CODE) values (3,'1111',to_date('21/01/22','RR/MM/DD'),to_date('21/01/22','RR/MM/DD'),3,9);
Insert into ST.TNA (TNA_SEQ,TNA_ID,TNA_START_TIME,TNA_END_TIME,TNA_START_STATUS_CODE,TNA_END_STATUS_CODE) values (11,'1111',to_date('21/02/03','RR/MM/DD'),null,7,null);
Insert into ST.TNA (TNA_SEQ,TNA_ID,TNA_START_TIME,TNA_END_TIME,TNA_START_STATUS_CODE,TNA_END_STATUS_CODE) values (26,'1111',to_date('21/02/19','RR/MM/DD'),to_date('21/02/19','RR/MM/DD'),2,9);
Insert into ST.TNA (TNA_SEQ,TNA_ID,TNA_START_TIME,TNA_END_TIME,TNA_START_STATUS_CODE,TNA_END_STATUS_CODE) values (27,'test1',to_date('21/02/19','RR/MM/DD'),to_date('21/02/19','RR/MM/DD'),2,10);
Insert into ST.TNA (TNA_SEQ,TNA_ID,TNA_START_TIME,TNA_END_TIME,TNA_START_STATUS_CODE,TNA_END_STATUS_CODE) values (36,'test1',to_date('21/02/24','RR/MM/DD'),to_date('21/02/24','RR/MM/DD'),3,8);
Insert into ST.TNA (TNA_SEQ,TNA_ID,TNA_START_TIME,TNA_END_TIME,TNA_START_STATUS_CODE,TNA_END_STATUS_CODE) values (39,'test7',to_date('21/02/25','RR/MM/DD'),to_date('21/02/25','RR/MM/DD'),3,10);
Insert into ST.TNA (TNA_SEQ,TNA_ID,TNA_START_TIME,TNA_END_TIME,TNA_START_STATUS_CODE,TNA_END_STATUS_CODE) values (41,'test4',to_date('21/02/25','RR/MM/DD'),to_date('21/02/25','RR/MM/DD'),3,8);
Insert into ST.TNA (TNA_SEQ,TNA_ID,TNA_START_TIME,TNA_END_TIME,TNA_START_STATUS_CODE,TNA_END_STATUS_CODE) values (42,'hoihoi914',to_date('21/02/26','RR/MM/DD'),null,3,null);
Insert into ST.TNA (TNA_SEQ,TNA_ID,TNA_START_TIME,TNA_END_TIME,TNA_START_STATUS_CODE,TNA_END_STATUS_CODE) values (44,'test7',to_date('21/02/26','RR/MM/DD'),null,3,null);
Insert into ST.TNA (TNA_SEQ,TNA_ID,TNA_START_TIME,TNA_END_TIME,TNA_START_STATUS_CODE,TNA_END_STATUS_CODE) values (47,'test1',to_date('21/02/27','RR/MM/DD'),to_date('21/02/27','RR/MM/DD'),3,10);
Insert into ST.TNA (TNA_SEQ,TNA_ID,TNA_START_TIME,TNA_END_TIME,TNA_START_STATUS_CODE,TNA_END_STATUS_CODE) values (51,'Nos',to_date('21/02/28','RR/MM/DD'),to_date('21/02/28','RR/MM/DD'),3,10);
Insert into ST.TNA (TNA_SEQ,TNA_ID,TNA_START_TIME,TNA_END_TIME,TNA_START_STATUS_CODE,TNA_END_STATUS_CODE) values (52,'1111',to_date('21/03/01','RR/MM/DD'),to_date('21/03/01','RR/MM/DD'),3,10);
Insert into ST.TNA (TNA_SEQ,TNA_ID,TNA_START_TIME,TNA_END_TIME,TNA_START_STATUS_CODE,TNA_END_STATUS_CODE) values (138,'kh2006',to_date('21/03/07','RR/MM/DD'),to_date('21/03/07','RR/MM/DD'),3,10);
Insert into ST.TNA (TNA_SEQ,TNA_ID,TNA_START_TIME,TNA_END_TIME,TNA_START_STATUS_CODE,TNA_END_STATUS_CODE) values (139,'kh2010',to_date('21/03/07','RR/MM/DD'),to_date('21/03/07','RR/MM/DD'),3,10);
Insert into ST.TNA (TNA_SEQ,TNA_ID,TNA_START_TIME,TNA_END_TIME,TNA_START_STATUS_CODE,TNA_END_STATUS_CODE) values (140,'kh2011',to_date('21/03/07','RR/MM/DD'),to_date('21/03/07','RR/MM/DD'),3,10);
Insert into ST.TNA (TNA_SEQ,TNA_ID,TNA_START_TIME,TNA_END_TIME,TNA_START_STATUS_CODE,TNA_END_STATUS_CODE) values (141,'kh2014',to_date('21/03/07','RR/MM/DD'),to_date('21/03/07','RR/MM/DD'),3,10);
Insert into ST.TNA (TNA_SEQ,TNA_ID,TNA_START_TIME,TNA_END_TIME,TNA_START_STATUS_CODE,TNA_END_STATUS_CODE) values (142,'kh2019',to_date('21/03/07','RR/MM/DD'),to_date('21/03/07','RR/MM/DD'),3,10);
Insert into ST.TNA (TNA_SEQ,TNA_ID,TNA_START_TIME,TNA_END_TIME,TNA_START_STATUS_CODE,TNA_END_STATUS_CODE) values (143,'kh2022',to_date('21/03/07','RR/MM/DD'),to_date('21/03/07','RR/MM/DD'),3,10);
Insert into ST.TNA (TNA_SEQ,TNA_ID,TNA_START_TIME,TNA_END_TIME,TNA_START_STATUS_CODE,TNA_END_STATUS_CODE) values (144,'kh2015',to_date('21/03/07','RR/MM/DD'),to_date('21/03/07','RR/MM/DD'),3,10);
REM INSERTING into ST.TNA_OBJECTION
SET DEFINE OFF;
Insert into ST.TNA_OBJECTION (TNA_OBJ_SEQ,TNA_OBJ_REASON,TNA_OBJ_ID,TNA_OBJ_REG_DATE,TNA_OBJ_CHANGED_CODE,TNA_SEQ,TNA_OBJ_STATUS,TNA_OBJ_PROC_STATUS_CODE,TNA_OBJ_ORI_STATUS_CODE,TNA_OBJ_TIME) values (25,'거래처 보안교육','kh2001',to_date('21/03/05','RR/MM/DD'),4,60,'start',2,3,to_date('21/03/05','RR/MM/DD'));
Insert into ST.TNA_OBJECTION (TNA_OBJ_SEQ,TNA_OBJ_REASON,TNA_OBJ_ID,TNA_OBJ_REG_DATE,TNA_OBJ_CHANGED_CODE,TNA_SEQ,TNA_OBJ_STATUS,TNA_OBJ_PROC_STATUS_CODE,TNA_OBJ_ORI_STATUS_CODE,TNA_OBJ_TIME) values (28,'전 수업시간 맞춰서 들어왔는데 지각이래요 ','kh2016',to_date('21/03/08','RR/MM/DD'),2,148,'start',3,3,to_date('21/03/08','RR/MM/DD'));
Insert into ST.TNA_OBJECTION (TNA_OBJ_SEQ,TNA_OBJ_REASON,TNA_OBJ_ID,TNA_OBJ_REG_DATE,TNA_OBJ_CHANGED_CODE,TNA_SEQ,TNA_OBJ_STATUS,TNA_OBJ_PROC_STATUS_CODE,TNA_OBJ_ORI_STATUS_CODE,TNA_OBJ_TIME) values (16,'재확인','test1',to_date('21/02/18','RR/MM/DD'),5,24,'start',3,3,to_date('21/02/17','RR/MM/DD'));
Insert into ST.TNA_OBJECTION (TNA_OBJ_SEQ,TNA_OBJ_REASON,TNA_OBJ_ID,TNA_OBJ_REG_DATE,TNA_OBJ_CHANGED_CODE,TNA_SEQ,TNA_OBJ_STATUS,TNA_OBJ_PROC_STATUS_CODE,TNA_OBJ_ORI_STATUS_CODE,TNA_OBJ_TIME) values (29,'발표','test1',to_date('21/03/08','RR/MM/DD'),4,151,'start',3,3,to_date('21/03/08','RR/MM/DD'));
Insert into ST.TNA_OBJECTION (TNA_OBJ_SEQ,TNA_OBJ_REASON,TNA_OBJ_ID,TNA_OBJ_REG_DATE,TNA_OBJ_CHANGED_CODE,TNA_SEQ,TNA_OBJ_STATUS,TNA_OBJ_PROC_STATUS_CODE,TNA_OBJ_ORI_STATUS_CODE,TNA_OBJ_TIME) values (17,'dfsfdasfda','test1',to_date('21/02/17','RR/MM/DD'),9,24,'end',2,8,to_date('21/02/17','RR/MM/DD'));
Insert into ST.TNA_OBJECTION (TNA_OBJ_SEQ,TNA_OBJ_REASON,TNA_OBJ_ID,TNA_OBJ_REG_DATE,TNA_OBJ_CHANGED_CODE,TNA_SEQ,TNA_OBJ_STATUS,TNA_OBJ_PROC_STATUS_CODE,TNA_OBJ_ORI_STATUS_CODE,TNA_OBJ_TIME) values (13,'신청되나요 ','1111',to_date('21/02/15','RR/MM/DD'),4,8,'start',3,2,to_date('21/02/01','RR/MM/DD'));
Insert into ST.TNA_OBJECTION (TNA_OBJ_SEQ,TNA_OBJ_REASON,TNA_OBJ_ID,TNA_OBJ_REG_DATE,TNA_OBJ_CHANGED_CODE,TNA_SEQ,TNA_OBJ_STATUS,TNA_OBJ_PROC_STATUS_CODE,TNA_OBJ_ORI_STATUS_CODE,TNA_OBJ_TIME) values (14,'제때 출근했는데 출근 버튼을 깜빡 했습니다. 죄송합니다..','1111',to_date('21/02/22','RR/MM/DD'),2,19,'start',3,3,to_date('21/02/15','RR/MM/DD'));
Insert into ST.TNA_OBJECTION (TNA_OBJ_SEQ,TNA_OBJ_REASON,TNA_OBJ_ID,TNA_OBJ_REG_DATE,TNA_OBJ_CHANGED_CODE,TNA_SEQ,TNA_OBJ_STATUS,TNA_OBJ_PROC_STATUS_CODE,TNA_OBJ_ORI_STATUS_CODE,TNA_OBJ_TIME) values (20,'출근버튼 깜빡했또요 힝!!!!!!!!!!!!!!!!!','1111',to_date('21/02/19','RR/MM/DD'),2,23,'start',2,3,to_date('21/02/17','RR/MM/DD'));
Insert into ST.TNA_OBJECTION (TNA_OBJ_SEQ,TNA_OBJ_REASON,TNA_OBJ_ID,TNA_OBJ_REG_DATE,TNA_OBJ_CHANGED_CODE,TNA_SEQ,TNA_OBJ_STATUS,TNA_OBJ_PROC_STATUS_CODE,TNA_OBJ_ORI_STATUS_CODE,TNA_OBJ_TIME) values (15,'dd','test1',to_date('21/02/16','RR/MM/DD'),9,21,'end',3,8,to_date('21/02/16','RR/MM/DD'));
Insert into ST.TNA_OBJECTION (TNA_OBJ_SEQ,TNA_OBJ_REASON,TNA_OBJ_ID,TNA_OBJ_REG_DATE,TNA_OBJ_CHANGED_CODE,TNA_SEQ,TNA_OBJ_STATUS,TNA_OBJ_PROC_STATUS_CODE,TNA_OBJ_ORI_STATUS_CODE,TNA_OBJ_TIME) values (19,'일갔다왔다','1111',to_date('21/02/19','RR/MM/DD'),1,26,'start',3,3,to_date('21/02/19','RR/MM/DD'));
Insert into ST.TNA_OBJECTION (TNA_OBJ_SEQ,TNA_OBJ_REASON,TNA_OBJ_ID,TNA_OBJ_REG_DATE,TNA_OBJ_CHANGED_CODE,TNA_SEQ,TNA_OBJ_STATUS,TNA_OBJ_PROC_STATUS_CODE,TNA_OBJ_ORI_STATUS_CODE,TNA_OBJ_TIME) values (22,'주말에 나왔는데 이게 어떻게 지각이야 오히려 감사해야지','1111',to_date('21/02/27','RR/MM/DD'),2,48,'start',2,3,to_date('21/02/27','RR/MM/DD'));
Insert into ST.TNA_OBJECTION (TNA_OBJ_SEQ,TNA_OBJ_REASON,TNA_OBJ_ID,TNA_OBJ_REG_DATE,TNA_OBJ_CHANGED_CODE,TNA_SEQ,TNA_OBJ_STATUS,TNA_OBJ_PROC_STATUS_CODE,TNA_OBJ_ORI_STATUS_CODE,TNA_OBJ_TIME) values (30,'고쳐주라아','kh2011',to_date('21/03/08','RR/MM/DD'),2,150,'start',3,3,to_date('21/03/08','RR/MM/DD'));
Insert into ST.TNA_OBJECTION (TNA_OBJ_SEQ,TNA_OBJ_REASON,TNA_OBJ_ID,TNA_OBJ_REG_DATE,TNA_OBJ_CHANGED_CODE,TNA_SEQ,TNA_OBJ_STATUS,TNA_OBJ_PROC_STATUS_CODE,TNA_OBJ_ORI_STATUS_CODE,TNA_OBJ_TIME) values (31,'허허..','kh2012',to_date('21/03/08','RR/MM/DD'),4,149,'start',3,3,to_date('21/03/08','RR/MM/DD'));
Insert into ST.TNA_OBJECTION (TNA_OBJ_SEQ,TNA_OBJ_REASON,TNA_OBJ_ID,TNA_OBJ_REG_DATE,TNA_OBJ_CHANGED_CODE,TNA_SEQ,TNA_OBJ_STATUS,TNA_OBJ_PROC_STATUS_CODE,TNA_OBJ_ORI_STATUS_CODE,TNA_OBJ_TIME) values (32,'출장보내주세요 여기 너무답답스 ..','kh2001',to_date('21/03/08','RR/MM/DD'),6,152,'start',2,3,to_date('21/03/08','RR/MM/DD'));
Insert into ST.TNA_OBJECTION (TNA_OBJ_SEQ,TNA_OBJ_REASON,TNA_OBJ_ID,TNA_OBJ_REG_DATE,TNA_OBJ_CHANGED_CODE,TNA_SEQ,TNA_OBJ_STATUS,TNA_OBJ_PROC_STATUS_CODE,TNA_OBJ_ORI_STATUS_CODE,TNA_OBJ_TIME) values (33,'난 몰러유','kh2022',to_date('21/03/08','RR/MM/DD'),2,145,'start',3,3,to_date('21/03/08','RR/MM/DD'));
Insert into ST.TNA_OBJECTION (TNA_OBJ_SEQ,TNA_OBJ_REASON,TNA_OBJ_ID,TNA_OBJ_REG_DATE,TNA_OBJ_CHANGED_CODE,TNA_SEQ,TNA_OBJ_STATUS,TNA_OBJ_PROC_STATUS_CODE,TNA_OBJ_ORI_STATUS_CODE,TNA_OBJ_TIME) values (34,'잘못누름','kh2022',to_date('21/03/08','RR/MM/DD'),2,145,'end',3,8,to_date('21/03/08','RR/MM/DD'));
Insert into ST.TNA_OBJECTION (TNA_OBJ_SEQ,TNA_OBJ_REASON,TNA_OBJ_ID,TNA_OBJ_REG_DATE,TNA_OBJ_CHANGED_CODE,TNA_SEQ,TNA_OBJ_STATUS,TNA_OBJ_PROC_STATUS_CODE,TNA_OBJ_ORI_STATUS_CODE,TNA_OBJ_TIME) values (3,'315315135','1111',to_date('21/02/18','RR/MM/DD'),4,15,'start',3,3,to_date('21/02/09','RR/MM/DD'));
Insert into ST.TNA_OBJECTION (TNA_OBJ_SEQ,TNA_OBJ_REASON,TNA_OBJ_ID,TNA_OBJ_REG_DATE,TNA_OBJ_CHANGED_CODE,TNA_SEQ,TNA_OBJ_STATUS,TNA_OBJ_PROC_STATUS_CODE,TNA_OBJ_ORI_STATUS_CODE,TNA_OBJ_TIME) values (1,'1','1111',to_date('21/02/10','RR/MM/DD'),1,16,'end',2,8,to_date('21/02/10','RR/MM/DD'));
Insert into ST.TNA_OBJECTION (TNA_OBJ_SEQ,TNA_OBJ_REASON,TNA_OBJ_ID,TNA_OBJ_REG_DATE,TNA_OBJ_CHANGED_CODE,TNA_SEQ,TNA_OBJ_STATUS,TNA_OBJ_PROC_STATUS_CODE,TNA_OBJ_ORI_STATUS_CODE,TNA_OBJ_TIME) values (2,'2','1111',to_date('21/02/10','RR/MM/DD'),2,16,'start',2,3,to_date('21/02/10','RR/MM/DD'));
Insert into ST.TNA_OBJECTION (TNA_OBJ_SEQ,TNA_OBJ_REASON,TNA_OBJ_ID,TNA_OBJ_REG_DATE,TNA_OBJ_CHANGED_CODE,TNA_SEQ,TNA_OBJ_STATUS,TNA_OBJ_PROC_STATUS_CODE,TNA_OBJ_ORI_STATUS_CODE,TNA_OBJ_TIME) values (4,'4','1111',to_date('21/02/10','RR/MM/DD'),4,14,'end',3,9,to_date('21/02/08','RR/MM/DD'));
Insert into ST.TNA_OBJECTION (TNA_OBJ_SEQ,TNA_OBJ_REASON,TNA_OBJ_ID,TNA_OBJ_REG_DATE,TNA_OBJ_CHANGED_CODE,TNA_SEQ,TNA_OBJ_STATUS,TNA_OBJ_PROC_STATUS_CODE,TNA_OBJ_ORI_STATUS_CODE,TNA_OBJ_TIME) values (5,'5','1111',to_date('21/02/10','RR/MM/DD'),5,14,'start',3,3,to_date('21/02/08','RR/MM/DD'));
Insert into ST.TNA_OBJECTION (TNA_OBJ_SEQ,TNA_OBJ_REASON,TNA_OBJ_ID,TNA_OBJ_REG_DATE,TNA_OBJ_CHANGED_CODE,TNA_SEQ,TNA_OBJ_STATUS,TNA_OBJ_PROC_STATUS_CODE,TNA_OBJ_ORI_STATUS_CODE,TNA_OBJ_TIME) values (6,'6','1111',to_date('21/02/10','RR/MM/DD'),6,12,'end',3,10,to_date('21/02/05','RR/MM/DD'));
Insert into ST.TNA_OBJECTION (TNA_OBJ_SEQ,TNA_OBJ_REASON,TNA_OBJ_ID,TNA_OBJ_REG_DATE,TNA_OBJ_CHANGED_CODE,TNA_SEQ,TNA_OBJ_STATUS,TNA_OBJ_PROC_STATUS_CODE,TNA_OBJ_ORI_STATUS_CODE,TNA_OBJ_TIME) values (7,'7','1111',to_date('21/02/10','RR/MM/DD'),7,12,'start',3,3,to_date('21/02/05','RR/MM/DD'));
Insert into ST.TNA_OBJECTION (TNA_OBJ_SEQ,TNA_OBJ_REASON,TNA_OBJ_ID,TNA_OBJ_REG_DATE,TNA_OBJ_CHANGED_CODE,TNA_SEQ,TNA_OBJ_STATUS,TNA_OBJ_PROC_STATUS_CODE,TNA_OBJ_ORI_STATUS_CODE,TNA_OBJ_TIME) values (8,'8','1111',to_date('21/02/10','RR/MM/DD'),8,11,'start',3,3,to_date('21/02/03','RR/MM/DD'));
Insert into ST.TNA_OBJECTION (TNA_OBJ_SEQ,TNA_OBJ_REASON,TNA_OBJ_ID,TNA_OBJ_REG_DATE,TNA_OBJ_CHANGED_CODE,TNA_SEQ,TNA_OBJ_STATUS,TNA_OBJ_PROC_STATUS_CODE,TNA_OBJ_ORI_STATUS_CODE,TNA_OBJ_TIME) values (9,'9','1111',to_date('21/02/10','RR/MM/DD'),9,9,'end',3,10,to_date('21/02/02','RR/MM/DD'));
Insert into ST.TNA_OBJECTION (TNA_OBJ_SEQ,TNA_OBJ_REASON,TNA_OBJ_ID,TNA_OBJ_REG_DATE,TNA_OBJ_CHANGED_CODE,TNA_SEQ,TNA_OBJ_STATUS,TNA_OBJ_PROC_STATUS_CODE,TNA_OBJ_ORI_STATUS_CODE,TNA_OBJ_TIME) values (10,'재상신 6666','1111',to_date('21/02/18','RR/MM/DD'),4,9,'start',3,3,to_date('21/02/02','RR/MM/DD'));
Insert into ST.TNA_OBJECTION (TNA_OBJ_SEQ,TNA_OBJ_REASON,TNA_OBJ_ID,TNA_OBJ_REG_DATE,TNA_OBJ_CHANGED_CODE,TNA_SEQ,TNA_OBJ_STATUS,TNA_OBJ_PROC_STATUS_CODE,TNA_OBJ_ORI_STATUS_CODE,TNA_OBJ_TIME) values (11,'12344','1111',to_date('21/02/10','RR/MM/DD'),4,3,'start',2,3,to_date('21/01/22','RR/MM/DD'));
Insert into ST.TNA_OBJECTION (TNA_OBJ_SEQ,TNA_OBJ_REASON,TNA_OBJ_ID,TNA_OBJ_REG_DATE,TNA_OBJ_CHANGED_CODE,TNA_SEQ,TNA_OBJ_STATUS,TNA_OBJ_PROC_STATUS_CODE,TNA_OBJ_ORI_STATUS_CODE,TNA_OBJ_TIME) values (12,'55555','1111',to_date('21/02/10','RR/MM/DD'),1,3,'end',3,8,to_date('21/01/22','RR/MM/DD'));
Insert into ST.TNA_OBJECTION (TNA_OBJ_SEQ,TNA_OBJ_REASON,TNA_OBJ_ID,TNA_OBJ_REG_DATE,TNA_OBJ_CHANGED_CODE,TNA_SEQ,TNA_OBJ_STATUS,TNA_OBJ_PROC_STATUS_CODE,TNA_OBJ_ORI_STATUS_CODE,TNA_OBJ_TIME) values (21,'솔직히 1분 늦은거는 지각 아닌거 아닌가요? 너무하네 거','1111',to_date('21/02/22','RR/MM/DD'),2,32,'start',3,3,to_date('21/02/22','RR/MM/DD'));
Insert into ST.TNA_OBJECTION (TNA_OBJ_SEQ,TNA_OBJ_REASON,TNA_OBJ_ID,TNA_OBJ_REG_DATE,TNA_OBJ_CHANGED_CODE,TNA_SEQ,TNA_OBJ_STATUS,TNA_OBJ_PROC_STATUS_CODE,TNA_OBJ_ORI_STATUS_CODE,TNA_OBJ_TIME) values (23,'잘못찍었ㅆ음','1111',to_date('21/02/28','RR/MM/DD'),4,49,'end',3,8,to_date('21/02/28','RR/MM/DD'));
Insert into ST.TNA_OBJECTION (TNA_OBJ_SEQ,TNA_OBJ_REASON,TNA_OBJ_ID,TNA_OBJ_REG_DATE,TNA_OBJ_CHANGED_CODE,TNA_SEQ,TNA_OBJ_STATUS,TNA_OBJ_PROC_STATUS_CODE,TNA_OBJ_ORI_STATUS_CODE,TNA_OBJ_TIME) values (35,'제때 들어왔는데 오자마자 뭐 시켜서 못찍음','1111',to_date('21/03/31','RR/MM/DD'),2,117,'start',1,3,to_date('21/03/05','RR/MM/DD'));
Insert into ST.TNA_OBJECTION (TNA_OBJ_SEQ,TNA_OBJ_REASON,TNA_OBJ_ID,TNA_OBJ_REG_DATE,TNA_OBJ_CHANGED_CODE,TNA_SEQ,TNA_OBJ_STATUS,TNA_OBJ_PROC_STATUS_CODE,TNA_OBJ_ORI_STATUS_CODE,TNA_OBJ_TIME) values (18,'??','1111',to_date('21/02/19','RR/MM/DD'),10,25,'end',3,10,to_date('21/02/18','RR/MM/DD'));
Insert into ST.TNA_OBJECTION (TNA_OBJ_SEQ,TNA_OBJ_REASON,TNA_OBJ_ID,TNA_OBJ_REG_DATE,TNA_OBJ_CHANGED_CODE,TNA_SEQ,TNA_OBJ_STATUS,TNA_OBJ_PROC_STATUS_CODE,TNA_OBJ_ORI_STATUS_CODE,TNA_OBJ_TIME) values (24,'ddd','test7',to_date('21/03/01','RR/MM/DD'),9,53,'end',2,8,to_date('21/03/01','RR/MM/DD'));
Insert into ST.TNA_OBJECTION (TNA_OBJ_SEQ,TNA_OBJ_REASON,TNA_OBJ_ID,TNA_OBJ_REG_DATE,TNA_OBJ_CHANGED_CODE,TNA_SEQ,TNA_OBJ_STATUS,TNA_OBJ_PROC_STATUS_CODE,TNA_OBJ_ORI_STATUS_CODE,TNA_OBJ_TIME) values (26,'봐주세요~','kh2014',to_date('21/03/07','RR/MM/DD'),4,141,'start',2,3,to_date('21/03/07','RR/MM/DD'));
Insert into ST.TNA_OBJECTION (TNA_OBJ_SEQ,TNA_OBJ_REASON,TNA_OBJ_ID,TNA_OBJ_REG_DATE,TNA_OBJ_CHANGED_CODE,TNA_SEQ,TNA_OBJ_STATUS,TNA_OBJ_PROC_STATUS_CODE,TNA_OBJ_ORI_STATUS_CODE,TNA_OBJ_TIME) values (27,'아니어요...그것이 아니어요..','kh2019',to_date('21/03/07','RR/MM/DD'),9,142,'start',2,3,to_date('21/03/07','RR/MM/DD'));
REM INSERTING into ST.TNA_OBJ_PROC_STATUS
SET DEFINE OFF;
Insert into ST.TNA_OBJ_PROC_STATUS (TNA_OBJ_PROC_STATUS_CODE,TNA_OBJ_PROC_STATUS_NAME) values (1,'조정중');
Insert into ST.TNA_OBJ_PROC_STATUS (TNA_OBJ_PROC_STATUS_CODE,TNA_OBJ_PROC_STATUS_NAME) values (2,'반려');
Insert into ST.TNA_OBJ_PROC_STATUS (TNA_OBJ_PROC_STATUS_CODE,TNA_OBJ_PROC_STATUS_NAME) values (3,'승인');
REM INSERTING into ST.TNA_STATUS
SET DEFINE OFF;
Insert into ST.TNA_STATUS (TNA_STATUS_CODE,TNA_STATUS_NAME) values (1,'외근출근');
Insert into ST.TNA_STATUS (TNA_STATUS_CODE,TNA_STATUS_NAME) values (2,'정상출근');
Insert into ST.TNA_STATUS (TNA_STATUS_CODE,TNA_STATUS_NAME) values (3,'지각');
Insert into ST.TNA_STATUS (TNA_STATUS_CODE,TNA_STATUS_NAME) values (4,'교육훈련');
Insert into ST.TNA_STATUS (TNA_STATUS_CODE,TNA_STATUS_NAME) values (5,'결근');
Insert into ST.TNA_STATUS (TNA_STATUS_CODE,TNA_STATUS_NAME) values (6,'출장');
Insert into ST.TNA_STATUS (TNA_STATUS_CODE,TNA_STATUS_NAME) values (7,'휴가');
Insert into ST.TNA_STATUS (TNA_STATUS_CODE,TNA_STATUS_NAME) values (8,'조퇴');
Insert into ST.TNA_STATUS (TNA_STATUS_CODE,TNA_STATUS_NAME) values (9,'정상퇴근');
Insert into ST.TNA_STATUS (TNA_STATUS_CODE,TNA_STATUS_NAME) values (10,'야근');
REM INSERTING into ST.WEBHARD_ACCESS
SET DEFINE OFF;
Insert into ST.WEBHARD_ACCESS (WH_ID,WH_DIR_SEQ,WH_DIR_TYPE_CODE) values ('hoihoi914',47,0);
Insert into ST.WEBHARD_ACCESS (WH_ID,WH_DIR_SEQ,WH_DIR_TYPE_CODE) values ('admin',73,0);
Insert into ST.WEBHARD_ACCESS (WH_ID,WH_DIR_SEQ,WH_DIR_TYPE_CODE) values ('2309rpg',1,2);
Insert into ST.WEBHARD_ACCESS (WH_ID,WH_DIR_SEQ,WH_DIR_TYPE_CODE) values ('2309rpg',38,1);
Insert into ST.WEBHARD_ACCESS (WH_ID,WH_DIR_SEQ,WH_DIR_TYPE_CODE) values ('admin',1,2);
Insert into ST.WEBHARD_ACCESS (WH_ID,WH_DIR_SEQ,WH_DIR_TYPE_CODE) values ('admin',119,1);
Insert into ST.WEBHARD_ACCESS (WH_ID,WH_DIR_SEQ,WH_DIR_TYPE_CODE) values ('kh2001',120,0);
Insert into ST.WEBHARD_ACCESS (WH_ID,WH_DIR_SEQ,WH_DIR_TYPE_CODE) values ('kh2001',1,2);
Insert into ST.WEBHARD_ACCESS (WH_ID,WH_DIR_SEQ,WH_DIR_TYPE_CODE) values ('kh2001',38,1);
Insert into ST.WEBHARD_ACCESS (WH_ID,WH_DIR_SEQ,WH_DIR_TYPE_CODE) values ('kh2013',139,0);
Insert into ST.WEBHARD_ACCESS (WH_ID,WH_DIR_SEQ,WH_DIR_TYPE_CODE) values ('kh2013',1,2);
Insert into ST.WEBHARD_ACCESS (WH_ID,WH_DIR_SEQ,WH_DIR_TYPE_CODE) values ('kh2013',33,1);
Insert into ST.WEBHARD_ACCESS (WH_ID,WH_DIR_SEQ,WH_DIR_TYPE_CODE) values ('kh2010',140,0);
Insert into ST.WEBHARD_ACCESS (WH_ID,WH_DIR_SEQ,WH_DIR_TYPE_CODE) values ('kh2010',1,2);
Insert into ST.WEBHARD_ACCESS (WH_ID,WH_DIR_SEQ,WH_DIR_TYPE_CODE) values ('kh2010',45,1);
Insert into ST.WEBHARD_ACCESS (WH_ID,WH_DIR_SEQ,WH_DIR_TYPE_CODE) values ('kh2007',141,0);
Insert into ST.WEBHARD_ACCESS (WH_ID,WH_DIR_SEQ,WH_DIR_TYPE_CODE) values ('kh2007',1,2);
Insert into ST.WEBHARD_ACCESS (WH_ID,WH_DIR_SEQ,WH_DIR_TYPE_CODE) values ('kh2007',7,1);
Insert into ST.WEBHARD_ACCESS (WH_ID,WH_DIR_SEQ,WH_DIR_TYPE_CODE) values ('kh2005',142,0);
Insert into ST.WEBHARD_ACCESS (WH_ID,WH_DIR_SEQ,WH_DIR_TYPE_CODE) values ('kh2005',1,2);
Insert into ST.WEBHARD_ACCESS (WH_ID,WH_DIR_SEQ,WH_DIR_TYPE_CODE) values ('kh2005',5,1);
Insert into ST.WEBHARD_ACCESS (WH_ID,WH_DIR_SEQ,WH_DIR_TYPE_CODE) values ('kh2018',143,0);
Insert into ST.WEBHARD_ACCESS (WH_ID,WH_DIR_SEQ,WH_DIR_TYPE_CODE) values ('kh2018',1,2);
Insert into ST.WEBHARD_ACCESS (WH_ID,WH_DIR_SEQ,WH_DIR_TYPE_CODE) values ('kh2018',115,1);
Insert into ST.WEBHARD_ACCESS (WH_ID,WH_DIR_SEQ,WH_DIR_TYPE_CODE) values ('kh2020',148,0);
Insert into ST.WEBHARD_ACCESS (WH_ID,WH_DIR_SEQ,WH_DIR_TYPE_CODE) values ('kh2020',1,2);
Insert into ST.WEBHARD_ACCESS (WH_ID,WH_DIR_SEQ,WH_DIR_TYPE_CODE) values ('kh2020',5,1);
Insert into ST.WEBHARD_ACCESS (WH_ID,WH_DIR_SEQ,WH_DIR_TYPE_CODE) values ('1111',1,2);
Insert into ST.WEBHARD_ACCESS (WH_ID,WH_DIR_SEQ,WH_DIR_TYPE_CODE) values ('1111',6,1);
Insert into ST.WEBHARD_ACCESS (WH_ID,WH_DIR_SEQ,WH_DIR_TYPE_CODE) values ('test2',40,0);
Insert into ST.WEBHARD_ACCESS (WH_ID,WH_DIR_SEQ,WH_DIR_TYPE_CODE) values ('test3',1,2);
Insert into ST.WEBHARD_ACCESS (WH_ID,WH_DIR_SEQ,WH_DIR_TYPE_CODE) values ('test3',5,1);
Insert into ST.WEBHARD_ACCESS (WH_ID,WH_DIR_SEQ,WH_DIR_TYPE_CODE) values ('kh2017',157,0);
Insert into ST.WEBHARD_ACCESS (WH_ID,WH_DIR_SEQ,WH_DIR_TYPE_CODE) values ('kh2017',1,2);
Insert into ST.WEBHARD_ACCESS (WH_ID,WH_DIR_SEQ,WH_DIR_TYPE_CODE) values ('kh2017',7,1);
Insert into ST.WEBHARD_ACCESS (WH_ID,WH_DIR_SEQ,WH_DIR_TYPE_CODE) values ('kh2009',38,1);
Insert into ST.WEBHARD_ACCESS (WH_ID,WH_DIR_SEQ,WH_DIR_TYPE_CODE) values ('1111',9,0);
Insert into ST.WEBHARD_ACCESS (WH_ID,WH_DIR_SEQ,WH_DIR_TYPE_CODE) values ('test1',10,0);
Insert into ST.WEBHARD_ACCESS (WH_ID,WH_DIR_SEQ,WH_DIR_TYPE_CODE) values ('test1',1,2);
Insert into ST.WEBHARD_ACCESS (WH_ID,WH_DIR_SEQ,WH_DIR_TYPE_CODE) values ('test3',39,0);
Insert into ST.WEBHARD_ACCESS (WH_ID,WH_DIR_SEQ,WH_DIR_TYPE_CODE) values ('kh2009',123,0);
Insert into ST.WEBHARD_ACCESS (WH_ID,WH_DIR_SEQ,WH_DIR_TYPE_CODE) values ('kh2009',1,2);
Insert into ST.WEBHARD_ACCESS (WH_ID,WH_DIR_SEQ,WH_DIR_TYPE_CODE) values ('kh2022',136,0);
Insert into ST.WEBHARD_ACCESS (WH_ID,WH_DIR_SEQ,WH_DIR_TYPE_CODE) values ('kh2022',1,2);
Insert into ST.WEBHARD_ACCESS (WH_ID,WH_DIR_SEQ,WH_DIR_TYPE_CODE) values ('kh2022',119,1);
Insert into ST.WEBHARD_ACCESS (WH_ID,WH_DIR_SEQ,WH_DIR_TYPE_CODE) values ('kh2016',137,0);
Insert into ST.WEBHARD_ACCESS (WH_ID,WH_DIR_SEQ,WH_DIR_TYPE_CODE) values ('kh2016',1,2);
Insert into ST.WEBHARD_ACCESS (WH_ID,WH_DIR_SEQ,WH_DIR_TYPE_CODE) values ('kh2016',45,1);
Insert into ST.WEBHARD_ACCESS (WH_ID,WH_DIR_SEQ,WH_DIR_TYPE_CODE) values ('kh2012',144,0);
Insert into ST.WEBHARD_ACCESS (WH_ID,WH_DIR_SEQ,WH_DIR_TYPE_CODE) values ('kh2012',1,2);
Insert into ST.WEBHARD_ACCESS (WH_ID,WH_DIR_SEQ,WH_DIR_TYPE_CODE) values ('kh2012',119,1);
Insert into ST.WEBHARD_ACCESS (WH_ID,WH_DIR_SEQ,WH_DIR_TYPE_CODE) values ('kh2015',151,0);
Insert into ST.WEBHARD_ACCESS (WH_ID,WH_DIR_SEQ,WH_DIR_TYPE_CODE) values ('kh2015',1,2);
Insert into ST.WEBHARD_ACCESS (WH_ID,WH_DIR_SEQ,WH_DIR_TYPE_CODE) values ('kh2015',38,1);
Insert into ST.WEBHARD_ACCESS (WH_ID,WH_DIR_SEQ,WH_DIR_TYPE_CODE) values ('kh2000',163,0);
Insert into ST.WEBHARD_ACCESS (WH_ID,WH_DIR_SEQ,WH_DIR_TYPE_CODE) values ('kh2000',1,2);
Insert into ST.WEBHARD_ACCESS (WH_ID,WH_DIR_SEQ,WH_DIR_TYPE_CODE) values ('kh2000',8,1);
Insert into ST.WEBHARD_ACCESS (WH_ID,WH_DIR_SEQ,WH_DIR_TYPE_CODE) values ('test4',1,2);
Insert into ST.WEBHARD_ACCESS (WH_ID,WH_DIR_SEQ,WH_DIR_TYPE_CODE) values ('test4',38,1);
Insert into ST.WEBHARD_ACCESS (WH_ID,WH_DIR_SEQ,WH_DIR_TYPE_CODE) values ('test6',81,0);
Insert into ST.WEBHARD_ACCESS (WH_ID,WH_DIR_SEQ,WH_DIR_TYPE_CODE) values ('test6',1,2);
Insert into ST.WEBHARD_ACCESS (WH_ID,WH_DIR_SEQ,WH_DIR_TYPE_CODE) values ('test6',33,1);
Insert into ST.WEBHARD_ACCESS (WH_ID,WH_DIR_SEQ,WH_DIR_TYPE_CODE) values ('kh2003',128,0);
Insert into ST.WEBHARD_ACCESS (WH_ID,WH_DIR_SEQ,WH_DIR_TYPE_CODE) values ('kh2003',1,2);
Insert into ST.WEBHARD_ACCESS (WH_ID,WH_DIR_SEQ,WH_DIR_TYPE_CODE) values ('kh2003',115,1);
Insert into ST.WEBHARD_ACCESS (WH_ID,WH_DIR_SEQ,WH_DIR_TYPE_CODE) values ('kh2002',131,0);
Insert into ST.WEBHARD_ACCESS (WH_ID,WH_DIR_SEQ,WH_DIR_TYPE_CODE) values ('kh2002',1,2);
Insert into ST.WEBHARD_ACCESS (WH_ID,WH_DIR_SEQ,WH_DIR_TYPE_CODE) values ('kh2002',45,1);
Insert into ST.WEBHARD_ACCESS (WH_ID,WH_DIR_SEQ,WH_DIR_TYPE_CODE) values ('kh2008',135,0);
Insert into ST.WEBHARD_ACCESS (WH_ID,WH_DIR_SEQ,WH_DIR_TYPE_CODE) values ('kh2008',1,2);
Insert into ST.WEBHARD_ACCESS (WH_ID,WH_DIR_SEQ,WH_DIR_TYPE_CODE) values ('kh2008',6,1);
Insert into ST.WEBHARD_ACCESS (WH_ID,WH_DIR_SEQ,WH_DIR_TYPE_CODE) values ('2309rpg',48,0);
Insert into ST.WEBHARD_ACCESS (WH_ID,WH_DIR_SEQ,WH_DIR_TYPE_CODE) values ('test4',76,0);
Insert into ST.WEBHARD_ACCESS (WH_ID,WH_DIR_SEQ,WH_DIR_TYPE_CODE) values ('test7',77,0);
Insert into ST.WEBHARD_ACCESS (WH_ID,WH_DIR_SEQ,WH_DIR_TYPE_CODE) values ('test7',1,2);
Insert into ST.WEBHARD_ACCESS (WH_ID,WH_DIR_SEQ,WH_DIR_TYPE_CODE) values ('test7',32,1);
Insert into ST.WEBHARD_ACCESS (WH_ID,WH_DIR_SEQ,WH_DIR_TYPE_CODE) values ('test5',80,0);
Insert into ST.WEBHARD_ACCESS (WH_ID,WH_DIR_SEQ,WH_DIR_TYPE_CODE) values ('test5',1,2);
Insert into ST.WEBHARD_ACCESS (WH_ID,WH_DIR_SEQ,WH_DIR_TYPE_CODE) values ('test5',4,1);
Insert into ST.WEBHARD_ACCESS (WH_ID,WH_DIR_SEQ,WH_DIR_TYPE_CODE) values ('test1',115,1);
Insert into ST.WEBHARD_ACCESS (WH_ID,WH_DIR_SEQ,WH_DIR_TYPE_CODE) values ('hoihoi914',1,2);
Insert into ST.WEBHARD_ACCESS (WH_ID,WH_DIR_SEQ,WH_DIR_TYPE_CODE) values ('hoihoi914',32,1);
Insert into ST.WEBHARD_ACCESS (WH_ID,WH_DIR_SEQ,WH_DIR_TYPE_CODE) values ('Nos',111,0);
Insert into ST.WEBHARD_ACCESS (WH_ID,WH_DIR_SEQ,WH_DIR_TYPE_CODE) values ('Nos',1,2);
Insert into ST.WEBHARD_ACCESS (WH_ID,WH_DIR_SEQ,WH_DIR_TYPE_CODE) values ('Nos',6,1);
Insert into ST.WEBHARD_ACCESS (WH_ID,WH_DIR_SEQ,WH_DIR_TYPE_CODE) values ('kh2004',126,0);
Insert into ST.WEBHARD_ACCESS (WH_ID,WH_DIR_SEQ,WH_DIR_TYPE_CODE) values ('kh2004',1,2);
Insert into ST.WEBHARD_ACCESS (WH_ID,WH_DIR_SEQ,WH_DIR_TYPE_CODE) values ('kh2004',33,1);
Insert into ST.WEBHARD_ACCESS (WH_ID,WH_DIR_SEQ,WH_DIR_TYPE_CODE) values ('kh2006',132,0);
Insert into ST.WEBHARD_ACCESS (WH_ID,WH_DIR_SEQ,WH_DIR_TYPE_CODE) values ('kh2006',1,2);
Insert into ST.WEBHARD_ACCESS (WH_ID,WH_DIR_SEQ,WH_DIR_TYPE_CODE) values ('kh2006',6,1);
Insert into ST.WEBHARD_ACCESS (WH_ID,WH_DIR_SEQ,WH_DIR_TYPE_CODE) values ('kh2011',133,0);
Insert into ST.WEBHARD_ACCESS (WH_ID,WH_DIR_SEQ,WH_DIR_TYPE_CODE) values ('kh2011',1,2);
Insert into ST.WEBHARD_ACCESS (WH_ID,WH_DIR_SEQ,WH_DIR_TYPE_CODE) values ('kh2011',115,1);
Insert into ST.WEBHARD_ACCESS (WH_ID,WH_DIR_SEQ,WH_DIR_TYPE_CODE) values ('kh2019',134,0);
Insert into ST.WEBHARD_ACCESS (WH_ID,WH_DIR_SEQ,WH_DIR_TYPE_CODE) values ('kh2019',1,2);
Insert into ST.WEBHARD_ACCESS (WH_ID,WH_DIR_SEQ,WH_DIR_TYPE_CODE) values ('kh2019',119,1);
REM INSERTING into ST.WEBHARD_DIR
SET DEFINE OFF;
Insert into ST.WEBHARD_DIR (WH_DIR_SEQ,WH_DIR_NAME,WH_DIR_PARENT_SEQ) values (20,'test',4);
Insert into ST.WEBHARD_DIR (WH_DIR_SEQ,WH_DIR_NAME,WH_DIR_PARENT_SEQ) values (23,'하위2',18);
Insert into ST.WEBHARD_DIR (WH_DIR_SEQ,WH_DIR_NAME,WH_DIR_PARENT_SEQ) values (24,'하위2',18);
Insert into ST.WEBHARD_DIR (WH_DIR_SEQ,WH_DIR_NAME,WH_DIR_PARENT_SEQ) values (27,'하위2',3);
Insert into ST.WEBHARD_DIR (WH_DIR_SEQ,WH_DIR_NAME,WH_DIR_PARENT_SEQ) values (47,'hoihoi914',0);
Insert into ST.WEBHARD_DIR (WH_DIR_SEQ,WH_DIR_NAME,WH_DIR_PARENT_SEQ) values (73,'admin',0);
Insert into ST.WEBHARD_DIR (WH_DIR_SEQ,WH_DIR_NAME,WH_DIR_PARENT_SEQ) values (115,'마케팅 1팀',72);
Insert into ST.WEBHARD_DIR (WH_DIR_SEQ,WH_DIR_NAME,WH_DIR_PARENT_SEQ) values (120,'kh2001',0);
Insert into ST.WEBHARD_DIR (WH_DIR_SEQ,WH_DIR_NAME,WH_DIR_PARENT_SEQ) values (139,'kh2013',0);
Insert into ST.WEBHARD_DIR (WH_DIR_SEQ,WH_DIR_NAME,WH_DIR_PARENT_SEQ) values (140,'kh2010',0);
Insert into ST.WEBHARD_DIR (WH_DIR_SEQ,WH_DIR_NAME,WH_DIR_PARENT_SEQ) values (141,'kh2007',0);
Insert into ST.WEBHARD_DIR (WH_DIR_SEQ,WH_DIR_NAME,WH_DIR_PARENT_SEQ) values (142,'kh2005',0);
Insert into ST.WEBHARD_DIR (WH_DIR_SEQ,WH_DIR_NAME,WH_DIR_PARENT_SEQ) values (143,'kh2018',0);
Insert into ST.WEBHARD_DIR (WH_DIR_SEQ,WH_DIR_NAME,WH_DIR_PARENT_SEQ) values (145,'이미지',143);
Insert into ST.WEBHARD_DIR (WH_DIR_SEQ,WH_DIR_NAME,WH_DIR_PARENT_SEQ) values (146,'움짤',145);
Insert into ST.WEBHARD_DIR (WH_DIR_SEQ,WH_DIR_NAME,WH_DIR_PARENT_SEQ) values (147,'재밌는거',146);
Insert into ST.WEBHARD_DIR (WH_DIR_SEQ,WH_DIR_NAME,WH_DIR_PARENT_SEQ) values (148,'kh2020',0);
Insert into ST.WEBHARD_DIR (WH_DIR_SEQ,WH_DIR_NAME,WH_DIR_PARENT_SEQ) values (160,'이미지',134);
Insert into ST.WEBHARD_DIR (WH_DIR_SEQ,WH_DIR_NAME,WH_DIR_PARENT_SEQ) values (161,'폴더 안에 폴더',1);
Insert into ST.WEBHARD_DIR (WH_DIR_SEQ,WH_DIR_NAME,WH_DIR_PARENT_SEQ) values (162,'폴더 안에 폴더 안에 폴더',161);
Insert into ST.WEBHARD_DIR (WH_DIR_SEQ,WH_DIR_NAME,WH_DIR_PARENT_SEQ) values (25,'하위2',3);
Insert into ST.WEBHARD_DIR (WH_DIR_SEQ,WH_DIR_NAME,WH_DIR_PARENT_SEQ) values (26,'하위2',18);
Insert into ST.WEBHARD_DIR (WH_DIR_SEQ,WH_DIR_NAME,WH_DIR_PARENT_SEQ) values (32,'이사',8);
Insert into ST.WEBHARD_DIR (WH_DIR_SEQ,WH_DIR_NAME,WH_DIR_PARENT_SEQ) values (33,'비서실',3);
Insert into ST.WEBHARD_DIR (WH_DIR_SEQ,WH_DIR_NAME,WH_DIR_PARENT_SEQ) values (40,'test2',0);
Insert into ST.WEBHARD_DIR (WH_DIR_SEQ,WH_DIR_NAME,WH_DIR_PARENT_SEQ) values (45,'또잉',5);
Insert into ST.WEBHARD_DIR (WH_DIR_SEQ,WH_DIR_NAME,WH_DIR_PARENT_SEQ) values (93,'02_문서',76);
Insert into ST.WEBHARD_DIR (WH_DIR_SEQ,WH_DIR_NAME,WH_DIR_PARENT_SEQ) values (153,'새폴더',151);
Insert into ST.WEBHARD_DIR (WH_DIR_SEQ,WH_DIR_NAME,WH_DIR_PARENT_SEQ) values (92,'01_프로젝트',76);
Insert into ST.WEBHARD_DIR (WH_DIR_SEQ,WH_DIR_NAME,WH_DIR_PARENT_SEQ) values (94,'하위',39);
Insert into ST.WEBHARD_DIR (WH_DIR_SEQ,WH_DIR_NAME,WH_DIR_PARENT_SEQ) values (95,'개발2팀 참고자료',6);
Insert into ST.WEBHARD_DIR (WH_DIR_SEQ,WH_DIR_NAME,WH_DIR_PARENT_SEQ) values (109,'개발2-2',34);
Insert into ST.WEBHARD_DIR (WH_DIR_SEQ,WH_DIR_NAME,WH_DIR_PARENT_SEQ) values (113,'문서',9);
Insert into ST.WEBHARD_DIR (WH_DIR_SEQ,WH_DIR_NAME,WH_DIR_PARENT_SEQ) values (114,'이미지',9);
Insert into ST.WEBHARD_DIR (WH_DIR_SEQ,WH_DIR_NAME,WH_DIR_PARENT_SEQ) values (154,'소형새폴더',153);
Insert into ST.WEBHARD_DIR (WH_DIR_SEQ,WH_DIR_NAME,WH_DIR_PARENT_SEQ) values (152,'ddd',123);
Insert into ST.WEBHARD_DIR (WH_DIR_SEQ,WH_DIR_NAME,WH_DIR_PARENT_SEQ) values (155,'참새폴더',154);
Insert into ST.WEBHARD_DIR (WH_DIR_SEQ,WH_DIR_NAME,WH_DIR_PARENT_SEQ) values (157,'kh2017',0);
Insert into ST.WEBHARD_DIR (WH_DIR_SEQ,WH_DIR_NAME,WH_DIR_PARENT_SEQ) values (159,'내폴더',158);
Insert into ST.WEBHARD_DIR (WH_DIR_SEQ,WH_DIR_NAME,WH_DIR_PARENT_SEQ) values (22,'하위2',15);
Insert into ST.WEBHARD_DIR (WH_DIR_SEQ,WH_DIR_NAME,WH_DIR_PARENT_SEQ) values (9,'1111',0);
Insert into ST.WEBHARD_DIR (WH_DIR_SEQ,WH_DIR_NAME,WH_DIR_PARENT_SEQ) values (10,'test1',0);
Insert into ST.WEBHARD_DIR (WH_DIR_SEQ,WH_DIR_NAME,WH_DIR_PARENT_SEQ) values (30,'이사',3);
Insert into ST.WEBHARD_DIR (WH_DIR_SEQ,WH_DIR_NAME,WH_DIR_PARENT_SEQ) values (34,'개발팀',2);
Insert into ST.WEBHARD_DIR (WH_DIR_SEQ,WH_DIR_NAME,WH_DIR_PARENT_SEQ) values (39,'test3',0);
Insert into ST.WEBHARD_DIR (WH_DIR_SEQ,WH_DIR_NAME,WH_DIR_PARENT_SEQ) values (124,'xptmxm',10);
Insert into ST.WEBHARD_DIR (WH_DIR_SEQ,WH_DIR_NAME,WH_DIR_PARENT_SEQ) values (122,'영업2팀',38);
Insert into ST.WEBHARD_DIR (WH_DIR_SEQ,WH_DIR_NAME,WH_DIR_PARENT_SEQ) values (123,'kh2009',0);
Insert into ST.WEBHARD_DIR (WH_DIR_SEQ,WH_DIR_NAME,WH_DIR_PARENT_SEQ) values (136,'kh2022',0);
Insert into ST.WEBHARD_DIR (WH_DIR_SEQ,WH_DIR_NAME,WH_DIR_PARENT_SEQ) values (137,'kh2016',0);
Insert into ST.WEBHARD_DIR (WH_DIR_SEQ,WH_DIR_NAME,WH_DIR_PARENT_SEQ) values (138,'ㅋ ㅋ ㅋ ㅋ ㅋ',137);
Insert into ST.WEBHARD_DIR (WH_DIR_SEQ,WH_DIR_NAME,WH_DIR_PARENT_SEQ) values (144,'kh2012',0);
Insert into ST.WEBHARD_DIR (WH_DIR_SEQ,WH_DIR_NAME,WH_DIR_PARENT_SEQ) values (149,'새폴더',148);
Insert into ST.WEBHARD_DIR (WH_DIR_SEQ,WH_DIR_NAME,WH_DIR_PARENT_SEQ) values (72,'tesr',3);
Insert into ST.WEBHARD_DIR (WH_DIR_SEQ,WH_DIR_NAME,WH_DIR_PARENT_SEQ) values (150,'새폴더의 새폴더',149);
Insert into ST.WEBHARD_DIR (WH_DIR_SEQ,WH_DIR_NAME,WH_DIR_PARENT_SEQ) values (151,'kh2015',0);
Insert into ST.WEBHARD_DIR (WH_DIR_SEQ,WH_DIR_NAME,WH_DIR_PARENT_SEQ) values (158,'새폴더',38);
Insert into ST.WEBHARD_DIR (WH_DIR_SEQ,WH_DIR_NAME,WH_DIR_PARENT_SEQ) values (163,'kh2000',0);
Insert into ST.WEBHARD_DIR (WH_DIR_SEQ,WH_DIR_NAME,WH_DIR_PARENT_SEQ) values (0,'Personal',null);
Insert into ST.WEBHARD_DIR (WH_DIR_SEQ,WH_DIR_NAME,WH_DIR_PARENT_SEQ) values (1,'Common',null);
Insert into ST.WEBHARD_DIR (WH_DIR_SEQ,WH_DIR_NAME,WH_DIR_PARENT_SEQ) values (2,'Department',null);
Insert into ST.WEBHARD_DIR (WH_DIR_SEQ,WH_DIR_NAME,WH_DIR_PARENT_SEQ) values (3,'전략기획팀',2);
Insert into ST.WEBHARD_DIR (WH_DIR_SEQ,WH_DIR_NAME,WH_DIR_PARENT_SEQ) values (4,'경영지원실',2);
Insert into ST.WEBHARD_DIR (WH_DIR_SEQ,WH_DIR_NAME,WH_DIR_PARENT_SEQ) values (5,'개발1팀',2);
Insert into ST.WEBHARD_DIR (WH_DIR_SEQ,WH_DIR_NAME,WH_DIR_PARENT_SEQ) values (6,'개발2팀',2);
Insert into ST.WEBHARD_DIR (WH_DIR_SEQ,WH_DIR_NAME,WH_DIR_PARENT_SEQ) values (7,'임원',2);
Insert into ST.WEBHARD_DIR (WH_DIR_SEQ,WH_DIR_NAME,WH_DIR_PARENT_SEQ) values (8,'대표이사',2);
Insert into ST.WEBHARD_DIR (WH_DIR_SEQ,WH_DIR_NAME,WH_DIR_PARENT_SEQ) values (117,'테1',116);
Insert into ST.WEBHARD_DIR (WH_DIR_SEQ,WH_DIR_NAME,WH_DIR_PARENT_SEQ) values (128,'kh2003',0);
Insert into ST.WEBHARD_DIR (WH_DIR_SEQ,WH_DIR_NAME,WH_DIR_PARENT_SEQ) values (15,'임시부서',2);
Insert into ST.WEBHARD_DIR (WH_DIR_SEQ,WH_DIR_NAME,WH_DIR_PARENT_SEQ) values (16,'임시2',2);
Insert into ST.WEBHARD_DIR (WH_DIR_SEQ,WH_DIR_NAME,WH_DIR_PARENT_SEQ) values (17,'임시3',2);
Insert into ST.WEBHARD_DIR (WH_DIR_SEQ,WH_DIR_NAME,WH_DIR_PARENT_SEQ) values (31,'이사',3);
Insert into ST.WEBHARD_DIR (WH_DIR_SEQ,WH_DIR_NAME,WH_DIR_PARENT_SEQ) values (129,'이미지',1);
Insert into ST.WEBHARD_DIR (WH_DIR_SEQ,WH_DIR_NAME,WH_DIR_PARENT_SEQ) values (36,'참고자료',1);
Insert into ST.WEBHARD_DIR (WH_DIR_SEQ,WH_DIR_NAME,WH_DIR_PARENT_SEQ) values (37,'원본서식',36);
Insert into ST.WEBHARD_DIR (WH_DIR_SEQ,WH_DIR_NAME,WH_DIR_PARENT_SEQ) values (38,'영업1팀',3);
Insert into ST.WEBHARD_DIR (WH_DIR_SEQ,WH_DIR_NAME,WH_DIR_PARENT_SEQ) values (81,'test6',0);
Insert into ST.WEBHARD_DIR (WH_DIR_SEQ,WH_DIR_NAME,WH_DIR_PARENT_SEQ) values (131,'kh2002',0);
Insert into ST.WEBHARD_DIR (WH_DIR_SEQ,WH_DIR_NAME,WH_DIR_PARENT_SEQ) values (135,'kh2008',0);
Insert into ST.WEBHARD_DIR (WH_DIR_SEQ,WH_DIR_NAME,WH_DIR_PARENT_SEQ) values (18,'하위',15);
Insert into ST.WEBHARD_DIR (WH_DIR_SEQ,WH_DIR_NAME,WH_DIR_PARENT_SEQ) values (19,'영업 1팀',3);
Insert into ST.WEBHARD_DIR (WH_DIR_SEQ,WH_DIR_NAME,WH_DIR_PARENT_SEQ) values (28,'22',18);
Insert into ST.WEBHARD_DIR (WH_DIR_SEQ,WH_DIR_NAME,WH_DIR_PARENT_SEQ) values (29,'임시222',15);
Insert into ST.WEBHARD_DIR (WH_DIR_SEQ,WH_DIR_NAME,WH_DIR_PARENT_SEQ) values (48,'2309rpg',0);
Insert into ST.WEBHARD_DIR (WH_DIR_SEQ,WH_DIR_NAME,WH_DIR_PARENT_SEQ) values (111,'Nos',0);
Insert into ST.WEBHARD_DIR (WH_DIR_SEQ,WH_DIR_NAME,WH_DIR_PARENT_SEQ) values (76,'test4',0);
Insert into ST.WEBHARD_DIR (WH_DIR_SEQ,WH_DIR_NAME,WH_DIR_PARENT_SEQ) values (77,'test7',0);
Insert into ST.WEBHARD_DIR (WH_DIR_SEQ,WH_DIR_NAME,WH_DIR_PARENT_SEQ) values (118,'테2',116);
Insert into ST.WEBHARD_DIR (WH_DIR_SEQ,WH_DIR_NAME,WH_DIR_PARENT_SEQ) values (80,'test5',0);
Insert into ST.WEBHARD_DIR (WH_DIR_SEQ,WH_DIR_NAME,WH_DIR_PARENT_SEQ) values (82,'양혜림',32);
Insert into ST.WEBHARD_DIR (WH_DIR_SEQ,WH_DIR_NAME,WH_DIR_PARENT_SEQ) values (119,'경영지원팀',4);
Insert into ST.WEBHARD_DIR (WH_DIR_SEQ,WH_DIR_NAME,WH_DIR_PARENT_SEQ) values (125,'노래',1);
Insert into ST.WEBHARD_DIR (WH_DIR_SEQ,WH_DIR_NAME,WH_DIR_PARENT_SEQ) values (126,'kh2004',0);
Insert into ST.WEBHARD_DIR (WH_DIR_SEQ,WH_DIR_NAME,WH_DIR_PARENT_SEQ) values (127,'SQLD',33);
Insert into ST.WEBHARD_DIR (WH_DIR_SEQ,WH_DIR_NAME,WH_DIR_PARENT_SEQ) values (132,'kh2006',0);
Insert into ST.WEBHARD_DIR (WH_DIR_SEQ,WH_DIR_NAME,WH_DIR_PARENT_SEQ) values (133,'kh2011',0);
Insert into ST.WEBHARD_DIR (WH_DIR_SEQ,WH_DIR_NAME,WH_DIR_PARENT_SEQ) values (134,'kh2019',0);
Insert into ST.WEBHARD_DIR (WH_DIR_SEQ,WH_DIR_NAME,WH_DIR_PARENT_SEQ) values (110,'개발3',2);
Insert into ST.WEBHARD_DIR (WH_DIR_SEQ,WH_DIR_NAME,WH_DIR_PARENT_SEQ) values (112,'dtd',95);
Insert into ST.WEBHARD_DIR (WH_DIR_SEQ,WH_DIR_NAME,WH_DIR_PARENT_SEQ) values (116,'테스트',2);
REM INSERTING into ST.WEBHARD_DIR_TYPE
SET DEFINE OFF;
Insert into ST.WEBHARD_DIR_TYPE (WH_DIR_TYPE_CODE,WH_DIR_TYPE_NAME) values (0,'Personal');
Insert into ST.WEBHARD_DIR_TYPE (WH_DIR_TYPE_CODE,WH_DIR_TYPE_NAME) values (1,'Department');
Insert into ST.WEBHARD_DIR_TYPE (WH_DIR_TYPE_CODE,WH_DIR_TYPE_NAME) values (2,'Common');
REM INSERTING into ST.WEBHARD_FILES
SET DEFINE OFF;
Insert into ST.WEBHARD_FILES (WH_FILES_SEQ,WH_DIR_SEQ,WH_ORI_NAME,WH_SAVED_NAME,WH_UPLOAD_DATE) values (265,140,'india_icon_127891.png','e0384df8bd314f84bd3056d4972df232_india_icon_127891.png',to_date('21/03/08','RR/MM/DD'));
Insert into ST.WEBHARD_FILES (WH_FILES_SEQ,WH_DIR_SEQ,WH_ORI_NAME,WH_SAVED_NAME,WH_UPLOAD_DATE) values (267,119,'icon.png','72d21a70765e40b89204d16aeae32699_icon.png',to_date('21/03/08','RR/MM/DD'));
Insert into ST.WEBHARD_FILES (WH_FILES_SEQ,WH_DIR_SEQ,WH_ORI_NAME,WH_SAVED_NAME,WH_UPLOAD_DATE) values (266,142,'[]{}{}{.txt','e8e7609e69bc4d24a8120759d996527e_[]{}{}{.txt',to_date('21/03/08','RR/MM/DD'));
Insert into ST.WEBHARD_FILES (WH_FILES_SEQ,WH_DIR_SEQ,WH_ORI_NAME,WH_SAVED_NAME,WH_UPLOAD_DATE) values (268,144,'spring boot.png','ad2c52920d58460e90535783f648b9b4_spring boot.png',to_date('21/03/08','RR/MM/DD'));
Insert into ST.WEBHARD_FILES (WH_FILES_SEQ,WH_DIR_SEQ,WH_ORI_NAME,WH_SAVED_NAME,WH_UPLOAD_DATE) values (269,115,'sdfg.png','38d202fc170c417fbed31d7bf8f6f3c8_개복치.PNG',to_date('21/03/08','RR/MM/DD'));
Insert into ST.WEBHARD_FILES (WH_FILES_SEQ,WH_DIR_SEQ,WH_ORI_NAME,WH_SAVED_NAME,WH_UPLOAD_DATE) values (270,1,'cat2 (1).png','bd42d809262248e29624b6c822b2dd6b_cat2 (1).png',to_date('21/03/08','RR/MM/DD'));
Insert into ST.WEBHARD_FILES (WH_FILES_SEQ,WH_DIR_SEQ,WH_ORI_NAME,WH_SAVED_NAME,WH_UPLOAD_DATE) values (289,134,'myface.png','855244ff1ee447e7a61ee66d1d278f2e_myface.png',to_date('21/03/08','RR/MM/DD'));
Insert into ST.WEBHARD_FILES (WH_FILES_SEQ,WH_DIR_SEQ,WH_ORI_NAME,WH_SAVED_NAME,WH_UPLOAD_DATE) values (292,145,'다운로드.jpg','82624d9560fd462591dc30d0a3f21f92_다운로드.jpg',to_date('21/03/08','RR/MM/DD'));
Insert into ST.WEBHARD_FILES (WH_FILES_SEQ,WH_DIR_SEQ,WH_ORI_NAME,WH_SAVED_NAME,WH_UPLOAD_DATE) values (294,143,'f5a784f066c449f9849f0fbd0cebad7e.gif','1892e2ef3a4b475a876ed092d1aaa838_f5a784f066c449f9849f0fbd0cebad7e.gif',to_date('21/03/08','RR/MM/DD'));
Insert into ST.WEBHARD_FILES (WH_FILES_SEQ,WH_DIR_SEQ,WH_ORI_NAME,WH_SAVED_NAME,WH_UPLOAD_DATE) values (295,143,'다운로드.jpg','4dc5bce77b2f442187633f0029dce41c_다운로드.jpg',to_date('21/03/08','RR/MM/DD'));
Insert into ST.WEBHARD_FILES (WH_FILES_SEQ,WH_DIR_SEQ,WH_ORI_NAME,WH_SAVED_NAME,WH_UPLOAD_DATE) values (74,38,'01_2_test_diy1.jpg','c87662ee7bb14742892bc89c48ff5e07_01_2_test_diy1.jpg',to_date('21/02/27','RR/MM/DD'));
Insert into ST.WEBHARD_FILES (WH_FILES_SEQ,WH_DIR_SEQ,WH_ORI_NAME,WH_SAVED_NAME,WH_UPLOAD_DATE) values (75,92,'01.24541509.1.png','8d15936ee2ab489d91962b0ce529cdf4_01.24541509.1.png',to_date('21/02/27','RR/MM/DD'));
Insert into ST.WEBHARD_FILES (WH_FILES_SEQ,WH_DIR_SEQ,WH_ORI_NAME,WH_SAVED_NAME,WH_UPLOAD_DATE) values (76,92,'01_2_test_diy1.jpg','6ef93dc5e3644ac98ac0295cb45c00bb_01_2_test_diy1.jpg',to_date('21/02/27','RR/MM/DD'));
Insert into ST.WEBHARD_FILES (WH_FILES_SEQ,WH_DIR_SEQ,WH_ORI_NAME,WH_SAVED_NAME,WH_UPLOAD_DATE) values (77,92,'02_3_test_book.jpg','1def2c01cfa54afa9a97ef9693501af7_02_3_test_book.jpg',to_date('21/02/27','RR/MM/DD'));
Insert into ST.WEBHARD_FILES (WH_FILES_SEQ,WH_DIR_SEQ,WH_ORI_NAME,WH_SAVED_NAME,WH_UPLOAD_DATE) values (78,92,'2-2.png','0191624f80ed45ce9962a5c82eddd471_2-2.png',to_date('21/02/27','RR/MM/DD'));
Insert into ST.WEBHARD_FILES (WH_FILES_SEQ,WH_DIR_SEQ,WH_ORI_NAME,WH_SAVED_NAME,WH_UPLOAD_DATE) values (79,92,'81fb378cbbeb268a52849a308292a7bc.jpg','eb16f013e0ad4c67b0297b4aaf318bde_81fb378cbbeb268a52849a308292a7bc.jpg',to_date('21/02/27','RR/MM/DD'));
Insert into ST.WEBHARD_FILES (WH_FILES_SEQ,WH_DIR_SEQ,WH_ORI_NAME,WH_SAVED_NAME,WH_UPLOAD_DATE) values (80,92,'118_[Tea] 커피.png','31b10d531f594a5ba1e1468a9946b3d8_118_[Tea] 커피.png',to_date('21/02/27','RR/MM/DD'));
Insert into ST.WEBHARD_FILES (WH_FILES_SEQ,WH_DIR_SEQ,WH_ORI_NAME,WH_SAVED_NAME,WH_UPLOAD_DATE) values (81,92,'118_[Tea] 커피.zip','db35b6006eb44fae8348ebdfb7a26edd_118_[Tea] 커피.zip',to_date('21/02/27','RR/MM/DD'));
Insert into ST.WEBHARD_FILES (WH_FILES_SEQ,WH_DIR_SEQ,WH_ORI_NAME,WH_SAVED_NAME,WH_UPLOAD_DATE) values (82,92,'174F1A415105F8D803.png','c0f3f30711c549b1859369afdefbc6b6_174F1A415105F8D803.png',to_date('21/02/27','RR/MM/DD'));
Insert into ST.WEBHARD_FILES (WH_FILES_SEQ,WH_DIR_SEQ,WH_ORI_NAME,WH_SAVED_NAME,WH_UPLOAD_DATE) values (83,92,'223df15db915620d5cdd73b27f105764.png','04c232dd5a804cd793984ca40b70b771_223df15db915620d5cdd73b27f105764.png',to_date('21/02/27','RR/MM/DD'));
Insert into ST.WEBHARD_FILES (WH_FILES_SEQ,WH_DIR_SEQ,WH_ORI_NAME,WH_SAVED_NAME,WH_UPLOAD_DATE) values (85,39,'common (1).jfif','3eb2b9030c2c4edeaf0211ecce3a40af_common (1).jfif',to_date('21/02/27','RR/MM/DD'));
Insert into ST.WEBHARD_FILES (WH_FILES_SEQ,WH_DIR_SEQ,WH_ORI_NAME,WH_SAVED_NAME,WH_UPLOAD_DATE) values (86,39,'common (2).jfif','610ba20f709249c58622f719b50ac72b_common (2).jfif',to_date('21/02/27','RR/MM/DD'));
Insert into ST.WEBHARD_FILES (WH_FILES_SEQ,WH_DIR_SEQ,WH_ORI_NAME,WH_SAVED_NAME,WH_UPLOAD_DATE) values (87,39,'common (3).jfif','d086da4ef17c4ff7b3368f8c0011ddc4_common (3).jfif',to_date('21/02/27','RR/MM/DD'));
Insert into ST.WEBHARD_FILES (WH_FILES_SEQ,WH_DIR_SEQ,WH_ORI_NAME,WH_SAVED_NAME,WH_UPLOAD_DATE) values (88,39,'common (4).jfif','99b2fa22c0404fb0a3bc6b749cfc87ec_common (4).jfif',to_date('21/02/27','RR/MM/DD'));
Insert into ST.WEBHARD_FILES (WH_FILES_SEQ,WH_DIR_SEQ,WH_ORI_NAME,WH_SAVED_NAME,WH_UPLOAD_DATE) values (89,39,'common (5).jfif','f85f8c739a224f82a1c54b6ad751263f_common (5).jfif',to_date('21/02/27','RR/MM/DD'));
Insert into ST.WEBHARD_FILES (WH_FILES_SEQ,WH_DIR_SEQ,WH_ORI_NAME,WH_SAVED_NAME,WH_UPLOAD_DATE) values (91,93,'제리인사.gif','c8cc8e0e524d4e8e98405a56e79c9c24_제리인사.gif',to_date('21/02/27','RR/MM/DD'));
Insert into ST.WEBHARD_FILES (WH_FILES_SEQ,WH_DIR_SEQ,WH_ORI_NAME,WH_SAVED_NAME,WH_UPLOAD_DATE) values (283,157,'angry.png','0d50b4c3882a4fb7aee127ef0287f1a2_angry.png',to_date('21/03/08','RR/MM/DD'));
Insert into ST.WEBHARD_FILES (WH_FILES_SEQ,WH_DIR_SEQ,WH_ORI_NAME,WH_SAVED_NAME,WH_UPLOAD_DATE) values (274,45,'cute1[대괄호] (1).png','0147e78704804f52a707a099049fd26d_cute1[대괄호] (1).png',to_date('21/03/08','RR/MM/DD'));
Insert into ST.WEBHARD_FILES (WH_FILES_SEQ,WH_DIR_SEQ,WH_ORI_NAME,WH_SAVED_NAME,WH_UPLOAD_DATE) values (275,45,'다운로드.png','ffeb6cf85bc44f40a4342202ccb40b52_다운로드.png',to_date('21/03/08','RR/MM/DD'));
Insert into ST.WEBHARD_FILES (WH_FILES_SEQ,WH_DIR_SEQ,WH_ORI_NAME,WH_SAVED_NAME,WH_UPLOAD_DATE) values (284,1,'angry.png','007f470729d04805b5f1555b1c5ca36b_angry.png',to_date('21/03/08','RR/MM/DD'));
Insert into ST.WEBHARD_FILES (WH_FILES_SEQ,WH_DIR_SEQ,WH_ORI_NAME,WH_SAVED_NAME,WH_UPLOAD_DATE) values (285,7,'2.gif','79b6bead3088464995adabd9257669d6_2.gif',to_date('21/03/08','RR/MM/DD'));
Insert into ST.WEBHARD_FILES (WH_FILES_SEQ,WH_DIR_SEQ,WH_ORI_NAME,WH_SAVED_NAME,WH_UPLOAD_DATE) values (287,1,'css.png','cba17c2779064513bd8471d79f2ed63a_css.png',to_date('21/03/08','RR/MM/DD'));
Insert into ST.WEBHARD_FILES (WH_FILES_SEQ,WH_DIR_SEQ,WH_ORI_NAME,WH_SAVED_NAME,WH_UPLOAD_DATE) values (288,7,'433f981dd980741a.gif','2ac20999a933426c97a00a27579b678a_433f981dd980741a.gif',to_date('21/03/08','RR/MM/DD'));
Insert into ST.WEBHARD_FILES (WH_FILES_SEQ,WH_DIR_SEQ,WH_ORI_NAME,WH_SAVED_NAME,WH_UPLOAD_DATE) values (260,112,'java.png','1918d9f3579140e0963d64b7b82f0464_java.png',to_date('21/03/08','RR/MM/DD'));
Insert into ST.WEBHARD_FILES (WH_FILES_SEQ,WH_DIR_SEQ,WH_ORI_NAME,WH_SAVED_NAME,WH_UPLOAD_DATE) values (258,112,'css html.png','17d12269404a4c239b8aa1d49b4bcc91_css html.png',to_date('21/03/08','RR/MM/DD'));
Insert into ST.WEBHARD_FILES (WH_FILES_SEQ,WH_DIR_SEQ,WH_ORI_NAME,WH_SAVED_NAME,WH_UPLOAD_DATE) values (84,93,'assa.png','adb5a463501641b7bf501de68f2e8c8c_assa.png',to_date('21/02/27','RR/MM/DD'));
Insert into ST.WEBHARD_FILES (WH_FILES_SEQ,WH_DIR_SEQ,WH_ORI_NAME,WH_SAVED_NAME,WH_UPLOAD_DATE) values (47,1,'KH소개파일.pdf','c3c308ab03594daab8f0853a9291c48a_KH소개파일.pdf',to_date('21/02/26','RR/MM/DD'));
Insert into ST.WEBHARD_FILES (WH_FILES_SEQ,WH_DIR_SEQ,WH_ORI_NAME,WH_SAVED_NAME,WH_UPLOAD_DATE) values (90,93,'증명서 발급 상세 리스트.xls','cec9492496d2400d8707708c03c89a97_증명서 발급 상세 리스트.xls',to_date('21/02/27','RR/MM/DD'));
Insert into ST.WEBHARD_FILES (WH_FILES_SEQ,WH_DIR_SEQ,WH_ORI_NAME,WH_SAVED_NAME,WH_UPLOAD_DATE) values (259,112,'import.png','3447c44b4dc6495ba8483c78234f844d_import.png',to_date('21/03/08','RR/MM/DD'));
Insert into ST.WEBHARD_FILES (WH_FILES_SEQ,WH_DIR_SEQ,WH_ORI_NAME,WH_SAVED_NAME,WH_UPLOAD_DATE) values (261,138,'cat.png','a8d2f61a7c504e9a9a9c176e1e4b73c8_cat.png',to_date('21/03/08','RR/MM/DD'));
Insert into ST.WEBHARD_FILES (WH_FILES_SEQ,WH_DIR_SEQ,WH_ORI_NAME,WH_SAVED_NAME,WH_UPLOAD_DATE) values (262,138,'cat2.png','e55c2ed84e484efcb370c846f8c042f7_cat2.png',to_date('21/03/08','RR/MM/DD'));
Insert into ST.WEBHARD_FILES (WH_FILES_SEQ,WH_DIR_SEQ,WH_ORI_NAME,WH_SAVED_NAME,WH_UPLOAD_DATE) values (263,138,'cat3.png','780c35ce9d6b4dbfbd0de9027355ec53_cat3.png',to_date('21/03/08','RR/MM/DD'));
Insert into ST.WEBHARD_FILES (WH_FILES_SEQ,WH_DIR_SEQ,WH_ORI_NAME,WH_SAVED_NAME,WH_UPLOAD_DATE) values (264,129,'Test.jpg','0da63c0a711f4dcb91cdfe5e8d9b1e35_Test.jpg',to_date('21/03/08','RR/MM/DD'));
Insert into ST.WEBHARD_FILES (WH_FILES_SEQ,WH_DIR_SEQ,WH_ORI_NAME,WH_SAVED_NAME,WH_UPLOAD_DATE) values (271,148,'코코아.png','98bee82038d54226af853c6c5672ea17_코코아.png',to_date('21/03/08','RR/MM/DD'));
Insert into ST.WEBHARD_FILES (WH_FILES_SEQ,WH_DIR_SEQ,WH_ORI_NAME,WH_SAVED_NAME,WH_UPLOAD_DATE) values (272,129,'개복치.PNG','18d6af175aec406b8a397b85ad8c118b_개복치.PNG',to_date('21/03/08','RR/MM/DD'));
Insert into ST.WEBHARD_FILES (WH_FILES_SEQ,WH_DIR_SEQ,WH_ORI_NAME,WH_SAVED_NAME,WH_UPLOAD_DATE) values (273,149,'cute1[대괄호] (1).png','6730fe4fb3c24c20ac302c4e3c241860_cute1[대괄호] (1).png',to_date('21/03/08','RR/MM/DD'));
Insert into ST.WEBHARD_FILES (WH_FILES_SEQ,WH_DIR_SEQ,WH_ORI_NAME,WH_SAVED_NAME,WH_UPLOAD_DATE) values (276,1,'admin문제','c12f363a3bbb432baa578790891b867f_admin문제.png',to_date('21/03/08','RR/MM/DD'));
Insert into ST.WEBHARD_FILES (WH_FILES_SEQ,WH_DIR_SEQ,WH_ORI_NAME,WH_SAVED_NAME,WH_UPLOAD_DATE) values (277,1,'client문제.png','47a58f9f27704a6fa580fccf4dc7b000_client문제.png',to_date('21/03/08','RR/MM/DD'));
Insert into ST.WEBHARD_FILES (WH_FILES_SEQ,WH_DIR_SEQ,WH_ORI_NAME,WH_SAVED_NAME,WH_UPLOAD_DATE) values (279,45,'종강.jfif','ef9456605f68466f88675cafff077c16_종강.jfif',to_date('21/03/08','RR/MM/DD'));
Insert into ST.WEBHARD_FILES (WH_FILES_SEQ,WH_DIR_SEQ,WH_ORI_NAME,WH_SAVED_NAME,WH_UPLOAD_DATE) values (280,38,'[dsa]Profile-Male.png','a843fedc57e84381ab2921990e8e5993_[dsa]Profile-Male.png',to_date('21/03/08','RR/MM/DD'));
Insert into ST.WEBHARD_FILES (WH_FILES_SEQ,WH_DIR_SEQ,WH_ORI_NAME,WH_SAVED_NAME,WH_UPLOAD_DATE) values (281,123,'클래스다이어그램_이영주.png','0ff8435e9e7f4907a9c034d61d9f3707_클래스다이어그램_이영주.png',to_date('21/03/08','RR/MM/DD'));
Insert into ST.WEBHARD_FILES (WH_FILES_SEQ,WH_DIR_SEQ,WH_ORI_NAME,WH_SAVED_NAME,WH_UPLOAD_DATE) values (282,151,'bootstrap.png','0bdfe718c5dc418bb4a876e33485d3d2_bootstrap.png',to_date('21/03/08','RR/MM/DD'));
Insert into ST.WEBHARD_FILES (WH_FILES_SEQ,WH_DIR_SEQ,WH_ORI_NAME,WH_SAVED_NAME,WH_UPLOAD_DATE) values (286,158,'java.png','eea7154a23de4b6881fd63372a5e9a04_java.png',to_date('21/03/08','RR/MM/DD'));
Insert into ST.WEBHARD_FILES (WH_FILES_SEQ,WH_DIR_SEQ,WH_ORI_NAME,WH_SAVED_NAME,WH_UPLOAD_DATE) values (290,139,'5563556a5faa08d3c435216ba8cc6953.jpg','753f48fbda9e4df796424f1eb8fd99b5_5563556a5faa08d3c435216ba8cc6953.jpg',to_date('21/03/08','RR/MM/DD'));
Insert into ST.WEBHARD_FILES (WH_FILES_SEQ,WH_DIR_SEQ,WH_ORI_NAME,WH_SAVED_NAME,WH_UPLOAD_DATE) values (291,139,'테스트 문서.txt','b745cadbcf5e456d81a0fd4f6a96f9e0_테스트 문서.txt',to_date('21/03/08','RR/MM/DD'));
Insert into ST.WEBHARD_FILES (WH_FILES_SEQ,WH_DIR_SEQ,WH_ORI_NAME,WH_SAVED_NAME,WH_UPLOAD_DATE) values (293,143,'f5a784f066c449f9849f0fbd0cebad7e.gif','a1d1597469d34c419568f431a492c9e1_f5a784f066c449f9849f0fbd0cebad7e.gif',to_date('21/03/08','RR/MM/DD'));
Insert into ST.WEBHARD_FILES (WH_FILES_SEQ,WH_DIR_SEQ,WH_ORI_NAME,WH_SAVED_NAME,WH_UPLOAD_DATE) values (296,143,'다운로드.jpg','77a2c06abad847779f86e8115c6427c0_다운로드.jpg',to_date('21/03/08','RR/MM/DD'));
Insert into ST.WEBHARD_FILES (WH_FILES_SEQ,WH_DIR_SEQ,WH_ORI_NAME,WH_SAVED_NAME,WH_UPLOAD_DATE) values (217,129,'페페인사.gif','cba26d8911114c2abb4adde3df14f471_페페인사.gif',to_date('21/03/07','RR/MM/DD'));
Insert into ST.WEBHARD_FILES (WH_FILES_SEQ,WH_DIR_SEQ,WH_ORI_NAME,WH_SAVED_NAME,WH_UPLOAD_DATE) values (210,125,'Ending - chxno.mp3','f6451d57bdd1432e9c54bf024796abb8_Ending - chxno.mp3',to_date('21/03/06','RR/MM/DD'));
Insert into ST.WEBHARD_FILES (WH_FILES_SEQ,WH_DIR_SEQ,WH_ORI_NAME,WH_SAVED_NAME,WH_UPLOAD_DATE) values (212,125,'My Summer Car - Main Menu Theme Song.mp3','e84125e17ac2467082775d63b148e646_My Summer Car - Main Menu Theme Song.mp3',to_date('21/03/06','RR/MM/DD'));
Insert into ST.WEBHARD_FILES (WH_FILES_SEQ,WH_DIR_SEQ,WH_ORI_NAME,WH_SAVED_NAME,WH_UPLOAD_DATE) values (213,125,'Undertale - Megalovania.mp3','f816d8974a5e4826b9bba501d899120c_Undertale - Megalovania.mp3',to_date('21/03/06','RR/MM/DD'));
Insert into ST.WEBHARD_FILES (WH_FILES_SEQ,WH_DIR_SEQ,WH_ORI_NAME,WH_SAVED_NAME,WH_UPLOAD_DATE) values (214,125,'Zedd - Papercut ft. Troye Sivan (Official Audio).mp3','83b030e0e5eb4adebb77514a06ba0221_Zedd - Papercut ft. Troye Sivan (Official Audio).mp3',to_date('21/03/06','RR/MM/DD'));
Insert into ST.WEBHARD_FILES (WH_FILES_SEQ,WH_DIR_SEQ,WH_ORI_NAME,WH_SAVED_NAME,WH_UPLOAD_DATE) values (218,129,'birthday.gif','fb8a81209d9c4b9c9922b6815cbb1c00_birthday.gif',to_date('21/03/07','RR/MM/DD'));
Insert into ST.WEBHARD_FILES (WH_FILES_SEQ,WH_DIR_SEQ,WH_ORI_NAME,WH_SAVED_NAME,WH_UPLOAD_DATE) values (216,125,'Mount and Blade Prophesy of Pendor OST - Jamaican Rum.mp3','68d17e4eb3874555ac37c90e7537453d_Mount and Blade Prophesy of Pendor OST - Jamaican Rum.mp3',to_date('21/03/06','RR/MM/DD'));
Insert into ST.WEBHARD_FILES (WH_FILES_SEQ,WH_DIR_SEQ,WH_ORI_NAME,WH_SAVED_NAME,WH_UPLOAD_DATE) values (219,129,'이불밖은위험해.png','aa08305c002846029993ff24f60c3fca_이불밖은위험해.png',to_date('21/03/07','RR/MM/DD'));
Insert into ST.WEBHARD_FILES (WH_FILES_SEQ,WH_DIR_SEQ,WH_ORI_NAME,WH_SAVED_NAME,WH_UPLOAD_DATE) values (220,129,'WA.gif','4974f91b0722499d85ebc3f11c2c6420_WA.gif',to_date('21/03/07','RR/MM/DD'));
Insert into ST.WEBHARD_FILES (WH_FILES_SEQ,WH_DIR_SEQ,WH_ORI_NAME,WH_SAVED_NAME,WH_UPLOAD_DATE) values (221,129,'선넘네.png','c009325c73994f79a85067aad8e52ae3_선넘네.png',to_date('21/03/07','RR/MM/DD'));
Insert into ST.WEBHARD_FILES (WH_FILES_SEQ,WH_DIR_SEQ,WH_ORI_NAME,WH_SAVED_NAME,WH_UPLOAD_DATE) values (222,129,'감성페페.gif','5194b3881e7b460fb02bfe78e062a640_감성페페.gif',to_date('21/03/07','RR/MM/DD'));
Insert into ST.WEBHARD_FILES (WH_FILES_SEQ,WH_DIR_SEQ,WH_ORI_NAME,WH_SAVED_NAME,WH_UPLOAD_DATE) values (223,36,'ZOOM배경화면_201227.zip','6afa8d3a24f94036b5a17d426c68e051_ZOOM배경화면_201227.zip',to_date('21/03/07','RR/MM/DD'));
Insert into ST.WEBHARD_FILES (WH_FILES_SEQ,WH_DIR_SEQ,WH_ORI_NAME,WH_SAVED_NAME,WH_UPLOAD_DATE) values (224,36,'JAVA강의 기본 ppt파일.pptx','45ad5d25d86a4ec492d922c2a9e4fd7d_JAVA강의 기본 ppt파일.pptx',to_date('21/03/07','RR/MM/DD'));
Insert into ST.WEBHARD_FILES (WH_FILES_SEQ,WH_DIR_SEQ,WH_ORI_NAME,WH_SAVED_NAME,WH_UPLOAD_DATE) values (255,120,'김근수_ppt_.pdf','7ca28a46ef92475b98344903c6296752_김근수_ppt_.pdf',to_date('21/03/07','RR/MM/DD'));
Insert into ST.WEBHARD_FILES (WH_FILES_SEQ,WH_DIR_SEQ,WH_ORI_NAME,WH_SAVED_NAME,WH_UPLOAD_DATE) values (197,125,'DAY6-01-I Loved You.mp3','fdd9ae02c8424571925b4eab98f781f6_DAY6-01-I Loved You.mp3',to_date('21/03/05','RR/MM/DD'));
Insert into ST.WEBHARD_FILES (WH_FILES_SEQ,WH_DIR_SEQ,WH_ORI_NAME,WH_SAVED_NAME,WH_UPLOAD_DATE) values (199,126,'안녕하세요.gif','5fab9dc230834d32b89f3b80318a0664_안녕하세요.gif',to_date('21/03/05','RR/MM/DD'));
Insert into ST.WEBHARD_FILES (WH_FILES_SEQ,WH_DIR_SEQ,WH_ORI_NAME,WH_SAVED_NAME,WH_UPLOAD_DATE) values (205,127,'1-1 데이터 모델의 이해.pdf','1f6b98a079b745d08ebb2efae6ba91bc_1-1 데이터 모델의 이해.pdf',to_date('21/03/05','RR/MM/DD'));
Insert into ST.WEBHARD_FILES (WH_FILES_SEQ,WH_DIR_SEQ,WH_ORI_NAME,WH_SAVED_NAME,WH_UPLOAD_DATE) values (206,127,'1-2 데이터 모델의 성능.pdf','78969cea208d4672a070ec02eb774883_1-2 데이터 모델의 성능.pdf',to_date('21/03/05','RR/MM/DD'));
Insert into ST.WEBHARD_FILES (WH_FILES_SEQ,WH_DIR_SEQ,WH_ORI_NAME,WH_SAVED_NAME,WH_UPLOAD_DATE) values (55,1,'[자료] 파일 업로드 및 다운로드 지침.txt','6d175fea813c4ef58f2aa1d3c70fc2a9_[자료] 파일 업로드 및 다운로드 지침.txt',to_date('21/02/26','RR/MM/DD'));
Insert into ST.WEBHARD_FILES (WH_FILES_SEQ,WH_DIR_SEQ,WH_ORI_NAME,WH_SAVED_NAME,WH_UPLOAD_DATE) values (207,127,'2-1 SQL 기본.pdf','410f39932c924c2995fd4043a68aaf33_2-1 SQL 기본.pdf',to_date('21/03/05','RR/MM/DD'));
Insert into ST.WEBHARD_FILES (WH_FILES_SEQ,WH_DIR_SEQ,WH_ORI_NAME,WH_SAVED_NAME,WH_UPLOAD_DATE) values (208,127,'2-2 SQL 활용.pdf','e88d9e7b33374c09a5f65eec6e74d27e_2-2 SQL 활용.pdf',to_date('21/03/05','RR/MM/DD'));
Insert into ST.WEBHARD_FILES (WH_FILES_SEQ,WH_DIR_SEQ,WH_ORI_NAME,WH_SAVED_NAME,WH_UPLOAD_DATE) values (209,127,'2-3 SQL 최적화 관리.pdf','2f8f2175b27f457eb458feb87914bb8b_2-3 SQL 최적화 관리.pdf',to_date('21/03/05','RR/MM/DD'));
Insert into ST.WEBHARD_FILES (WH_FILES_SEQ,WH_DIR_SEQ,WH_ORI_NAME,WH_SAVED_NAME,WH_UPLOAD_DATE) values (256,134,'Ogleogle.mp3','8c105921b3e34874a320a4752c51b832_Ogleogle.mp3',to_date('21/03/07','RR/MM/DD'));
REM INSERTING into ST.WRITE
SET DEFINE OFF;
Insert into ST.WRITE (WRITE_SEQ,WRITE_CODE,WRITE_TITLE,WRITE_CONTENTS,WRITE_ID,WRITE_REG_DATE,WRITE_DEL_DATE,WRITE_OPEN,WRITE_READ_COUNT) values (60,0,'3/9일은 회사 체육대회날입니다','모두 회사 체육관으로 모여주세요.','kh2016',to_date('21/03/08','RR/MM/DD'),null,'Y',3);
Insert into ST.WRITE (WRITE_SEQ,WRITE_CODE,WRITE_TITLE,WRITE_CONTENTS,WRITE_ID,WRITE_REG_DATE,WRITE_DEL_DATE,WRITE_OPEN,WRITE_READ_COUNT) values (21,2,'회사 게시판1','회사 게시판1','1111',to_date('21/01/25','RR/MM/DD'),null,'Y',367);
Insert into ST.WRITE (WRITE_SEQ,WRITE_CODE,WRITE_TITLE,WRITE_CONTENTS,WRITE_ID,WRITE_REG_DATE,WRITE_DEL_DATE,WRITE_OPEN,WRITE_READ_COUNT) values (58,2,'이거슨 게시판','temp','kh2022',to_date('21/03/08','RR/MM/DD'),null,'Y',17);
Insert into ST.WRITE (WRITE_SEQ,WRITE_CODE,WRITE_TITLE,WRITE_CONTENTS,WRITE_ID,WRITE_REG_DATE,WRITE_DEL_DATE,WRITE_OPEN,WRITE_READ_COUNT) values (61,0,'최신글입니다.','최신글입니다.','test1',to_date('21/03/08','RR/MM/DD'),null,'Y',5);
Insert into ST.WRITE (WRITE_SEQ,WRITE_CODE,WRITE_TITLE,WRITE_CONTENTS,WRITE_ID,WRITE_REG_DATE,WRITE_DEL_DATE,WRITE_OPEN,WRITE_READ_COUNT) values (64,0,'벌써...종강이에요...','코로나때매 뭔가 학원 다닌거 같지가 않네요 ㅋㅋㅋㅋㅋ
잘만드셨네요 ㅎㅎ 고생하셨어요~!!

-----------------
우와아아
-----------------
흐아아앙','kh2018',to_date('21/03/08','RR/MM/DD'),null,'Y',19);
Insert into ST.WRITE (WRITE_SEQ,WRITE_CODE,WRITE_TITLE,WRITE_CONTENTS,WRITE_ID,WRITE_REG_DATE,WRITE_DEL_DATE,WRITE_OPEN,WRITE_READ_COUNT) values (65,2,'번개의 호흠....제 1형...!!!','벽력일섬!!!!','kh2018',to_date('21/03/08','RR/MM/DD'),null,'Y',4);
Insert into ST.WRITE (WRITE_SEQ,WRITE_CODE,WRITE_TITLE,WRITE_CONTENTS,WRITE_ID,WRITE_REG_DATE,WRITE_DEL_DATE,WRITE_OPEN,WRITE_READ_COUNT) values (68,2,'ㅂㄱㅍㅇ','temp','kh2010',to_date('21/03/08','RR/MM/DD'),null,'Y',13);
Insert into ST.WRITE (WRITE_SEQ,WRITE_CODE,WRITE_TITLE,WRITE_CONTENTS,WRITE_ID,WRITE_REG_DATE,WRITE_DEL_DATE,WRITE_OPEN,WRITE_READ_COUNT) values (62,0,'테스트입니다.','테스트','kh2017',to_date('21/03/08','RR/MM/DD'),null,'Y',3);
Insert into ST.WRITE (WRITE_SEQ,WRITE_CODE,WRITE_TITLE,WRITE_CONTENTS,WRITE_ID,WRITE_REG_DATE,WRITE_DEL_DATE,WRITE_OPEN,WRITE_READ_COUNT) values (8,3,'공지사항3','공지사항3 입니다.','1111',to_date('21/01/21','RR/MM/DD'),null,'Y',70);
Insert into ST.WRITE (WRITE_SEQ,WRITE_CODE,WRITE_TITLE,WRITE_CONTENTS,WRITE_ID,WRITE_REG_DATE,WRITE_DEL_DATE,WRITE_OPEN,WRITE_READ_COUNT) values (19,2,'회사 게시판2','<p>회사 게시판 2</p><p><br></p>','1111',to_date('21/01/25','RR/MM/DD'),null,'Y',575);
Insert into ST.WRITE (WRITE_SEQ,WRITE_CODE,WRITE_TITLE,WRITE_CONTENTS,WRITE_ID,WRITE_REG_DATE,WRITE_DEL_DATE,WRITE_OPEN,WRITE_READ_COUNT) values (57,2,'요즘에 ','temp','kh2016',to_date('21/03/08','RR/MM/DD'),null,'Y',31);
Insert into ST.WRITE (WRITE_SEQ,WRITE_CODE,WRITE_TITLE,WRITE_CONTENTS,WRITE_ID,WRITE_REG_DATE,WRITE_DEL_DATE,WRITE_OPEN,WRITE_READ_COUNT) values (51,0,'3/8일은 프로젝트 발표일입니다.','전 직원분들은 대회의실로 09:30분까지 모여주시기 바랍니다.','admin',to_date('21/03/02','RR/MM/DD'),null,'Y',18);
Insert into ST.WRITE (WRITE_SEQ,WRITE_CODE,WRITE_TITLE,WRITE_CONTENTS,WRITE_ID,WRITE_REG_DATE,WRITE_DEL_DATE,WRITE_OPEN,WRITE_READ_COUNT) values (35,3,'ㄹㅇㄴ','<p>ㄴㄹㅇㄴㅁ</p>','test2',to_date('21/02/19','RR/MM/DD'),null,'Y',6);
Insert into ST.WRITE (WRITE_SEQ,WRITE_CODE,WRITE_TITLE,WRITE_CONTENTS,WRITE_ID,WRITE_REG_DATE,WRITE_DEL_DATE,WRITE_OPEN,WRITE_READ_COUNT) values (59,2,'종강이네요','temp','test1',to_date('21/03/08','RR/MM/DD'),null,'Y',20);
Insert into ST.WRITE (WRITE_SEQ,WRITE_CODE,WRITE_TITLE,WRITE_CONTENTS,WRITE_ID,WRITE_REG_DATE,WRITE_DEL_DATE,WRITE_OPEN,WRITE_READ_COUNT) values (63,2,'남은 시간 5시간 27분','temp','kh2019',to_date('21/03/08','RR/MM/DD'),null,'Y',17);
Insert into ST.WRITE (WRITE_SEQ,WRITE_CODE,WRITE_TITLE,WRITE_CONTENTS,WRITE_ID,WRITE_REG_DATE,WRITE_DEL_DATE,WRITE_OPEN,WRITE_READ_COUNT) values (43,0,'<<긴급점검안내>>','<br>
2021.02.25일 긴급 점검 안내드립니다.
<br>
<br>
13:00~14:00 접속이 불가함을 알려드립니다. 
<br>
<br>
감사합니다.
<br>','admin',to_date('21/02/25','RR/MM/DD'),null,'Y',38);
Insert into ST.WRITE (WRITE_SEQ,WRITE_CODE,WRITE_TITLE,WRITE_CONTENTS,WRITE_ID,WRITE_REG_DATE,WRITE_DEL_DATE,WRITE_OPEN,WRITE_READ_COUNT) values (42,2,'게시판 게시판','temp','1111',to_date('21/02/25','RR/MM/DD'),null,'Y',518);
Insert into ST.WRITE (WRITE_SEQ,WRITE_CODE,WRITE_TITLE,WRITE_CONTENTS,WRITE_ID,WRITE_REG_DATE,WRITE_DEL_DATE,WRITE_OPEN,WRITE_READ_COUNT) values (22,3,'공지사항3','공지사항3 입니다.','1111',to_date('21/01/25','RR/MM/DD'),null,'Y',39);
Insert into ST.WRITE (WRITE_SEQ,WRITE_CODE,WRITE_TITLE,WRITE_CONTENTS,WRITE_ID,WRITE_REG_DATE,WRITE_DEL_DATE,WRITE_OPEN,WRITE_READ_COUNT) values (37,2,'gg','<p>gg</p>','1111',to_date('21/02/21','RR/MM/DD'),null,'Y',284);
Insert into ST.WRITE (WRITE_SEQ,WRITE_CODE,WRITE_TITLE,WRITE_CONTENTS,WRITE_ID,WRITE_REG_DATE,WRITE_DEL_DATE,WRITE_OPEN,WRITE_READ_COUNT) values (39,3,'sadsadas','temp','1111',to_date('21/02/25','RR/MM/DD'),null,'Y',22);
Insert into ST.WRITE (WRITE_SEQ,WRITE_CODE,WRITE_TITLE,WRITE_CONTENTS,WRITE_ID,WRITE_REG_DATE,WRITE_DEL_DATE,WRITE_OPEN,WRITE_READ_COUNT) values (44,1,'시스템 공지사항입니다.','1. 버그 수정
2. console.log 싹 삭제해주세요','1111',to_date('21/02/25','RR/MM/DD'),null,'Y',67);
Insert into ST.WRITE (WRITE_SEQ,WRITE_CODE,WRITE_TITLE,WRITE_CONTENTS,WRITE_ID,WRITE_REG_DATE,WRITE_DEL_DATE,WRITE_OPEN,WRITE_READ_COUNT) values (47,2,'테스트입니다아앙아','temp','1111',to_date('21/02/28','RR/MM/DD'),null,'Y',299);
Insert into ST.WRITE (WRITE_SEQ,WRITE_CODE,WRITE_TITLE,WRITE_CONTENTS,WRITE_ID,WRITE_REG_DATE,WRITE_DEL_DATE,WRITE_OPEN,WRITE_READ_COUNT) values (49,2,'요기에 추가하면??','ㅇㅅㅇ??','1111',to_date('21/02/28','RR/MM/DD'),null,'Y',421);
Insert into ST.WRITE (WRITE_SEQ,WRITE_CODE,WRITE_TITLE,WRITE_CONTENTS,WRITE_ID,WRITE_REG_DATE,WRITE_DEL_DATE,WRITE_OPEN,WRITE_READ_COUNT) values (50,2,'수정했다. ','<p>수정 되나요?&nbsp;</p><p><br></p>','admin',to_date('21/02/28','RR/MM/DD'),null,'Y',567);
Insert into ST.WRITE (WRITE_SEQ,WRITE_CODE,WRITE_TITLE,WRITE_CONTENTS,WRITE_ID,WRITE_REG_DATE,WRITE_DEL_DATE,WRITE_OPEN,WRITE_READ_COUNT) values (52,2,'모두 화이팅 합시다!','temp','kh2006',to_date('21/03/07','RR/MM/DD'),null,'Y',3);
Insert into ST.WRITE (WRITE_SEQ,WRITE_CODE,WRITE_TITLE,WRITE_CONTENTS,WRITE_ID,WRITE_REG_DATE,WRITE_DEL_DATE,WRITE_OPEN,WRITE_READ_COUNT) values (53,2,'[드라마 추천] 연애의 발견','temp','kh2011',to_date('21/03/07','RR/MM/DD'),null,'Y',23);
REM INSERTING into ST.WRITE_ATTACHED_FILES
SET DEFINE OFF;
REM INSERTING into ST.WRITE_CATEGORY
SET DEFINE OFF;
Insert into ST.WRITE_CATEGORY (WRITE_CATEGORY_CODE,WRITE_CATEGORY_NAME) values (0,'공지사항');
Insert into ST.WRITE_CATEGORY (WRITE_CATEGORY_CODE,WRITE_CATEGORY_NAME) values (1,'시스템 공지사항');
Insert into ST.WRITE_CATEGORY (WRITE_CATEGORY_CODE,WRITE_CATEGORY_NAME) values (2,'회사 게시판');
Insert into ST.WRITE_CATEGORY (WRITE_CATEGORY_CODE,WRITE_CATEGORY_NAME) values (3,'갤러리 게시판');
REM INSERTING into ST.WRITE_COMMENTS
SET DEFINE OFF;
Insert into ST.WRITE_COMMENTS (WRITE_CMT_SEQ,WRITE_SEQ,WRITE_CMT_ID,WRITE_CMT_CONTENTS,WRITE_CMT_DATE,WRITE_CMT_DEL,WRITE_CMT_PARENT_SEQ) values (160,19,'test1','ㅁㄴㅇㅁㄴㅇ',to_date('21/02/02','RR/MM/DD'),null,null);
Insert into ST.WRITE_COMMENTS (WRITE_CMT_SEQ,WRITE_SEQ,WRITE_CMT_ID,WRITE_CMT_CONTENTS,WRITE_CMT_DATE,WRITE_CMT_DEL,WRITE_CMT_PARENT_SEQ) values (179,19,'1111','12312313',to_date('21/02/03','RR/MM/DD'),null,null);
Insert into ST.WRITE_COMMENTS (WRITE_CMT_SEQ,WRITE_SEQ,WRITE_CMT_ID,WRITE_CMT_CONTENTS,WRITE_CMT_DATE,WRITE_CMT_DEL,WRITE_CMT_PARENT_SEQ) values (221,19,'1111','댓글을 남기자',to_date('21/02/03','RR/MM/DD'),null,187);
Insert into ST.WRITE_COMMENTS (WRITE_CMT_SEQ,WRITE_SEQ,WRITE_CMT_ID,WRITE_CMT_CONTENTS,WRITE_CMT_DATE,WRITE_CMT_DEL,WRITE_CMT_PARENT_SEQ) values (161,19,'test1','asd',to_date('21/02/02','RR/MM/DD'),null,null);
Insert into ST.WRITE_COMMENTS (WRITE_CMT_SEQ,WRITE_SEQ,WRITE_CMT_ID,WRITE_CMT_CONTENTS,WRITE_CMT_DATE,WRITE_CMT_DEL,WRITE_CMT_PARENT_SEQ) values (164,19,'test1','특정한 댓글 입니다',to_date('21/02/02','RR/MM/DD'),null,null);
Insert into ST.WRITE_COMMENTS (WRITE_CMT_SEQ,WRITE_SEQ,WRITE_CMT_ID,WRITE_CMT_CONTENTS,WRITE_CMT_DATE,WRITE_CMT_DEL,WRITE_CMT_PARENT_SEQ) values (167,19,'1111','2131312ddd',to_date('21/02/02','RR/MM/DD'),null,null);
Insert into ST.WRITE_COMMENTS (WRITE_CMT_SEQ,WRITE_SEQ,WRITE_CMT_ID,WRITE_CMT_CONTENTS,WRITE_CMT_DATE,WRITE_CMT_DEL,WRITE_CMT_PARENT_SEQ) values (175,19,'1111','12313141243123dasdadsd',to_date('21/02/02','RR/MM/DD'),null,null);
Insert into ST.WRITE_COMMENTS (WRITE_CMT_SEQ,WRITE_SEQ,WRITE_CMT_ID,WRITE_CMT_CONTENTS,WRITE_CMT_DATE,WRITE_CMT_DEL,WRITE_CMT_PARENT_SEQ) values (222,19,'1111','댓글을 씁시다',to_date('21/02/03','RR/MM/DD'),null,null);
Insert into ST.WRITE_COMMENTS (WRITE_CMT_SEQ,WRITE_SEQ,WRITE_CMT_ID,WRITE_CMT_CONTENTS,WRITE_CMT_DATE,WRITE_CMT_DEL,WRITE_CMT_PARENT_SEQ) values (913,51,'kh2011','녜~!!!',to_date('21/03/08','RR/MM/DD'),null,null);
Insert into ST.WRITE_COMMENTS (WRITE_CMT_SEQ,WRITE_SEQ,WRITE_CMT_ID,WRITE_CMT_CONTENTS,WRITE_CMT_DATE,WRITE_CMT_DEL,WRITE_CMT_PARENT_SEQ) values (914,53,'kh2006','오 리댓글도 같이하셨넹',to_date('21/03/08','RR/MM/DD'),null,912);
Insert into ST.WRITE_COMMENTS (WRITE_CMT_SEQ,WRITE_SEQ,WRITE_CMT_ID,WRITE_CMT_CONTENTS,WRITE_CMT_DATE,WRITE_CMT_DEL,WRITE_CMT_PARENT_SEQ) values (810,47,'test1','212',to_date('21/03/02','RR/MM/DD'),null,null);
Insert into ST.WRITE_COMMENTS (WRITE_CMT_SEQ,WRITE_SEQ,WRITE_CMT_ID,WRITE_CMT_CONTENTS,WRITE_CMT_DATE,WRITE_CMT_DEL,WRITE_CMT_PARENT_SEQ) values (859,50,'1111','213',to_date('21/03/03','RR/MM/DD'),null,null);
Insert into ST.WRITE_COMMENTS (WRITE_CMT_SEQ,WRITE_SEQ,WRITE_CMT_ID,WRITE_CMT_CONTENTS,WRITE_CMT_DATE,WRITE_CMT_DEL,WRITE_CMT_PARENT_SEQ) values (912,53,'kh2006','띵작 ㅇㅈ',to_date('21/03/08','RR/MM/DD'),null,null);
Insert into ST.WRITE_COMMENTS (WRITE_CMT_SEQ,WRITE_SEQ,WRITE_CMT_ID,WRITE_CMT_CONTENTS,WRITE_CMT_DATE,WRITE_CMT_DEL,WRITE_CMT_PARENT_SEQ) values (902,50,'1111','2',to_date('21/03/04','RR/MM/DD'),null,859);
Insert into ST.WRITE_COMMENTS (WRITE_CMT_SEQ,WRITE_SEQ,WRITE_CMT_ID,WRITE_CMT_CONTENTS,WRITE_CMT_DATE,WRITE_CMT_DEL,WRITE_CMT_PARENT_SEQ) values (903,50,'1111','3',to_date('21/03/04','RR/MM/DD'),null,859);
Insert into ST.WRITE_COMMENTS (WRITE_CMT_SEQ,WRITE_SEQ,WRITE_CMT_ID,WRITE_CMT_CONTENTS,WRITE_CMT_DATE,WRITE_CMT_DEL,WRITE_CMT_PARENT_SEQ) values (904,50,'1111','4',to_date('21/03/04','RR/MM/DD'),null,859);
Insert into ST.WRITE_COMMENTS (WRITE_CMT_SEQ,WRITE_SEQ,WRITE_CMT_ID,WRITE_CMT_CONTENTS,WRITE_CMT_DATE,WRITE_CMT_DEL,WRITE_CMT_PARENT_SEQ) values (915,57,'kh2006','귀멸의칼날 ㄱㄱ',to_date('21/03/08','RR/MM/DD'),null,null);
Insert into ST.WRITE_COMMENTS (WRITE_CMT_SEQ,WRITE_SEQ,WRITE_CMT_ID,WRITE_CMT_CONTENTS,WRITE_CMT_DATE,WRITE_CMT_DEL,WRITE_CMT_PARENT_SEQ) values (920,59,'kh2008','안녕하세요',to_date('21/03/08','RR/MM/DD'),null,null);
Insert into ST.WRITE_COMMENTS (WRITE_CMT_SEQ,WRITE_SEQ,WRITE_CMT_ID,WRITE_CMT_CONTENTS,WRITE_CMT_DATE,WRITE_CMT_DEL,WRITE_CMT_PARENT_SEQ) values (921,57,'kh2006','또 봐여 ~~제 1형!! 벽력일섬~~~~',to_date('21/03/08','RR/MM/DD'),null,916);
Insert into ST.WRITE_COMMENTS (WRITE_CMT_SEQ,WRITE_SEQ,WRITE_CMT_ID,WRITE_CMT_CONTENTS,WRITE_CMT_DATE,WRITE_CMT_DEL,WRITE_CMT_PARENT_SEQ) values (922,57,'kh2006','이 분도 보셨네',to_date('21/03/08','RR/MM/DD'),null,919);
Insert into ST.WRITE_COMMENTS (WRITE_CMT_SEQ,WRITE_SEQ,WRITE_CMT_ID,WRITE_CMT_CONTENTS,WRITE_CMT_DATE,WRITE_CMT_DEL,WRITE_CMT_PARENT_SEQ) values (823,47,'1111','d',to_date('21/03/02','RR/MM/DD'),null,762);
Insert into ST.WRITE_COMMENTS (WRITE_CMT_SEQ,WRITE_SEQ,WRITE_CMT_ID,WRITE_CMT_CONTENTS,WRITE_CMT_DATE,WRITE_CMT_DEL,WRITE_CMT_PARENT_SEQ) values (824,47,'1111','v',to_date('21/03/02','RR/MM/DD'),null,762);
Insert into ST.WRITE_COMMENTS (WRITE_CMT_SEQ,WRITE_SEQ,WRITE_CMT_ID,WRITE_CMT_CONTENTS,WRITE_CMT_DATE,WRITE_CMT_DEL,WRITE_CMT_PARENT_SEQ) values (924,63,'kh2007','종강이 코앞입니다. ',to_date('21/03/08','RR/MM/DD'),null,null);
Insert into ST.WRITE_COMMENTS (WRITE_CMT_SEQ,WRITE_SEQ,WRITE_CMT_ID,WRITE_CMT_CONTENTS,WRITE_CMT_DATE,WRITE_CMT_DEL,WRITE_CMT_PARENT_SEQ) values (925,61,'kh2015','최신 댓글입니다.',to_date('21/03/08','RR/MM/DD'),null,null);
Insert into ST.WRITE_COMMENTS (WRITE_CMT_SEQ,WRITE_SEQ,WRITE_CMT_ID,WRITE_CMT_CONTENTS,WRITE_CMT_DATE,WRITE_CMT_DEL,WRITE_CMT_PARENT_SEQ) values (827,47,'1111','gg',to_date('21/03/02','RR/MM/DD'),null,762);
Insert into ST.WRITE_COMMENTS (WRITE_CMT_SEQ,WRITE_SEQ,WRITE_CMT_ID,WRITE_CMT_CONTENTS,WRITE_CMT_DATE,WRITE_CMT_DEL,WRITE_CMT_PARENT_SEQ) values (828,47,'1111','ss',to_date('21/03/02','RR/MM/DD'),null,762);
Insert into ST.WRITE_COMMENTS (WRITE_CMT_SEQ,WRITE_SEQ,WRITE_CMT_ID,WRITE_CMT_CONTENTS,WRITE_CMT_DATE,WRITE_CMT_DEL,WRITE_CMT_PARENT_SEQ) values (829,47,'1111','ff',to_date('21/03/02','RR/MM/DD'),null,762);
Insert into ST.WRITE_COMMENTS (WRITE_CMT_SEQ,WRITE_SEQ,WRITE_CMT_ID,WRITE_CMT_CONTENTS,WRITE_CMT_DATE,WRITE_CMT_DEL,WRITE_CMT_PARENT_SEQ) values (830,47,'1111','zxc',to_date('21/03/02','RR/MM/DD'),null,762);
Insert into ST.WRITE_COMMENTS (WRITE_CMT_SEQ,WRITE_SEQ,WRITE_CMT_ID,WRITE_CMT_CONTENTS,WRITE_CMT_DATE,WRITE_CMT_DEL,WRITE_CMT_PARENT_SEQ) values (926,61,'kh2015','최신 대댓글입니다.',to_date('21/03/08','RR/MM/DD'),null,925);
Insert into ST.WRITE_COMMENTS (WRITE_CMT_SEQ,WRITE_SEQ,WRITE_CMT_ID,WRITE_CMT_CONTENTS,WRITE_CMT_DATE,WRITE_CMT_DEL,WRITE_CMT_PARENT_SEQ) values (832,47,'1111','aa',to_date('21/03/02','RR/MM/DD'),null,665);
Insert into ST.WRITE_COMMENTS (WRITE_CMT_SEQ,WRITE_SEQ,WRITE_CMT_ID,WRITE_CMT_CONTENTS,WRITE_CMT_DATE,WRITE_CMT_DEL,WRITE_CMT_PARENT_SEQ) values (927,63,'kh2022','모르고 퇴근누름 고쳐주셈',to_date('21/03/08','RR/MM/DD'),null,null);
Insert into ST.WRITE_COMMENTS (WRITE_CMT_SEQ,WRITE_SEQ,WRITE_CMT_ID,WRITE_CMT_CONTENTS,WRITE_CMT_DATE,WRITE_CMT_DEL,WRITE_CMT_PARENT_SEQ) values (930,68,'kh2022','정답 배고파요
',to_date('21/03/08','RR/MM/DD'),null,null);
Insert into ST.WRITE_COMMENTS (WRITE_CMT_SEQ,WRITE_SEQ,WRITE_CMT_ID,WRITE_CMT_CONTENTS,WRITE_CMT_DATE,WRITE_CMT_DEL,WRITE_CMT_PARENT_SEQ) values (868,50,'1111','21312',to_date('21/03/03','RR/MM/DD'),null,750);
Insert into ST.WRITE_COMMENTS (WRITE_CMT_SEQ,WRITE_SEQ,WRITE_CMT_ID,WRITE_CMT_CONTENTS,WRITE_CMT_DATE,WRITE_CMT_DEL,WRITE_CMT_PARENT_SEQ) values (869,47,'admin','asdasdasas',to_date('21/03/03','RR/MM/DD'),null,665);
Insert into ST.WRITE_COMMENTS (WRITE_CMT_SEQ,WRITE_SEQ,WRITE_CMT_ID,WRITE_CMT_CONTENTS,WRITE_CMT_DATE,WRITE_CMT_DEL,WRITE_CMT_PARENT_SEQ) values (870,47,'admin','asdads',to_date('21/03/03','RR/MM/DD'),null,665);
Insert into ST.WRITE_COMMENTS (WRITE_CMT_SEQ,WRITE_SEQ,WRITE_CMT_ID,WRITE_CMT_CONTENTS,WRITE_CMT_DATE,WRITE_CMT_DEL,WRITE_CMT_PARENT_SEQ) values (856,49,'1111','123',to_date('21/03/02','RR/MM/DD'),null,806);
Insert into ST.WRITE_COMMENTS (WRITE_CMT_SEQ,WRITE_SEQ,WRITE_CMT_ID,WRITE_CMT_CONTENTS,WRITE_CMT_DATE,WRITE_CMT_DEL,WRITE_CMT_PARENT_SEQ) values (871,47,'admin','adsasdas',to_date('21/03/03','RR/MM/DD'),null,665);
Insert into ST.WRITE_COMMENTS (WRITE_CMT_SEQ,WRITE_SEQ,WRITE_CMT_ID,WRITE_CMT_CONTENTS,WRITE_CMT_DATE,WRITE_CMT_DEL,WRITE_CMT_PARENT_SEQ) values (852,49,'1111','12',to_date('21/03/02','RR/MM/DD'),null,806);
Insert into ST.WRITE_COMMENTS (WRITE_CMT_SEQ,WRITE_SEQ,WRITE_CMT_ID,WRITE_CMT_CONTENTS,WRITE_CMT_DATE,WRITE_CMT_DEL,WRITE_CMT_PARENT_SEQ) values (853,49,'1111','3123',to_date('21/03/02','RR/MM/DD'),null,806);
Insert into ST.WRITE_COMMENTS (WRITE_CMT_SEQ,WRITE_SEQ,WRITE_CMT_ID,WRITE_CMT_CONTENTS,WRITE_CMT_DATE,WRITE_CMT_DEL,WRITE_CMT_PARENT_SEQ) values (872,47,'admin','asdads',to_date('21/03/03','RR/MM/DD'),null,665);
Insert into ST.WRITE_COMMENTS (WRITE_CMT_SEQ,WRITE_SEQ,WRITE_CMT_ID,WRITE_CMT_CONTENTS,WRITE_CMT_DATE,WRITE_CMT_DEL,WRITE_CMT_PARENT_SEQ) values (873,47,'admin','123132',to_date('21/03/03','RR/MM/DD'),null,665);
Insert into ST.WRITE_COMMENTS (WRITE_CMT_SEQ,WRITE_SEQ,WRITE_CMT_ID,WRITE_CMT_CONTENTS,WRITE_CMT_DATE,WRITE_CMT_DEL,WRITE_CMT_PARENT_SEQ) values (874,47,'admin','123123132',to_date('21/03/03','RR/MM/DD'),null,null);
Insert into ST.WRITE_COMMENTS (WRITE_CMT_SEQ,WRITE_SEQ,WRITE_CMT_ID,WRITE_CMT_CONTENTS,WRITE_CMT_DATE,WRITE_CMT_DEL,WRITE_CMT_PARENT_SEQ) values (931,60,'kh2005','축구 ㄱ',to_date('21/03/08','RR/MM/DD'),null,null);
Insert into ST.WRITE_COMMENTS (WRITE_CMT_SEQ,WRITE_SEQ,WRITE_CMT_ID,WRITE_CMT_CONTENTS,WRITE_CMT_DATE,WRITE_CMT_DEL,WRITE_CMT_PARENT_SEQ) values (133,21,'1111','llklkii',to_date('21/02/02','RR/MM/DD'),null,null);
Insert into ST.WRITE_COMMENTS (WRITE_CMT_SEQ,WRITE_SEQ,WRITE_CMT_ID,WRITE_CMT_CONTENTS,WRITE_CMT_DATE,WRITE_CMT_DEL,WRITE_CMT_PARENT_SEQ) values (186,19,'1111','asdasdasdasd',to_date('21/02/03','RR/MM/DD'),null,null);
Insert into ST.WRITE_COMMENTS (WRITE_CMT_SEQ,WRITE_SEQ,WRITE_CMT_ID,WRITE_CMT_CONTENTS,WRITE_CMT_DATE,WRITE_CMT_DEL,WRITE_CMT_PARENT_SEQ) values (223,19,'1111','댓글댓글',to_date('21/02/04','RR/MM/DD'),null,160);
Insert into ST.WRITE_COMMENTS (WRITE_CMT_SEQ,WRITE_SEQ,WRITE_CMT_ID,WRITE_CMT_CONTENTS,WRITE_CMT_DATE,WRITE_CMT_DEL,WRITE_CMT_PARENT_SEQ) values (224,19,'1111','댓글댓글',to_date('21/02/04','RR/MM/DD'),null,160);
Insert into ST.WRITE_COMMENTS (WRITE_CMT_SEQ,WRITE_SEQ,WRITE_CMT_ID,WRITE_CMT_CONTENTS,WRITE_CMT_DATE,WRITE_CMT_DEL,WRITE_CMT_PARENT_SEQ) values (83,22,'1111','갤러리 게시판',to_date('21/02/02','RR/MM/DD'),null,null);
Insert into ST.WRITE_COMMENTS (WRITE_CMT_SEQ,WRITE_SEQ,WRITE_CMT_ID,WRITE_CMT_CONTENTS,WRITE_CMT_DATE,WRITE_CMT_DEL,WRITE_CMT_PARENT_SEQ) values (85,22,'1111','213123',to_date('21/02/02','RR/MM/DD'),null,null);
Insert into ST.WRITE_COMMENTS (WRITE_CMT_SEQ,WRITE_SEQ,WRITE_CMT_ID,WRITE_CMT_CONTENTS,WRITE_CMT_DATE,WRITE_CMT_DEL,WRITE_CMT_PARENT_SEQ) values (84,22,'1111','12314123',to_date('21/02/02','RR/MM/DD'),null,null);
Insert into ST.WRITE_COMMENTS (WRITE_CMT_SEQ,WRITE_SEQ,WRITE_CMT_ID,WRITE_CMT_CONTENTS,WRITE_CMT_DATE,WRITE_CMT_DEL,WRITE_CMT_PARENT_SEQ) values (929,64,'kh2011','RBRBRBaaaaaaㅇㅇㅇㅇㅇㅇㅇㅇㅇㅇㅇㅇㅇㅇㅇㅇㅇㅇㅇㅇㅇㅇㅇㅇㅇㅇㅇㅇㅇㅇㅇㅇㅇㅇㅇㅇㅇㅇㅇㅇㅇㅇㅇㅇㅇㅇㅇㅇㅇㅇㅇㅇㅇㅇㅇㅇㅇㅇㅇㅇㅇㅇㅇㅇㅇㅇㅇㅇㅇㅇㅇㅇㅇㅇㅇㅇㅇㅇㅇㅇㅇㅇㅇㅇㅇㅇㅇㅇ',to_date('21/03/08','RR/MM/DD'),null,null);
Insert into ST.WRITE_COMMENTS (WRITE_CMT_SEQ,WRITE_SEQ,WRITE_CMT_ID,WRITE_CMT_CONTENTS,WRITE_CMT_DATE,WRITE_CMT_DEL,WRITE_CMT_PARENT_SEQ) values (86,19,'1111','공지사항',to_date('21/02/02','RR/MM/DD'),null,null);
Insert into ST.WRITE_COMMENTS (WRITE_CMT_SEQ,WRITE_SEQ,WRITE_CMT_ID,WRITE_CMT_CONTENTS,WRITE_CMT_DATE,WRITE_CMT_DEL,WRITE_CMT_PARENT_SEQ) values (225,19,'1111','댓글댓글',to_date('21/02/04','RR/MM/DD'),null,160);
Insert into ST.WRITE_COMMENTS (WRITE_CMT_SEQ,WRITE_SEQ,WRITE_CMT_ID,WRITE_CMT_CONTENTS,WRITE_CMT_DATE,WRITE_CMT_DEL,WRITE_CMT_PARENT_SEQ) values (132,21,'1111','lkjlkjm''
',to_date('21/02/02','RR/MM/DD'),null,null);
Insert into ST.WRITE_COMMENTS (WRITE_CMT_SEQ,WRITE_SEQ,WRITE_CMT_ID,WRITE_CMT_CONTENTS,WRITE_CMT_DATE,WRITE_CMT_DEL,WRITE_CMT_PARENT_SEQ) values (226,19,'1111','댓글댓글',to_date('21/02/04','RR/MM/DD'),null,160);
Insert into ST.WRITE_COMMENTS (WRITE_CMT_SEQ,WRITE_SEQ,WRITE_CMT_ID,WRITE_CMT_CONTENTS,WRITE_CMT_DATE,WRITE_CMT_DEL,WRITE_CMT_PARENT_SEQ) values (227,19,'1111','댓글',to_date('21/02/04','RR/MM/DD'),null,160);
Insert into ST.WRITE_COMMENTS (WRITE_CMT_SEQ,WRITE_SEQ,WRITE_CMT_ID,WRITE_CMT_CONTENTS,WRITE_CMT_DATE,WRITE_CMT_DEL,WRITE_CMT_PARENT_SEQ) values (228,19,'1111','댓글입니다',to_date('21/02/04','RR/MM/DD'),null,179);
Insert into ST.WRITE_COMMENTS (WRITE_CMT_SEQ,WRITE_SEQ,WRITE_CMT_ID,WRITE_CMT_CONTENTS,WRITE_CMT_DATE,WRITE_CMT_DEL,WRITE_CMT_PARENT_SEQ) values (229,19,'1111','댓글댓글댓글댓글댓글',to_date('21/02/04','RR/MM/DD'),null,182);
Insert into ST.WRITE_COMMENTS (WRITE_CMT_SEQ,WRITE_SEQ,WRITE_CMT_ID,WRITE_CMT_CONTENTS,WRITE_CMT_DATE,WRITE_CMT_DEL,WRITE_CMT_PARENT_SEQ) values (237,21,'1111','댓글쓸게요',to_date('21/02/05','RR/MM/DD'),null,null);
Insert into ST.WRITE_COMMENTS (WRITE_CMT_SEQ,WRITE_SEQ,WRITE_CMT_ID,WRITE_CMT_CONTENTS,WRITE_CMT_DATE,WRITE_CMT_DEL,WRITE_CMT_PARENT_SEQ) values (238,21,'1111','대댓글',to_date('21/02/05','RR/MM/DD'),null,133);
Insert into ST.WRITE_COMMENTS (WRITE_CMT_SEQ,WRITE_SEQ,WRITE_CMT_ID,WRITE_CMT_CONTENTS,WRITE_CMT_DATE,WRITE_CMT_DEL,WRITE_CMT_PARENT_SEQ) values (239,21,'1111','대댓글2',to_date('21/02/05','RR/MM/DD'),null,133);
Insert into ST.WRITE_COMMENTS (WRITE_CMT_SEQ,WRITE_SEQ,WRITE_CMT_ID,WRITE_CMT_CONTENTS,WRITE_CMT_DATE,WRITE_CMT_DEL,WRITE_CMT_PARENT_SEQ) values (240,21,'1111','대댓글3',to_date('21/02/05','RR/MM/DD'),null,133);
Insert into ST.WRITE_COMMENTS (WRITE_CMT_SEQ,WRITE_SEQ,WRITE_CMT_ID,WRITE_CMT_CONTENTS,WRITE_CMT_DATE,WRITE_CMT_DEL,WRITE_CMT_PARENT_SEQ) values (241,21,'1111','대댓글4',to_date('21/02/05','RR/MM/DD'),null,133);
Insert into ST.WRITE_COMMENTS (WRITE_CMT_SEQ,WRITE_SEQ,WRITE_CMT_ID,WRITE_CMT_CONTENTS,WRITE_CMT_DATE,WRITE_CMT_DEL,WRITE_CMT_PARENT_SEQ) values (242,21,'1111','대댓글5',to_date('21/02/05','RR/MM/DD'),null,133);
Insert into ST.WRITE_COMMENTS (WRITE_CMT_SEQ,WRITE_SEQ,WRITE_CMT_ID,WRITE_CMT_CONTENTS,WRITE_CMT_DATE,WRITE_CMT_DEL,WRITE_CMT_PARENT_SEQ) values (243,21,'1111','ㅁㅇㅁㄴㅇㅁㄴㅇㅁ',to_date('21/02/05','RR/MM/DD'),null,133);
Insert into ST.WRITE_COMMENTS (WRITE_CMT_SEQ,WRITE_SEQ,WRITE_CMT_ID,WRITE_CMT_CONTENTS,WRITE_CMT_DATE,WRITE_CMT_DEL,WRITE_CMT_PARENT_SEQ) values (244,21,'1111','ㅁㄴㅇㅁㄴㅇㅁㄴㅇㅁㄴㅇㅁㄴㅇㅇㄴㅇㅁㄴㅇㅁㄴㅇㅁㄴㅇㄴㅁㅇ',to_date('21/02/05','RR/MM/DD'),null,133);
Insert into ST.WRITE_COMMENTS (WRITE_CMT_SEQ,WRITE_SEQ,WRITE_CMT_ID,WRITE_CMT_CONTENTS,WRITE_CMT_DATE,WRITE_CMT_DEL,WRITE_CMT_PARENT_SEQ) values (245,21,'1111','ㅁㄴㅇㅁㄴㅇㅎㅇㄶㅀㄹㅇ녹ㄷㅇㄽㅇㅁㅁㄴㄹㄴㅇㄹㄴㅁㄻㄴㅇㄹㄴㅇㅁㄻㄴㅇㄹㄴㅇㅁㄹㄹㅇㄴㅁㅎ큉벡션웸갇광ℓㄴ·ℓㄴ광랠',to_date('21/02/05','RR/MM/DD'),null,133);
Insert into ST.WRITE_COMMENTS (WRITE_CMT_SEQ,WRITE_SEQ,WRITE_CMT_ID,WRITE_CMT_CONTENTS,WRITE_CMT_DATE,WRITE_CMT_DEL,WRITE_CMT_PARENT_SEQ) values (385,37,'1111','1',to_date('21/02/25','RR/MM/DD'),null,362);
Insert into ST.WRITE_COMMENTS (WRITE_CMT_SEQ,WRITE_SEQ,WRITE_CMT_ID,WRITE_CMT_CONTENTS,WRITE_CMT_DATE,WRITE_CMT_DEL,WRITE_CMT_PARENT_SEQ) values (386,37,'1111','2',to_date('21/02/25','RR/MM/DD'),null,362);
Insert into ST.WRITE_COMMENTS (WRITE_CMT_SEQ,WRITE_SEQ,WRITE_CMT_ID,WRITE_CMT_CONTENTS,WRITE_CMT_DATE,WRITE_CMT_DEL,WRITE_CMT_PARENT_SEQ) values (387,37,'1111','3',to_date('21/02/25','RR/MM/DD'),null,362);
Insert into ST.WRITE_COMMENTS (WRITE_CMT_SEQ,WRITE_SEQ,WRITE_CMT_ID,WRITE_CMT_CONTENTS,WRITE_CMT_DATE,WRITE_CMT_DEL,WRITE_CMT_PARENT_SEQ) values (411,42,'test7','ddd',to_date('21/02/26','RR/MM/DD'),null,null);
Insert into ST.WRITE_COMMENTS (WRITE_CMT_SEQ,WRITE_SEQ,WRITE_CMT_ID,WRITE_CMT_CONTENTS,WRITE_CMT_DATE,WRITE_CMT_DEL,WRITE_CMT_PARENT_SEQ) values (409,42,'test7','dddd',to_date('21/02/26','RR/MM/DD'),null,null);
Insert into ST.WRITE_COMMENTS (WRITE_CMT_SEQ,WRITE_SEQ,WRITE_CMT_ID,WRITE_CMT_CONTENTS,WRITE_CMT_DATE,WRITE_CMT_DEL,WRITE_CMT_PARENT_SEQ) values (462,42,'test7','ㅁㄹㅇㅁㄴㄻㄴㄹ',to_date('21/02/26','RR/MM/DD'),null,409);
Insert into ST.WRITE_COMMENTS (WRITE_CMT_SEQ,WRITE_SEQ,WRITE_CMT_ID,WRITE_CMT_CONTENTS,WRITE_CMT_DATE,WRITE_CMT_DEL,WRITE_CMT_PARENT_SEQ) values (412,42,'test7','dddd',to_date('21/02/26','RR/MM/DD'),null,null);
Insert into ST.WRITE_COMMENTS (WRITE_CMT_SEQ,WRITE_SEQ,WRITE_CMT_ID,WRITE_CMT_CONTENTS,WRITE_CMT_DATE,WRITE_CMT_DEL,WRITE_CMT_PARENT_SEQ) values (496,42,'test7','asdfasdfaf',to_date('21/02/26','RR/MM/DD'),null,319);
Insert into ST.WRITE_COMMENTS (WRITE_CMT_SEQ,WRITE_SEQ,WRITE_CMT_ID,WRITE_CMT_CONTENTS,WRITE_CMT_DATE,WRITE_CMT_DEL,WRITE_CMT_PARENT_SEQ) values (414,42,'test7','dasfdasdf',to_date('21/02/26','RR/MM/DD'),null,409);
Insert into ST.WRITE_COMMENTS (WRITE_CMT_SEQ,WRITE_SEQ,WRITE_CMT_ID,WRITE_CMT_CONTENTS,WRITE_CMT_DATE,WRITE_CMT_DEL,WRITE_CMT_PARENT_SEQ) values (415,42,'test7','asdfdasfasf',to_date('21/02/26','RR/MM/DD'),null,409);
Insert into ST.WRITE_COMMENTS (WRITE_CMT_SEQ,WRITE_SEQ,WRITE_CMT_ID,WRITE_CMT_CONTENTS,WRITE_CMT_DATE,WRITE_CMT_DEL,WRITE_CMT_PARENT_SEQ) values (416,42,'test7','asfdasdfa',to_date('21/02/26','RR/MM/DD'),null,409);
Insert into ST.WRITE_COMMENTS (WRITE_CMT_SEQ,WRITE_SEQ,WRITE_CMT_ID,WRITE_CMT_CONTENTS,WRITE_CMT_DATE,WRITE_CMT_DEL,WRITE_CMT_PARENT_SEQ) values (417,42,'test7','adsfasfsaf',to_date('21/02/26','RR/MM/DD'),null,409);
Insert into ST.WRITE_COMMENTS (WRITE_CMT_SEQ,WRITE_SEQ,WRITE_CMT_ID,WRITE_CMT_CONTENTS,WRITE_CMT_DATE,WRITE_CMT_DEL,WRITE_CMT_PARENT_SEQ) values (418,42,'test7','afdasfaf',to_date('21/02/26','RR/MM/DD'),null,409);
Insert into ST.WRITE_COMMENTS (WRITE_CMT_SEQ,WRITE_SEQ,WRITE_CMT_ID,WRITE_CMT_CONTENTS,WRITE_CMT_DATE,WRITE_CMT_DEL,WRITE_CMT_PARENT_SEQ) values (419,42,'test7','adsfasfasfasd',to_date('21/02/26','RR/MM/DD'),null,409);
Insert into ST.WRITE_COMMENTS (WRITE_CMT_SEQ,WRITE_SEQ,WRITE_CMT_ID,WRITE_CMT_CONTENTS,WRITE_CMT_DATE,WRITE_CMT_DEL,WRITE_CMT_PARENT_SEQ) values (420,42,'test7','adsfasdfasfafds',to_date('21/02/26','RR/MM/DD'),null,409);
Insert into ST.WRITE_COMMENTS (WRITE_CMT_SEQ,WRITE_SEQ,WRITE_CMT_ID,WRITE_CMT_CONTENTS,WRITE_CMT_DATE,WRITE_CMT_DEL,WRITE_CMT_PARENT_SEQ) values (421,42,'test7','asdfasdfadf',to_date('21/02/26','RR/MM/DD'),null,411);
Insert into ST.WRITE_COMMENTS (WRITE_CMT_SEQ,WRITE_SEQ,WRITE_CMT_ID,WRITE_CMT_CONTENTS,WRITE_CMT_DATE,WRITE_CMT_DEL,WRITE_CMT_PARENT_SEQ) values (422,42,'test7','adsfadsfasd',to_date('21/02/26','RR/MM/DD'),null,409);
Insert into ST.WRITE_COMMENTS (WRITE_CMT_SEQ,WRITE_SEQ,WRITE_CMT_ID,WRITE_CMT_CONTENTS,WRITE_CMT_DATE,WRITE_CMT_DEL,WRITE_CMT_PARENT_SEQ) values (423,42,'test7','asdfadsffads',to_date('21/02/26','RR/MM/DD'),null,409);
Insert into ST.WRITE_COMMENTS (WRITE_CMT_SEQ,WRITE_SEQ,WRITE_CMT_ID,WRITE_CMT_CONTENTS,WRITE_CMT_DATE,WRITE_CMT_DEL,WRITE_CMT_PARENT_SEQ) values (424,42,'test7','대댓글1',to_date('21/02/26','RR/MM/DD'),null,409);
Insert into ST.WRITE_COMMENTS (WRITE_CMT_SEQ,WRITE_SEQ,WRITE_CMT_ID,WRITE_CMT_CONTENTS,WRITE_CMT_DATE,WRITE_CMT_DEL,WRITE_CMT_PARENT_SEQ) values (425,42,'test7','대댓글2',to_date('21/02/26','RR/MM/DD'),null,409);
Insert into ST.WRITE_COMMENTS (WRITE_CMT_SEQ,WRITE_SEQ,WRITE_CMT_ID,WRITE_CMT_CONTENTS,WRITE_CMT_DATE,WRITE_CMT_DEL,WRITE_CMT_PARENT_SEQ) values (460,42,'test7','ㅁㅇㄴㄻㅇㄴㄹ',to_date('21/02/26','RR/MM/DD'),null,409);
Insert into ST.WRITE_COMMENTS (WRITE_CMT_SEQ,WRITE_SEQ,WRITE_CMT_ID,WRITE_CMT_CONTENTS,WRITE_CMT_DATE,WRITE_CMT_DEL,WRITE_CMT_PARENT_SEQ) values (461,42,'test7','ㅁㄴㅇㄹㅇㅁㄴㄻ',to_date('21/02/26','RR/MM/DD'),null,409);
Insert into ST.WRITE_COMMENTS (WRITE_CMT_SEQ,WRITE_SEQ,WRITE_CMT_ID,WRITE_CMT_CONTENTS,WRITE_CMT_DATE,WRITE_CMT_DEL,WRITE_CMT_PARENT_SEQ) values (463,42,'test7','ㅁㅇㄴㄻㄴㄻㄴㄹ',to_date('21/02/26','RR/MM/DD'),null,409);
Insert into ST.WRITE_COMMENTS (WRITE_CMT_SEQ,WRITE_SEQ,WRITE_CMT_ID,WRITE_CMT_CONTENTS,WRITE_CMT_DATE,WRITE_CMT_DEL,WRITE_CMT_PARENT_SEQ) values (464,42,'test7','ㅁㅇㄻㄴㄹㄹ',to_date('21/02/26','RR/MM/DD'),null,409);
Insert into ST.WRITE_COMMENTS (WRITE_CMT_SEQ,WRITE_SEQ,WRITE_CMT_ID,WRITE_CMT_CONTENTS,WRITE_CMT_DATE,WRITE_CMT_DEL,WRITE_CMT_PARENT_SEQ) values (544,42,'test7','adsfadsfdasf',to_date('21/02/26','RR/MM/DD'),null,319);
Insert into ST.WRITE_COMMENTS (WRITE_CMT_SEQ,WRITE_SEQ,WRITE_CMT_ID,WRITE_CMT_CONTENTS,WRITE_CMT_DATE,WRITE_CMT_DEL,WRITE_CMT_PARENT_SEQ) values (495,42,'test7','adsfasdfasdf',to_date('21/02/26','RR/MM/DD'),null,319);
Insert into ST.WRITE_COMMENTS (WRITE_CMT_SEQ,WRITE_SEQ,WRITE_CMT_ID,WRITE_CMT_CONTENTS,WRITE_CMT_DATE,WRITE_CMT_DEL,WRITE_CMT_PARENT_SEQ) values (545,42,'test7','asdfadsfs',to_date('21/02/26','RR/MM/DD'),null,319);
Insert into ST.WRITE_COMMENTS (WRITE_CMT_SEQ,WRITE_SEQ,WRITE_CMT_ID,WRITE_CMT_CONTENTS,WRITE_CMT_DATE,WRITE_CMT_DEL,WRITE_CMT_PARENT_SEQ) values (546,42,'test7','asdfdafadsf',to_date('21/02/26','RR/MM/DD'),null,319);
Insert into ST.WRITE_COMMENTS (WRITE_CMT_SEQ,WRITE_SEQ,WRITE_CMT_ID,WRITE_CMT_CONTENTS,WRITE_CMT_DATE,WRITE_CMT_DEL,WRITE_CMT_PARENT_SEQ) values (547,42,'test7','asdfdasfasdf',to_date('21/02/26','RR/MM/DD'),null,319);
Insert into ST.WRITE_COMMENTS (WRITE_CMT_SEQ,WRITE_SEQ,WRITE_CMT_ID,WRITE_CMT_CONTENTS,WRITE_CMT_DATE,WRITE_CMT_DEL,WRITE_CMT_PARENT_SEQ) values (548,42,'test7','adsfadfasfa',to_date('21/02/26','RR/MM/DD'),null,319);
Insert into ST.WRITE_COMMENTS (WRITE_CMT_SEQ,WRITE_SEQ,WRITE_CMT_ID,WRITE_CMT_CONTENTS,WRITE_CMT_DATE,WRITE_CMT_DEL,WRITE_CMT_PARENT_SEQ) values (748,50,'admin','asdfasdf',to_date('21/03/01','RR/MM/DD'),null,null);
Insert into ST.WRITE_COMMENTS (WRITE_CMT_SEQ,WRITE_SEQ,WRITE_CMT_ID,WRITE_CMT_CONTENTS,WRITE_CMT_DATE,WRITE_CMT_DEL,WRITE_CMT_PARENT_SEQ) values (749,50,'admin','오',to_date('21/03/01','RR/MM/DD'),null,748);
Insert into ST.WRITE_COMMENTS (WRITE_CMT_SEQ,WRITE_SEQ,WRITE_CMT_ID,WRITE_CMT_CONTENTS,WRITE_CMT_DATE,WRITE_CMT_DEL,WRITE_CMT_PARENT_SEQ) values (750,50,'admin','새로운 댓글',to_date('21/03/01','RR/MM/DD'),null,null);
Insert into ST.WRITE_COMMENTS (WRITE_CMT_SEQ,WRITE_SEQ,WRITE_CMT_ID,WRITE_CMT_CONTENTS,WRITE_CMT_DATE,WRITE_CMT_DEL,WRITE_CMT_PARENT_SEQ) values (928,53,'kh2012','인정합니다~',to_date('21/03/08','RR/MM/DD'),null,null);
Insert into ST.WRITE_COMMENTS (WRITE_CMT_SEQ,WRITE_SEQ,WRITE_CMT_ID,WRITE_CMT_CONTENTS,WRITE_CMT_DATE,WRITE_CMT_DEL,WRITE_CMT_PARENT_SEQ) values (762,47,'test1','기선겸',to_date('21/03/01','RR/MM/DD'),null,null);
Insert into ST.WRITE_COMMENTS (WRITE_CMT_SEQ,WRITE_SEQ,WRITE_CMT_ID,WRITE_CMT_CONTENTS,WRITE_CMT_DATE,WRITE_CMT_DEL,WRITE_CMT_PARENT_SEQ) values (806,49,'test1','기선겸',to_date('21/03/01','RR/MM/DD'),null,null);
Insert into ST.WRITE_COMMENTS (WRITE_CMT_SEQ,WRITE_SEQ,WRITE_CMT_ID,WRITE_CMT_CONTENTS,WRITE_CMT_DATE,WRITE_CMT_DEL,WRITE_CMT_PARENT_SEQ) values (165,19,'1111','안녕하세요~',to_date('21/02/02','RR/MM/DD'),null,160);
Insert into ST.WRITE_COMMENTS (WRITE_CMT_SEQ,WRITE_SEQ,WRITE_CMT_ID,WRITE_CMT_CONTENTS,WRITE_CMT_DATE,WRITE_CMT_DEL,WRITE_CMT_PARENT_SEQ) values (168,19,'1111','요옴~~~',to_date('21/02/02','RR/MM/DD'),null,160);
Insert into ST.WRITE_COMMENTS (WRITE_CMT_SEQ,WRITE_SEQ,WRITE_CMT_ID,WRITE_CMT_CONTENTS,WRITE_CMT_DATE,WRITE_CMT_DEL,WRITE_CMT_PARENT_SEQ) values (918,59,'test1','ㅋㅋ',to_date('21/03/08','RR/MM/DD'),null,null);
Insert into ST.WRITE_COMMENTS (WRITE_CMT_SEQ,WRITE_SEQ,WRITE_CMT_ID,WRITE_CMT_CONTENTS,WRITE_CMT_DATE,WRITE_CMT_DEL,WRITE_CMT_PARENT_SEQ) values (193,19,'test1','나가~~~',to_date('21/02/03','RR/MM/DD'),null,160);
Insert into ST.WRITE_COMMENTS (WRITE_CMT_SEQ,WRITE_SEQ,WRITE_CMT_ID,WRITE_CMT_CONTENTS,WRITE_CMT_DATE,WRITE_CMT_DEL,WRITE_CMT_PARENT_SEQ) values (916,57,'kh2016','이미 봄
',to_date('21/03/08','RR/MM/DD'),null,null);
Insert into ST.WRITE_COMMENTS (WRITE_CMT_SEQ,WRITE_SEQ,WRITE_CMT_ID,WRITE_CMT_CONTENTS,WRITE_CMT_DATE,WRITE_CMT_DEL,WRITE_CMT_PARENT_SEQ) values (230,19,'1111','에어팟 제시 1년 좀 넘게 씀',to_date('21/02/04','RR/MM/DD'),null,21);
Insert into ST.WRITE_COMMENTS (WRITE_CMT_SEQ,WRITE_SEQ,WRITE_CMT_ID,WRITE_CMT_CONTENTS,WRITE_CMT_DATE,WRITE_CMT_DEL,WRITE_CMT_PARENT_SEQ) values (231,19,'1111','ㅁㅇㅁㄴㅇㅁㄴㅇ',to_date('21/02/04','RR/MM/DD'),null,21);
Insert into ST.WRITE_COMMENTS (WRITE_CMT_SEQ,WRITE_SEQ,WRITE_CMT_ID,WRITE_CMT_CONTENTS,WRITE_CMT_DATE,WRITE_CMT_DEL,WRITE_CMT_PARENT_SEQ) values (232,19,'1111','ㅁㅇㅁㄴㅇㅁㄴㅇㅁㄴㅇㅁㅇㄴㅁㅇㅁㄴ',to_date('21/02/04','RR/MM/DD'),null,21);
Insert into ST.WRITE_COMMENTS (WRITE_CMT_SEQ,WRITE_SEQ,WRITE_CMT_ID,WRITE_CMT_CONTENTS,WRITE_CMT_DATE,WRITE_CMT_DEL,WRITE_CMT_PARENT_SEQ) values (236,19,'1111','626516',to_date('21/02/04','RR/MM/DD'),null,23);
Insert into ST.WRITE_COMMENTS (WRITE_CMT_SEQ,WRITE_SEQ,WRITE_CMT_ID,WRITE_CMT_CONTENTS,WRITE_CMT_DATE,WRITE_CMT_DEL,WRITE_CMT_PARENT_SEQ) values (919,57,'kh2007','ㅋㅋㅋㅋㅋㅋㅋㅋㅋㅋㅋㅋㅋ',to_date('21/03/08','RR/MM/DD'),null,null);
Insert into ST.WRITE_COMMENTS (WRITE_CMT_SEQ,WRITE_SEQ,WRITE_CMT_ID,WRITE_CMT_CONTENTS,WRITE_CMT_DATE,WRITE_CMT_DEL,WRITE_CMT_PARENT_SEQ) values (235,19,'1111','가나다라마바사 아자차카타파하가나다라마바사 아자차카타파하가나다라마바사 아자차카타파하가나다라마바사 아자차카타파하가나다라마바사 아자차카타파하가나다라마바사 아자차카타파하가나다라마바사 아자차카타파하가나다라마바사 아자차카타파하가나다라마바사 아자차카타파하가나다라마바사 아자차카타파하가나다라마바사 아자차카타파하가나다라마바사 아자차카타파하가나다라마바사 아자차카타파하가나다라마바사 아자차카타파하가나다라마바사 아자차카타파하가나다라마바사 아자차카타파하가나다라마바사 아자차카타파하가나다라마바사 아자차카타파하가나다라마바사 아자차카타파하가나다라마바사 아자차카타파하가나다라마바사 아자차카타파하가나다라마바사 아자차카타파하가나다라마바사 아자차카타파하가나다라마바사 아자차카타파하가나다라마바사 아자차카타파하가나다라마바사 아자차카타파하가나다라마바사 아자차카타파하가나다라마바사 아자차카타파하',to_date('21/02/04','RR/MM/DD'),null,222);
Insert into ST.WRITE_COMMENTS (WRITE_CMT_SEQ,WRITE_SEQ,WRITE_CMT_ID,WRITE_CMT_CONTENTS,WRITE_CMT_DATE,WRITE_CMT_DEL,WRITE_CMT_PARENT_SEQ) values (247,21,'test2','ㅎㅇㅎㅇ',to_date('21/02/19','RR/MM/DD'),null,237);
Insert into ST.WRITE_COMMENTS (WRITE_CMT_SEQ,WRITE_SEQ,WRITE_CMT_ID,WRITE_CMT_CONTENTS,WRITE_CMT_DATE,WRITE_CMT_DEL,WRITE_CMT_PARENT_SEQ) values (248,21,'test2','ㅎㅇㅎㅇ',to_date('21/02/19','RR/MM/DD'),null,237);
Insert into ST.WRITE_COMMENTS (WRITE_CMT_SEQ,WRITE_SEQ,WRITE_CMT_ID,WRITE_CMT_CONTENTS,WRITE_CMT_DATE,WRITE_CMT_DEL,WRITE_CMT_PARENT_SEQ) values (249,21,'test2','ㅎㅇㅎㅇ',to_date('21/02/19','RR/MM/DD'),null,237);
Insert into ST.WRITE_COMMENTS (WRITE_CMT_SEQ,WRITE_SEQ,WRITE_CMT_ID,WRITE_CMT_CONTENTS,WRITE_CMT_DATE,WRITE_CMT_DEL,WRITE_CMT_PARENT_SEQ) values (250,21,'test2','ㅎㅇㅎㅇ',to_date('21/02/19','RR/MM/DD'),null,237);
Insert into ST.WRITE_COMMENTS (WRITE_CMT_SEQ,WRITE_SEQ,WRITE_CMT_ID,WRITE_CMT_CONTENTS,WRITE_CMT_DATE,WRITE_CMT_DEL,WRITE_CMT_PARENT_SEQ) values (251,21,'test2','ㅎㅇㅎㅇ',to_date('21/02/19','RR/MM/DD'),null,237);
Insert into ST.WRITE_COMMENTS (WRITE_CMT_SEQ,WRITE_SEQ,WRITE_CMT_ID,WRITE_CMT_CONTENTS,WRITE_CMT_DATE,WRITE_CMT_DEL,WRITE_CMT_PARENT_SEQ) values (252,21,'test2','1',to_date('21/02/19','RR/MM/DD'),null,237);
Insert into ST.WRITE_COMMENTS (WRITE_CMT_SEQ,WRITE_SEQ,WRITE_CMT_ID,WRITE_CMT_CONTENTS,WRITE_CMT_DATE,WRITE_CMT_DEL,WRITE_CMT_PARENT_SEQ) values (253,21,'test2','1',to_date('21/02/19','RR/MM/DD'),null,237);
Insert into ST.WRITE_COMMENTS (WRITE_CMT_SEQ,WRITE_SEQ,WRITE_CMT_ID,WRITE_CMT_CONTENTS,WRITE_CMT_DATE,WRITE_CMT_DEL,WRITE_CMT_PARENT_SEQ) values (254,21,'test2','ㄹㅇㄴㅁ',to_date('21/02/19','RR/MM/DD'),null,null);
Insert into ST.WRITE_COMMENTS (WRITE_CMT_SEQ,WRITE_SEQ,WRITE_CMT_ID,WRITE_CMT_CONTENTS,WRITE_CMT_DATE,WRITE_CMT_DEL,WRITE_CMT_PARENT_SEQ) values (255,21,'1111','asdadad',to_date('21/02/24','RR/MM/DD'),null,254);
Insert into ST.WRITE_COMMENTS (WRITE_CMT_SEQ,WRITE_SEQ,WRITE_CMT_ID,WRITE_CMT_CONTENTS,WRITE_CMT_DATE,WRITE_CMT_DEL,WRITE_CMT_PARENT_SEQ) values (256,21,'1111','asddddddddddddddddddddddddddddddddddddddddddddddddddddddddddddddddddddddddddddddddddddddddddddddddddddd',to_date('21/02/24','RR/MM/DD'),null,254);
Insert into ST.WRITE_COMMENTS (WRITE_CMT_SEQ,WRITE_SEQ,WRITE_CMT_ID,WRITE_CMT_CONTENTS,WRITE_CMT_DATE,WRITE_CMT_DEL,WRITE_CMT_PARENT_SEQ) values (599,44,'test4','asdadasd',to_date('21/02/26','RR/MM/DD'),null,598);
Insert into ST.WRITE_COMMENTS (WRITE_CMT_SEQ,WRITE_SEQ,WRITE_CMT_ID,WRITE_CMT_CONTENTS,WRITE_CMT_DATE,WRITE_CMT_DEL,WRITE_CMT_PARENT_SEQ) values (406,43,'hoihoi914','? 왜 프사가 admin 일까',to_date('21/02/26','RR/MM/DD'),null,392);
Insert into ST.WRITE_COMMENTS (WRITE_CMT_SEQ,WRITE_SEQ,WRITE_CMT_ID,WRITE_CMT_CONTENTS,WRITE_CMT_DATE,WRITE_CMT_DEL,WRITE_CMT_PARENT_SEQ) values (408,42,'test4','하잇
',to_date('21/02/26','RR/MM/DD'),null,null);
Insert into ST.WRITE_COMMENTS (WRITE_CMT_SEQ,WRITE_SEQ,WRITE_CMT_ID,WRITE_CMT_CONTENTS,WRITE_CMT_DATE,WRITE_CMT_DEL,WRITE_CMT_PARENT_SEQ) values (917,51,'kh2022','확인요',to_date('21/03/08','RR/MM/DD'),null,null);
Insert into ST.WRITE_COMMENTS (WRITE_CMT_SEQ,WRITE_SEQ,WRITE_CMT_ID,WRITE_CMT_CONTENTS,WRITE_CMT_DATE,WRITE_CMT_DEL,WRITE_CMT_PARENT_SEQ) values (923,57,'kh2018','귀칼 재밌져~!!',to_date('21/03/08','RR/MM/DD'),null,915);
Insert into ST.WRITE_COMMENTS (WRITE_CMT_SEQ,WRITE_SEQ,WRITE_CMT_ID,WRITE_CMT_CONTENTS,WRITE_CMT_DATE,WRITE_CMT_DEL,WRITE_CMT_PARENT_SEQ) values (932,68,'kh2006','배고파요 점심 메뉴 추천좀',to_date('21/03/08','RR/MM/DD'),null,null);
Insert into ST.WRITE_COMMENTS (WRITE_CMT_SEQ,WRITE_SEQ,WRITE_CMT_ID,WRITE_CMT_CONTENTS,WRITE_CMT_DATE,WRITE_CMT_DEL,WRITE_CMT_PARENT_SEQ) values (933,64,'kh2006','그러게요 다들 고생하셨어요',to_date('21/03/08','RR/MM/DD'),null,null);
Insert into ST.WRITE_COMMENTS (WRITE_CMT_SEQ,WRITE_SEQ,WRITE_CMT_ID,WRITE_CMT_CONTENTS,WRITE_CMT_DATE,WRITE_CMT_DEL,WRITE_CMT_PARENT_SEQ) values (598,44,'test4','asdasdasdasd',to_date('21/02/26','RR/MM/DD'),null,null);
Insert into ST.WRITE_COMMENTS (WRITE_CMT_SEQ,WRITE_SEQ,WRITE_CMT_ID,WRITE_CMT_CONTENTS,WRITE_CMT_DATE,WRITE_CMT_DEL,WRITE_CMT_PARENT_SEQ) values (600,44,'test4','asdasdasd',to_date('21/02/26','RR/MM/DD'),null,598);
Insert into ST.WRITE_COMMENTS (WRITE_CMT_SEQ,WRITE_SEQ,WRITE_CMT_ID,WRITE_CMT_CONTENTS,WRITE_CMT_DATE,WRITE_CMT_DEL,WRITE_CMT_PARENT_SEQ) values (601,44,'test4','sadadasddas',to_date('21/02/26','RR/MM/DD'),null,null);
Insert into ST.WRITE_COMMENTS (WRITE_CMT_SEQ,WRITE_SEQ,WRITE_CMT_ID,WRITE_CMT_CONTENTS,WRITE_CMT_DATE,WRITE_CMT_DEL,WRITE_CMT_PARENT_SEQ) values (602,44,'test4','sadsadasd',to_date('21/02/26','RR/MM/DD'),null,601);
Insert into ST.WRITE_COMMENTS (WRITE_CMT_SEQ,WRITE_SEQ,WRITE_CMT_ID,WRITE_CMT_CONTENTS,WRITE_CMT_DATE,WRITE_CMT_DEL,WRITE_CMT_PARENT_SEQ) values (603,44,'test4','asdasdassd',to_date('21/02/26','RR/MM/DD'),null,601);
Insert into ST.WRITE_COMMENTS (WRITE_CMT_SEQ,WRITE_SEQ,WRITE_CMT_ID,WRITE_CMT_CONTENTS,WRITE_CMT_DATE,WRITE_CMT_DEL,WRITE_CMT_PARENT_SEQ) values (934,64,'kh2012','벌써 종강이라니~~~다들 수고하셨어요~~',to_date('21/03/08','RR/MM/DD'),null,null);
Insert into ST.WRITE_COMMENTS (WRITE_CMT_SEQ,WRITE_SEQ,WRITE_CMT_ID,WRITE_CMT_CONTENTS,WRITE_CMT_DATE,WRITE_CMT_DEL,WRITE_CMT_PARENT_SEQ) values (177,19,'1111','123123',to_date('21/02/03','RR/MM/DD'),null,null);
Insert into ST.WRITE_COMMENTS (WRITE_CMT_SEQ,WRITE_SEQ,WRITE_CMT_ID,WRITE_CMT_CONTENTS,WRITE_CMT_DATE,WRITE_CMT_DEL,WRITE_CMT_PARENT_SEQ) values (178,19,'1111','댓글댓글댓글',to_date('21/02/03','RR/MM/DD'),null,null);
Insert into ST.WRITE_COMMENTS (WRITE_CMT_SEQ,WRITE_SEQ,WRITE_CMT_ID,WRITE_CMT_CONTENTS,WRITE_CMT_DATE,WRITE_CMT_DEL,WRITE_CMT_PARENT_SEQ) values (187,19,'1111','댓글을 쓰자',to_date('21/02/03','RR/MM/DD'),null,null);
Insert into ST.WRITE_COMMENTS (WRITE_CMT_SEQ,WRITE_SEQ,WRITE_CMT_ID,WRITE_CMT_CONTENTS,WRITE_CMT_DATE,WRITE_CMT_DEL,WRITE_CMT_PARENT_SEQ) values (203,19,'1111','a',to_date('21/02/03','RR/MM/DD'),null,189);
Insert into ST.WRITE_COMMENTS (WRITE_CMT_SEQ,WRITE_SEQ,WRITE_CMT_ID,WRITE_CMT_CONTENTS,WRITE_CMT_DATE,WRITE_CMT_DEL,WRITE_CMT_PARENT_SEQ) values (189,19,'1111','ㅁㄴㅇㅁㄴㅇㅁㅇㄴ',to_date('21/02/03','RR/MM/DD'),null,null);
Insert into ST.WRITE_COMMENTS (WRITE_CMT_SEQ,WRITE_SEQ,WRITE_CMT_ID,WRITE_CMT_CONTENTS,WRITE_CMT_DATE,WRITE_CMT_DEL,WRITE_CMT_PARENT_SEQ) values (21,19,'1111','asd',to_date('21/01/29','RR/MM/DD'),null,null);
Insert into ST.WRITE_COMMENTS (WRITE_CMT_SEQ,WRITE_SEQ,WRITE_CMT_ID,WRITE_CMT_CONTENTS,WRITE_CMT_DATE,WRITE_CMT_DEL,WRITE_CMT_PARENT_SEQ) values (23,19,'1111','asdasaa',to_date('21/01/29','RR/MM/DD'),null,null);
Insert into ST.WRITE_COMMENTS (WRITE_CMT_SEQ,WRITE_SEQ,WRITE_CMT_ID,WRITE_CMT_CONTENTS,WRITE_CMT_DATE,WRITE_CMT_DEL,WRITE_CMT_PARENT_SEQ) values (208,19,'1111','a',to_date('21/02/03','RR/MM/DD'),null,189);
Insert into ST.WRITE_COMMENTS (WRITE_CMT_SEQ,WRITE_SEQ,WRITE_CMT_ID,WRITE_CMT_CONTENTS,WRITE_CMT_DATE,WRITE_CMT_DEL,WRITE_CMT_PARENT_SEQ) values (211,19,'1111','aaasrrrwwrwss',to_date('21/02/03','RR/MM/DD'),null,189);
Insert into ST.WRITE_COMMENTS (WRITE_CMT_SEQ,WRITE_SEQ,WRITE_CMT_ID,WRITE_CMT_CONTENTS,WRITE_CMT_DATE,WRITE_CMT_DEL,WRITE_CMT_PARENT_SEQ) values (390,37,'1111','11',to_date('21/02/25','RR/MM/DD'),null,388);
Insert into ST.WRITE_COMMENTS (WRITE_CMT_SEQ,WRITE_SEQ,WRITE_CMT_ID,WRITE_CMT_CONTENTS,WRITE_CMT_DATE,WRITE_CMT_DEL,WRITE_CMT_PARENT_SEQ) values (388,37,'1111','asdasdasd',to_date('21/02/25','RR/MM/DD'),null,null);
Insert into ST.WRITE_COMMENTS (WRITE_CMT_SEQ,WRITE_SEQ,WRITE_CMT_ID,WRITE_CMT_CONTENTS,WRITE_CMT_DATE,WRITE_CMT_DEL,WRITE_CMT_PARENT_SEQ) values (389,37,'1111','213123123',to_date('21/02/25','RR/MM/DD'),null,388);
Insert into ST.WRITE_COMMENTS (WRITE_CMT_SEQ,WRITE_SEQ,WRITE_CMT_ID,WRITE_CMT_CONTENTS,WRITE_CMT_DATE,WRITE_CMT_DEL,WRITE_CMT_PARENT_SEQ) values (391,37,'1111','233',to_date('21/02/25','RR/MM/DD'),null,388);
Insert into ST.WRITE_COMMENTS (WRITE_CMT_SEQ,WRITE_SEQ,WRITE_CMT_ID,WRITE_CMT_CONTENTS,WRITE_CMT_DATE,WRITE_CMT_DEL,WRITE_CMT_PARENT_SEQ) values (867,51,'admin','asdfasf',to_date('21/03/03','RR/MM/DD'),null,null);
Insert into ST.WRITE_COMMENTS (WRITE_CMT_SEQ,WRITE_SEQ,WRITE_CMT_ID,WRITE_CMT_CONTENTS,WRITE_CMT_DATE,WRITE_CMT_DEL,WRITE_CMT_PARENT_SEQ) values (126,21,'1111','다시한번 기도해봅니다 제발요',to_date('21/02/02','RR/MM/DD'),null,null);
Insert into ST.WRITE_COMMENTS (WRITE_CMT_SEQ,WRITE_SEQ,WRITE_CMT_ID,WRITE_CMT_CONTENTS,WRITE_CMT_DATE,WRITE_CMT_DEL,WRITE_CMT_PARENT_SEQ) values (127,21,'1111','감사합니다 감사합니다 감사합니다.',to_date('21/02/02','RR/MM/DD'),null,null);
Insert into ST.WRITE_COMMENTS (WRITE_CMT_SEQ,WRITE_SEQ,WRITE_CMT_ID,WRITE_CMT_CONTENTS,WRITE_CMT_DATE,WRITE_CMT_DEL,WRITE_CMT_PARENT_SEQ) values (128,21,'1111','가보자 가보자',to_date('21/02/02','RR/MM/DD'),null,null);
Insert into ST.WRITE_COMMENTS (WRITE_CMT_SEQ,WRITE_SEQ,WRITE_CMT_ID,WRITE_CMT_CONTENTS,WRITE_CMT_DATE,WRITE_CMT_DEL,WRITE_CMT_PARENT_SEQ) values (129,21,'1111','다시 가보자 가보자',to_date('21/02/02','RR/MM/DD'),null,null);
Insert into ST.WRITE_COMMENTS (WRITE_CMT_SEQ,WRITE_SEQ,WRITE_CMT_ID,WRITE_CMT_CONTENTS,WRITE_CMT_DATE,WRITE_CMT_DEL,WRITE_CMT_PARENT_SEQ) values (130,21,'1111','제발 좀 ',to_date('21/02/02','RR/MM/DD'),null,null);
Insert into ST.WRITE_COMMENTS (WRITE_CMT_SEQ,WRITE_SEQ,WRITE_CMT_ID,WRITE_CMT_CONTENTS,WRITE_CMT_DATE,WRITE_CMT_DEL,WRITE_CMT_PARENT_SEQ) values (131,21,'1111','가보자 갑좍SㄷㅂㄱSㄱ밥ㅈ;ㅣ',to_date('21/02/02','RR/MM/DD'),null,null);
Insert into ST.WRITE_COMMENTS (WRITE_CMT_SEQ,WRITE_SEQ,WRITE_CMT_ID,WRITE_CMT_CONTENTS,WRITE_CMT_DATE,WRITE_CMT_DEL,WRITE_CMT_PARENT_SEQ) values (182,19,'1111','sadadaa',to_date('21/02/03','RR/MM/DD'),null,null);
Insert into ST.WRITE_COMMENTS (WRITE_CMT_SEQ,WRITE_SEQ,WRITE_CMT_ID,WRITE_CMT_CONTENTS,WRITE_CMT_DATE,WRITE_CMT_DEL,WRITE_CMT_PARENT_SEQ) values (199,19,'1111','asd',to_date('21/02/03','RR/MM/DD'),null,189);
Insert into ST.WRITE_COMMENTS (WRITE_CMT_SEQ,WRITE_SEQ,WRITE_CMT_ID,WRITE_CMT_CONTENTS,WRITE_CMT_DATE,WRITE_CMT_DEL,WRITE_CMT_PARENT_SEQ) values (200,19,'1111','asdff',to_date('21/02/03','RR/MM/DD'),null,189);
Insert into ST.WRITE_COMMENTS (WRITE_CMT_SEQ,WRITE_SEQ,WRITE_CMT_ID,WRITE_CMT_CONTENTS,WRITE_CMT_DATE,WRITE_CMT_DEL,WRITE_CMT_PARENT_SEQ) values (201,19,'1111','as',to_date('21/02/03','RR/MM/DD'),null,189);
Insert into ST.WRITE_COMMENTS (WRITE_CMT_SEQ,WRITE_SEQ,WRITE_CMT_ID,WRITE_CMT_CONTENTS,WRITE_CMT_DATE,WRITE_CMT_DEL,WRITE_CMT_PARENT_SEQ) values (202,19,'1111','a',to_date('21/02/03','RR/MM/DD'),null,189);
Insert into ST.WRITE_COMMENTS (WRITE_CMT_SEQ,WRITE_SEQ,WRITE_CMT_ID,WRITE_CMT_CONTENTS,WRITE_CMT_DATE,WRITE_CMT_DEL,WRITE_CMT_PARENT_SEQ) values (205,19,'1111','asdadad',to_date('21/02/03','RR/MM/DD'),null,189);
Insert into ST.WRITE_COMMENTS (WRITE_CMT_SEQ,WRITE_SEQ,WRITE_CMT_ID,WRITE_CMT_CONTENTS,WRITE_CMT_DATE,WRITE_CMT_DEL,WRITE_CMT_PARENT_SEQ) values (206,19,'1111','asd',to_date('21/02/03','RR/MM/DD'),null,189);
Insert into ST.WRITE_COMMENTS (WRITE_CMT_SEQ,WRITE_SEQ,WRITE_CMT_ID,WRITE_CMT_CONTENTS,WRITE_CMT_DATE,WRITE_CMT_DEL,WRITE_CMT_PARENT_SEQ) values (207,19,'1111','asd',to_date('21/02/03','RR/MM/DD'),null,189);
Insert into ST.WRITE_COMMENTS (WRITE_CMT_SEQ,WRITE_SEQ,WRITE_CMT_ID,WRITE_CMT_CONTENTS,WRITE_CMT_DATE,WRITE_CMT_DEL,WRITE_CMT_PARENT_SEQ) values (212,19,'1111','asdadsd',to_date('21/02/03','RR/MM/DD'),null,189);
Insert into ST.WRITE_COMMENTS (WRITE_CMT_SEQ,WRITE_SEQ,WRITE_CMT_ID,WRITE_CMT_CONTENTS,WRITE_CMT_DATE,WRITE_CMT_DEL,WRITE_CMT_PARENT_SEQ) values (213,19,'1111','as',to_date('21/02/03','RR/MM/DD'),null,189);
Insert into ST.WRITE_COMMENTS (WRITE_CMT_SEQ,WRITE_SEQ,WRITE_CMT_ID,WRITE_CMT_CONTENTS,WRITE_CMT_DATE,WRITE_CMT_DEL,WRITE_CMT_PARENT_SEQ) values (22,19,'1111','asdas',to_date('21/01/29','RR/MM/DD'),null,null);
Insert into ST.WRITE_COMMENTS (WRITE_CMT_SEQ,WRITE_SEQ,WRITE_CMT_ID,WRITE_CMT_CONTENTS,WRITE_CMT_DATE,WRITE_CMT_DEL,WRITE_CMT_PARENT_SEQ) values (214,19,'1111','asddd',to_date('21/02/03','RR/MM/DD'),null,189);
Insert into ST.WRITE_COMMENTS (WRITE_CMT_SEQ,WRITE_SEQ,WRITE_CMT_ID,WRITE_CMT_CONTENTS,WRITE_CMT_DATE,WRITE_CMT_DEL,WRITE_CMT_PARENT_SEQ) values (215,19,'1111','asdddsss',to_date('21/02/03','RR/MM/DD'),null,189);
Insert into ST.WRITE_COMMENTS (WRITE_CMT_SEQ,WRITE_SEQ,WRITE_CMT_ID,WRITE_CMT_CONTENTS,WRITE_CMT_DATE,WRITE_CMT_DEL,WRITE_CMT_PARENT_SEQ) values (216,19,'1111','asdasdas',to_date('21/02/03','RR/MM/DD'),null,189);
Insert into ST.WRITE_COMMENTS (WRITE_CMT_SEQ,WRITE_SEQ,WRITE_CMT_ID,WRITE_CMT_CONTENTS,WRITE_CMT_DATE,WRITE_CMT_DEL,WRITE_CMT_PARENT_SEQ) values (217,19,'1111','asdasdas',to_date('21/02/03','RR/MM/DD'),null,189);
Insert into ST.WRITE_COMMENTS (WRITE_CMT_SEQ,WRITE_SEQ,WRITE_CMT_ID,WRITE_CMT_CONTENTS,WRITE_CMT_DATE,WRITE_CMT_DEL,WRITE_CMT_PARENT_SEQ) values (218,19,'1111','asdasdasss',to_date('21/02/03','RR/MM/DD'),null,189);
Insert into ST.WRITE_COMMENTS (WRITE_CMT_SEQ,WRITE_SEQ,WRITE_CMT_ID,WRITE_CMT_CONTENTS,WRITE_CMT_DATE,WRITE_CMT_DEL,WRITE_CMT_PARENT_SEQ) values (219,19,'1111','asdasdasssqwe',to_date('21/02/03','RR/MM/DD'),null,189);
Insert into ST.WRITE_COMMENTS (WRITE_CMT_SEQ,WRITE_SEQ,WRITE_CMT_ID,WRITE_CMT_CONTENTS,WRITE_CMT_DATE,WRITE_CMT_DEL,WRITE_CMT_PARENT_SEQ) values (220,19,'1111','asdasdasssqweasd',to_date('21/02/03','RR/MM/DD'),null,189);
Insert into ST.WRITE_COMMENTS (WRITE_CMT_SEQ,WRITE_SEQ,WRITE_CMT_ID,WRITE_CMT_CONTENTS,WRITE_CMT_DATE,WRITE_CMT_DEL,WRITE_CMT_PARENT_SEQ) values (259,35,'1111','sadasdadad',to_date('21/02/25','RR/MM/DD'),null,null);
Insert into ST.WRITE_COMMENTS (WRITE_CMT_SEQ,WRITE_SEQ,WRITE_CMT_ID,WRITE_CMT_CONTENTS,WRITE_CMT_DATE,WRITE_CMT_DEL,WRITE_CMT_PARENT_SEQ) values (260,35,'1111','adsaddasda',to_date('21/02/25','RR/MM/DD'),null,259);
Insert into ST.WRITE_COMMENTS (WRITE_CMT_SEQ,WRITE_SEQ,WRITE_CMT_ID,WRITE_CMT_CONTENTS,WRITE_CMT_DATE,WRITE_CMT_DEL,WRITE_CMT_PARENT_SEQ) values (555,42,'test7','ㅁㅇㄴㄻㄴㅇㄹㄴㅁ',to_date('21/02/26','RR/MM/DD'),null,null);
Insert into ST.WRITE_COMMENTS (WRITE_CMT_SEQ,WRITE_SEQ,WRITE_CMT_ID,WRITE_CMT_CONTENTS,WRITE_CMT_DATE,WRITE_CMT_DEL,WRITE_CMT_PARENT_SEQ) values (562,42,'test7','ㅁㄴㅇㄻㄴㅇㄻㄴㄹ',to_date('21/02/26','RR/MM/DD'),null,319);
Insert into ST.WRITE_COMMENTS (WRITE_CMT_SEQ,WRITE_SEQ,WRITE_CMT_ID,WRITE_CMT_CONTENTS,WRITE_CMT_DATE,WRITE_CMT_DEL,WRITE_CMT_PARENT_SEQ) values (392,43,'1111','test',to_date('21/02/25','RR/MM/DD'),null,null);
Insert into ST.WRITE_COMMENTS (WRITE_CMT_SEQ,WRITE_SEQ,WRITE_CMT_ID,WRITE_CMT_CONTENTS,WRITE_CMT_DATE,WRITE_CMT_DEL,WRITE_CMT_PARENT_SEQ) values (572,42,'test7','ㅁㄴㅇㄻㅇㄴㄹㅇㄴㄹ',to_date('21/02/26','RR/MM/DD'),null,319);
Insert into ST.WRITE_COMMENTS (WRITE_CMT_SEQ,WRITE_SEQ,WRITE_CMT_ID,WRITE_CMT_CONTENTS,WRITE_CMT_DATE,WRITE_CMT_DEL,WRITE_CMT_PARENT_SEQ) values (362,37,'1111','asdasdasd',to_date('21/02/25','RR/MM/DD'),null,null);
Insert into ST.WRITE_COMMENTS (WRITE_CMT_SEQ,WRITE_SEQ,WRITE_CMT_ID,WRITE_CMT_CONTENTS,WRITE_CMT_DATE,WRITE_CMT_DEL,WRITE_CMT_PARENT_SEQ) values (319,42,'1111','ㄴㅁㅇㅁㄴㅇㅇ',to_date('21/02/25','RR/MM/DD'),null,null);
Insert into ST.WRITE_COMMENTS (WRITE_CMT_SEQ,WRITE_SEQ,WRITE_CMT_ID,WRITE_CMT_CONTENTS,WRITE_CMT_DATE,WRITE_CMT_DEL,WRITE_CMT_PARENT_SEQ) values (622,44,'1111','12sadadasd',to_date('21/02/27','RR/MM/DD'),null,null);
Insert into ST.WRITE_COMMENTS (WRITE_CMT_SEQ,WRITE_SEQ,WRITE_CMT_ID,WRITE_CMT_CONTENTS,WRITE_CMT_DATE,WRITE_CMT_DEL,WRITE_CMT_PARENT_SEQ) values (623,44,'1111','asdasas',to_date('21/02/27','RR/MM/DD'),null,622);
Insert into ST.WRITE_COMMENTS (WRITE_CMT_SEQ,WRITE_SEQ,WRITE_CMT_ID,WRITE_CMT_CONTENTS,WRITE_CMT_DATE,WRITE_CMT_DEL,WRITE_CMT_PARENT_SEQ) values (624,44,'1111','asdasdasd',to_date('21/02/27','RR/MM/DD'),null,null);
Insert into ST.WRITE_COMMENTS (WRITE_CMT_SEQ,WRITE_SEQ,WRITE_CMT_ID,WRITE_CMT_CONTENTS,WRITE_CMT_DATE,WRITE_CMT_DEL,WRITE_CMT_PARENT_SEQ) values (625,44,'1111','asdasdasd',to_date('21/02/27','RR/MM/DD'),null,624);
Insert into ST.WRITE_COMMENTS (WRITE_CMT_SEQ,WRITE_SEQ,WRITE_CMT_ID,WRITE_CMT_CONTENTS,WRITE_CMT_DATE,WRITE_CMT_DEL,WRITE_CMT_PARENT_SEQ) values (626,44,'1111','asdadasdas',to_date('21/02/27','RR/MM/DD'),null,null);
Insert into ST.WRITE_COMMENTS (WRITE_CMT_SEQ,WRITE_SEQ,WRITE_CMT_ID,WRITE_CMT_CONTENTS,WRITE_CMT_DATE,WRITE_CMT_DEL,WRITE_CMT_PARENT_SEQ) values (627,44,'1111','asdasdadasdas',to_date('21/02/27','RR/MM/DD'),null,626);
Insert into ST.WRITE_COMMENTS (WRITE_CMT_SEQ,WRITE_SEQ,WRITE_CMT_ID,WRITE_CMT_CONTENTS,WRITE_CMT_DATE,WRITE_CMT_DEL,WRITE_CMT_PARENT_SEQ) values (628,44,'1111','asdasdasdas',to_date('21/02/27','RR/MM/DD'),null,626);
Insert into ST.WRITE_COMMENTS (WRITE_CMT_SEQ,WRITE_SEQ,WRITE_CMT_ID,WRITE_CMT_CONTENTS,WRITE_CMT_DATE,WRITE_CMT_DEL,WRITE_CMT_PARENT_SEQ) values (906,51,'1111','댓글댓글',to_date('21/03/05','RR/MM/DD'),null,null);
Insert into ST.WRITE_COMMENTS (WRITE_CMT_SEQ,WRITE_SEQ,WRITE_CMT_ID,WRITE_CMT_CONTENTS,WRITE_CMT_DATE,WRITE_CMT_DEL,WRITE_CMT_PARENT_SEQ) values (907,51,'1111','댓글',to_date('21/03/05','RR/MM/DD'),null,906);
Insert into ST.WRITE_COMMENTS (WRITE_CMT_SEQ,WRITE_SEQ,WRITE_CMT_ID,WRITE_CMT_CONTENTS,WRITE_CMT_DATE,WRITE_CMT_DEL,WRITE_CMT_PARENT_SEQ) values (908,51,'kh2006','우우',to_date('21/03/07','RR/MM/DD'),null,null);
Insert into ST.WRITE_COMMENTS (WRITE_CMT_SEQ,WRITE_SEQ,WRITE_CMT_ID,WRITE_CMT_CONTENTS,WRITE_CMT_DATE,WRITE_CMT_DEL,WRITE_CMT_PARENT_SEQ) values (665,47,'admin','니콜라스 케이지컵?!',to_date('21/02/28','RR/MM/DD'),null,null);
Insert into ST.WRITE_COMMENTS (WRITE_CMT_SEQ,WRITE_SEQ,WRITE_CMT_ID,WRITE_CMT_CONTENTS,WRITE_CMT_DATE,WRITE_CMT_DEL,WRITE_CMT_PARENT_SEQ) values (909,53,'kh2019','띵작입니다. ',to_date('21/03/07','RR/MM/DD'),null,null);
Insert into ST.WRITE_COMMENTS (WRITE_CMT_SEQ,WRITE_SEQ,WRITE_CMT_ID,WRITE_CMT_CONTENTS,WRITE_CMT_DATE,WRITE_CMT_DEL,WRITE_CMT_PARENT_SEQ) values (811,49,'1111','1',to_date('21/03/02','RR/MM/DD'),null,806);
--------------------------------------------------------
--  DDL for Index ACCESS_LEVEL_PK
--------------------------------------------------------

  CREATE UNIQUE INDEX "ST"."ACCESS_LEVEL_PK" ON "ST"."ACCESS_LEVEL" ("ACCESS_LEVEL_CODE") 
  PCTFREE 10 INITRANS 2 MAXTRANS 255 COMPUTE STATISTICS 
  STORAGE(INITIAL 65536 NEXT 1048576 MINEXTENTS 1 MAXEXTENTS 2147483645
  PCTINCREASE 0 FREELISTS 1 FREELIST GROUPS 1
  BUFFER_POOL DEFAULT FLASH_CACHE DEFAULT CELL_FLASH_CACHE DEFAULT)
  TABLESPACE "USERS" ;
--------------------------------------------------------
--  DDL for Index APPROVAL_COMMENTS_PK
--------------------------------------------------------

  CREATE UNIQUE INDEX "ST"."APPROVAL_COMMENTS_PK" ON "ST"."APPROVAL_COMMENTS" ("APP_CMT_SEQ") 
  PCTFREE 10 INITRANS 2 MAXTRANS 255 COMPUTE STATISTICS 
  STORAGE(INITIAL 65536 NEXT 1048576 MINEXTENTS 1 MAXEXTENTS 2147483645
  PCTINCREASE 0 FREELISTS 1 FREELIST GROUPS 1
  BUFFER_POOL DEFAULT FLASH_CACHE DEFAULT CELL_FLASH_CACHE DEFAULT)
  TABLESPACE "USERS" ;
--------------------------------------------------------
--  DDL for Index APPROVAL_PK
--------------------------------------------------------

  CREATE UNIQUE INDEX "ST"."APPROVAL_PK" ON "ST"."APPROVAL" ("APP_SEQ") 
  PCTFREE 10 INITRANS 2 MAXTRANS 255 COMPUTE STATISTICS 
  STORAGE(INITIAL 65536 NEXT 1048576 MINEXTENTS 1 MAXEXTENTS 2147483645
  PCTINCREASE 0 FREELISTS 1 FREELIST GROUPS 1
  BUFFER_POOL DEFAULT FLASH_CACHE DEFAULT CELL_FLASH_CACHE DEFAULT)
  TABLESPACE "USERS" ;
--------------------------------------------------------
--  DDL for Index APPROVAL_SIGN_TYPE_PK
--------------------------------------------------------

  CREATE UNIQUE INDEX "ST"."APPROVAL_SIGN_TYPE_PK" ON "ST"."APPROVAL_SIGN_TYPE" ("APP_SIGN_TYPE_CODE") 
  PCTFREE 10 INITRANS 2 MAXTRANS 255 COMPUTE STATISTICS 
  STORAGE(INITIAL 65536 NEXT 1048576 MINEXTENTS 1 MAXEXTENTS 2147483645
  PCTINCREASE 0 FREELISTS 1 FREELIST GROUPS 1
  BUFFER_POOL DEFAULT FLASH_CACHE DEFAULT CELL_FLASH_CACHE DEFAULT)
  TABLESPACE "USERS" ;
--------------------------------------------------------
--  DDL for Index APPROVAL_STATUS_PK
--------------------------------------------------------

  CREATE UNIQUE INDEX "ST"."APPROVAL_STATUS_PK" ON "ST"."APPROVAL_STATUS" ("APP_STATUS_CODE") 
  PCTFREE 10 INITRANS 2 MAXTRANS 255 COMPUTE STATISTICS 
  STORAGE(INITIAL 65536 NEXT 1048576 MINEXTENTS 1 MAXEXTENTS 2147483645
  PCTINCREASE 0 FREELISTS 1 FREELIST GROUPS 1
  BUFFER_POOL DEFAULT FLASH_CACHE DEFAULT CELL_FLASH_CACHE DEFAULT)
  TABLESPACE "USERS" ;
--------------------------------------------------------
--  DDL for Index APPROVAL_TYPE_PK
--------------------------------------------------------

  CREATE UNIQUE INDEX "ST"."APPROVAL_TYPE_PK" ON "ST"."APPROVAL_TYPE" ("APP_TYPE_CODE") 
  PCTFREE 10 INITRANS 2 MAXTRANS 255 COMPUTE STATISTICS 
  STORAGE(INITIAL 65536 NEXT 1048576 MINEXTENTS 1 MAXEXTENTS 2147483645
  PCTINCREASE 0 FREELISTS 1 FREELIST GROUPS 1
  BUFFER_POOL DEFAULT FLASH_CACHE DEFAULT CELL_FLASH_CACHE DEFAULT)
  TABLESPACE "USERS" ;
--------------------------------------------------------
--  DDL for Index BREAK_PK
--------------------------------------------------------

  CREATE UNIQUE INDEX "ST"."BREAK_PK" ON "ST"."BREAK" ("BREAK_SEQ") 
  PCTFREE 10 INITRANS 2 MAXTRANS 255 COMPUTE STATISTICS 
  STORAGE(INITIAL 65536 NEXT 1048576 MINEXTENTS 1 MAXEXTENTS 2147483645
  PCTINCREASE 0 FREELISTS 1 FREELIST GROUPS 1
  BUFFER_POOL DEFAULT FLASH_CACHE DEFAULT CELL_FLASH_CACHE DEFAULT)
  TABLESPACE "USERS" ;
--------------------------------------------------------
--  DDL for Index BREAK_TYPE_PK
--------------------------------------------------------

  CREATE UNIQUE INDEX "ST"."BREAK_TYPE_PK" ON "ST"."BREAK_TYPE" ("BREAK_CODE") 
  PCTFREE 10 INITRANS 2 MAXTRANS 255 COMPUTE STATISTICS 
  STORAGE(INITIAL 65536 NEXT 1048576 MINEXTENTS 1 MAXEXTENTS 2147483645
  PCTINCREASE 0 FREELISTS 1 FREELIST GROUPS 1
  BUFFER_POOL DEFAULT FLASH_CACHE DEFAULT CELL_FLASH_CACHE DEFAULT)
  TABLESPACE "USERS" ;
--------------------------------------------------------
--  DDL for Index BUSINESS_LOG_PERIOD_PK
--------------------------------------------------------

  CREATE UNIQUE INDEX "ST"."BUSINESS_LOG_PERIOD_PK" ON "ST"."BUSINESS_LOG_PERIOD" ("APP_SEQ") 
  PCTFREE 10 INITRANS 2 MAXTRANS 255 COMPUTE STATISTICS 
  STORAGE(INITIAL 65536 NEXT 1048576 MINEXTENTS 1 MAXEXTENTS 2147483645
  PCTINCREASE 0 FREELISTS 1 FREELIST GROUPS 1
  BUFFER_POOL DEFAULT FLASH_CACHE DEFAULT CELL_FLASH_CACHE DEFAULT)
  TABLESPACE "USERS" ;
--------------------------------------------------------
--  DDL for Index DEPARTMENT_PK
--------------------------------------------------------

  CREATE UNIQUE INDEX "ST"."DEPARTMENT_PK" ON "ST"."DEPARTMENT" ("DEPT_CODE") 
  PCTFREE 10 INITRANS 2 MAXTRANS 255 COMPUTE STATISTICS 
  STORAGE(INITIAL 65536 NEXT 1048576 MINEXTENTS 1 MAXEXTENTS 2147483645
  PCTINCREASE 0 FREELISTS 1 FREELIST GROUPS 1
  BUFFER_POOL DEFAULT FLASH_CACHE DEFAULT CELL_FLASH_CACHE DEFAULT)
  TABLESPACE "USERS" ;
--------------------------------------------------------
--  DDL for Index MEMBER_PK
--------------------------------------------------------

  CREATE UNIQUE INDEX "ST"."MEMBER_PK" ON "ST"."MEMBER" ("ID") 
  PCTFREE 10 INITRANS 2 MAXTRANS 255 COMPUTE STATISTICS 
  STORAGE(INITIAL 65536 NEXT 1048576 MINEXTENTS 1 MAXEXTENTS 2147483645
  PCTINCREASE 0 FREELISTS 1 FREELIST GROUPS 1
  BUFFER_POOL DEFAULT FLASH_CACHE DEFAULT CELL_FLASH_CACHE DEFAULT)
  TABLESPACE "USERS" ;
--------------------------------------------------------
--  DDL for Index MESSAGE_PK
--------------------------------------------------------

  CREATE UNIQUE INDEX "ST"."MESSAGE_PK" ON "ST"."MESSAGE" ("MSG_SEQ") 
  PCTFREE 10 INITRANS 2 MAXTRANS 255 COMPUTE STATISTICS 
  STORAGE(INITIAL 65536 NEXT 1048576 MINEXTENTS 1 MAXEXTENTS 2147483645
  PCTINCREASE 0 FREELISTS 1 FREELIST GROUPS 1
  BUFFER_POOL DEFAULT FLASH_CACHE DEFAULT CELL_FLASH_CACHE DEFAULT)
  TABLESPACE "USERS" ;
--------------------------------------------------------
--  DDL for Index POSITION_PK
--------------------------------------------------------

  CREATE UNIQUE INDEX "ST"."POSITION_PK" ON "ST"."POSITION" ("POSITION_CODE") 
  PCTFREE 10 INITRANS 2 MAXTRANS 255 COMPUTE STATISTICS 
  STORAGE(INITIAL 65536 NEXT 1048576 MINEXTENTS 1 MAXEXTENTS 2147483645
  PCTINCREASE 0 FREELISTS 1 FREELIST GROUPS 1
  BUFFER_POOL DEFAULT FLASH_CACHE DEFAULT CELL_FLASH_CACHE DEFAULT)
  TABLESPACE "USERS" ;
--------------------------------------------------------
--  DDL for Index PROJECT_KANBAN_PK
--------------------------------------------------------

  CREATE UNIQUE INDEX "ST"."PROJECT_KANBAN_PK" ON "ST"."PROJECT_KANBAN" ("PRO_KB_SEQ") 
  PCTFREE 10 INITRANS 2 MAXTRANS 255 COMPUTE STATISTICS 
  STORAGE(INITIAL 65536 NEXT 1048576 MINEXTENTS 1 MAXEXTENTS 2147483645
  PCTINCREASE 0 FREELISTS 1 FREELIST GROUPS 1
  BUFFER_POOL DEFAULT FLASH_CACHE DEFAULT CELL_FLASH_CACHE DEFAULT)
  TABLESPACE "USERS" ;
--------------------------------------------------------
--  DDL for Index PROJECT_KB_PROCESS_CODE_PK
--------------------------------------------------------

  CREATE UNIQUE INDEX "ST"."PROJECT_KB_PROCESS_CODE_PK" ON "ST"."PROJECT_KB_PROCESS_CODE" ("PRO_KB_PROCESS_CODE") 
  PCTFREE 10 INITRANS 2 MAXTRANS 255 COMPUTE STATISTICS 
  STORAGE(INITIAL 65536 NEXT 1048576 MINEXTENTS 1 MAXEXTENTS 2147483645
  PCTINCREASE 0 FREELISTS 1 FREELIST GROUPS 1
  BUFFER_POOL DEFAULT FLASH_CACHE DEFAULT CELL_FLASH_CACHE DEFAULT)
  TABLESPACE "USERS" ;
--------------------------------------------------------
--  DDL for Index PROJECT_PK
--------------------------------------------------------

  CREATE UNIQUE INDEX "ST"."PROJECT_PK" ON "ST"."PROJECT" ("PRO_SEQ") 
  PCTFREE 10 INITRANS 2 MAXTRANS 255 COMPUTE STATISTICS 
  STORAGE(INITIAL 65536 NEXT 1048576 MINEXTENTS 1 MAXEXTENTS 2147483645
  PCTINCREASE 0 FREELISTS 1 FREELIST GROUPS 1
  BUFFER_POOL DEFAULT FLASH_CACHE DEFAULT CELL_FLASH_CACHE DEFAULT)
  TABLESPACE "USERS" ;
--------------------------------------------------------
--  DDL for Index SCHEDULE_PK
--------------------------------------------------------

  CREATE UNIQUE INDEX "ST"."SCHEDULE_PK" ON "ST"."SCHEDULE" ("SCH_SEQ") 
  PCTFREE 10 INITRANS 2 MAXTRANS 255 COMPUTE STATISTICS 
  STORAGE(INITIAL 65536 NEXT 1048576 MINEXTENTS 1 MAXEXTENTS 2147483645
  PCTINCREASE 0 FREELISTS 1 FREELIST GROUPS 1
  BUFFER_POOL DEFAULT FLASH_CACHE DEFAULT CELL_FLASH_CACHE DEFAULT)
  TABLESPACE "USERS" ;
--------------------------------------------------------
--  DDL for Index SYS_IL0000025462C00003$$
--------------------------------------------------------

  CREATE UNIQUE INDEX "ST"."SYS_IL0000025462C00003$$" ON "ST"."APPROVAL_TYPE" (
  PCTFREE 10 INITRANS 2 MAXTRANS 255 
  STORAGE(INITIAL 65536 NEXT 1048576 MINEXTENTS 1 MAXEXTENTS 2147483645
  PCTINCREASE 0 FREELISTS 1 FREELIST GROUPS 1
  BUFFER_POOL DEFAULT FLASH_CACHE DEFAULT CELL_FLASH_CACHE DEFAULT)
  TABLESPACE "USERS" 
  PARALLEL (DEGREE 0 INSTANCES 0) ;
--------------------------------------------------------
--  DDL for Index TNA_OBJECTION_PK
--------------------------------------------------------

  CREATE UNIQUE INDEX "ST"."TNA_OBJECTION_PK" ON "ST"."TNA_OBJECTION" ("TNA_OBJ_SEQ") 
  PCTFREE 10 INITRANS 2 MAXTRANS 255 COMPUTE STATISTICS 
  STORAGE(INITIAL 65536 NEXT 1048576 MINEXTENTS 1 MAXEXTENTS 2147483645
  PCTINCREASE 0 FREELISTS 1 FREELIST GROUPS 1
  BUFFER_POOL DEFAULT FLASH_CACHE DEFAULT CELL_FLASH_CACHE DEFAULT)
  TABLESPACE "USERS" ;
--------------------------------------------------------
--  DDL for Index TNA_OBJ_PROC_STATUS_PK
--------------------------------------------------------

  CREATE UNIQUE INDEX "ST"."TNA_OBJ_PROC_STATUS_PK" ON "ST"."TNA_OBJ_PROC_STATUS" ("TNA_OBJ_PROC_STATUS_CODE") 
  PCTFREE 10 INITRANS 2 MAXTRANS 255 COMPUTE STATISTICS 
  STORAGE(INITIAL 65536 NEXT 1048576 MINEXTENTS 1 MAXEXTENTS 2147483645
  PCTINCREASE 0 FREELISTS 1 FREELIST GROUPS 1
  BUFFER_POOL DEFAULT FLASH_CACHE DEFAULT CELL_FLASH_CACHE DEFAULT)
  TABLESPACE "USERS" ;
--------------------------------------------------------
--  DDL for Index TNA_PK
--------------------------------------------------------

  CREATE UNIQUE INDEX "ST"."TNA_PK" ON "ST"."TNA" ("TNA_SEQ") 
  PCTFREE 10 INITRANS 2 MAXTRANS 255 COMPUTE STATISTICS 
  STORAGE(INITIAL 65536 NEXT 1048576 MINEXTENTS 1 MAXEXTENTS 2147483645
  PCTINCREASE 0 FREELISTS 1 FREELIST GROUPS 1
  BUFFER_POOL DEFAULT FLASH_CACHE DEFAULT CELL_FLASH_CACHE DEFAULT)
  TABLESPACE "USERS" ;
--------------------------------------------------------
--  DDL for Index TNA_STATUS_PK
--------------------------------------------------------

  CREATE UNIQUE INDEX "ST"."TNA_STATUS_PK" ON "ST"."TNA_STATUS" ("TNA_STATUS_CODE") 
  PCTFREE 10 INITRANS 2 MAXTRANS 255 COMPUTE STATISTICS 
  STORAGE(INITIAL 65536 NEXT 1048576 MINEXTENTS 1 MAXEXTENTS 2147483645
  PCTINCREASE 0 FREELISTS 1 FREELIST GROUPS 1
  BUFFER_POOL DEFAULT FLASH_CACHE DEFAULT CELL_FLASH_CACHE DEFAULT)
  TABLESPACE "USERS" ;
--------------------------------------------------------
--  DDL for Index WEBHARD_DIR_PK
--------------------------------------------------------

  CREATE UNIQUE INDEX "ST"."WEBHARD_DIR_PK" ON "ST"."WEBHARD_DIR" ("WH_DIR_SEQ") 
  PCTFREE 10 INITRANS 2 MAXTRANS 255 COMPUTE STATISTICS 
  STORAGE(INITIAL 65536 NEXT 1048576 MINEXTENTS 1 MAXEXTENTS 2147483645
  PCTINCREASE 0 FREELISTS 1 FREELIST GROUPS 1
  BUFFER_POOL DEFAULT FLASH_CACHE DEFAULT CELL_FLASH_CACHE DEFAULT)
  TABLESPACE "USERS" ;
--------------------------------------------------------
--  DDL for Index WEBHARD_DIR_TYPE_PK
--------------------------------------------------------

  CREATE UNIQUE INDEX "ST"."WEBHARD_DIR_TYPE_PK" ON "ST"."WEBHARD_DIR_TYPE" ("WH_DIR_TYPE_CODE") 
  PCTFREE 10 INITRANS 2 MAXTRANS 255 COMPUTE STATISTICS 
  STORAGE(INITIAL 65536 NEXT 1048576 MINEXTENTS 1 MAXEXTENTS 2147483645
  PCTINCREASE 0 FREELISTS 1 FREELIST GROUPS 1
  BUFFER_POOL DEFAULT FLASH_CACHE DEFAULT CELL_FLASH_CACHE DEFAULT)
  TABLESPACE "USERS" ;
--------------------------------------------------------
--  DDL for Index WEBHARD_FILES_PK
--------------------------------------------------------

  CREATE UNIQUE INDEX "ST"."WEBHARD_FILES_PK" ON "ST"."WEBHARD_FILES" ("WH_FILES_SEQ") 
  PCTFREE 10 INITRANS 2 MAXTRANS 255 COMPUTE STATISTICS 
  STORAGE(INITIAL 65536 NEXT 1048576 MINEXTENTS 1 MAXEXTENTS 2147483645
  PCTINCREASE 0 FREELISTS 1 FREELIST GROUPS 1
  BUFFER_POOL DEFAULT FLASH_CACHE DEFAULT CELL_FLASH_CACHE DEFAULT)
  TABLESPACE "USERS" ;
--------------------------------------------------------
--  DDL for Index WRITE_CATEGORY_PK
--------------------------------------------------------

  CREATE UNIQUE INDEX "ST"."WRITE_CATEGORY_PK" ON "ST"."WRITE_CATEGORY" ("WRITE_CATEGORY_CODE") 
  PCTFREE 10 INITRANS 2 MAXTRANS 255 COMPUTE STATISTICS 
  STORAGE(INITIAL 65536 NEXT 1048576 MINEXTENTS 1 MAXEXTENTS 2147483645
  PCTINCREASE 0 FREELISTS 1 FREELIST GROUPS 1
  BUFFER_POOL DEFAULT FLASH_CACHE DEFAULT CELL_FLASH_CACHE DEFAULT)
  TABLESPACE "USERS" ;
--------------------------------------------------------
--  DDL for Index WRITE_COMMENTS_PK
--------------------------------------------------------

  CREATE UNIQUE INDEX "ST"."WRITE_COMMENTS_PK" ON "ST"."WRITE_COMMENTS" ("WRITE_CMT_SEQ") 
  PCTFREE 10 INITRANS 2 MAXTRANS 255 COMPUTE STATISTICS 
  STORAGE(INITIAL 65536 NEXT 1048576 MINEXTENTS 1 MAXEXTENTS 2147483645
  PCTINCREASE 0 FREELISTS 1 FREELIST GROUPS 1
  BUFFER_POOL DEFAULT FLASH_CACHE DEFAULT CELL_FLASH_CACHE DEFAULT)
  TABLESPACE "USERS" ;
--------------------------------------------------------
--  DDL for Index WRITE_PK
--------------------------------------------------------

  CREATE UNIQUE INDEX "ST"."WRITE_PK" ON "ST"."WRITE" ("WRITE_SEQ") 
  PCTFREE 10 INITRANS 2 MAXTRANS 255 COMPUTE STATISTICS 
  STORAGE(INITIAL 65536 NEXT 1048576 MINEXTENTS 1 MAXEXTENTS 2147483645
  PCTINCREASE 0 FREELISTS 1 FREELIST GROUPS 1
  BUFFER_POOL DEFAULT FLASH_CACHE DEFAULT CELL_FLASH_CACHE DEFAULT)
  TABLESPACE "USERS" ;
--------------------------------------------------------
--  Constraints for Table ACCESS_LEVEL
--------------------------------------------------------

  ALTER TABLE "ST"."ACCESS_LEVEL" ADD CONSTRAINT "ACCESS_LEVEL_PK" PRIMARY KEY ("ACCESS_LEVEL_CODE")
  USING INDEX PCTFREE 10 INITRANS 2 MAXTRANS 255 COMPUTE STATISTICS 
  STORAGE(INITIAL 65536 NEXT 1048576 MINEXTENTS 1 MAXEXTENTS 2147483645
  PCTINCREASE 0 FREELISTS 1 FREELIST GROUPS 1
  BUFFER_POOL DEFAULT FLASH_CACHE DEFAULT CELL_FLASH_CACHE DEFAULT)
  TABLESPACE "USERS"  ENABLE;
  ALTER TABLE "ST"."ACCESS_LEVEL" MODIFY ("ACCESS_LEVEL_NAME" NOT NULL ENABLE);
  ALTER TABLE "ST"."ACCESS_LEVEL" MODIFY ("ACCESS_LEVEL_CODE" NOT NULL ENABLE);
--------------------------------------------------------
--  Constraints for Table APPROVAL
--------------------------------------------------------

  ALTER TABLE "ST"."APPROVAL" ADD CONSTRAINT "APPROVAL_PK" PRIMARY KEY ("APP_SEQ")
  USING INDEX PCTFREE 10 INITRANS 2 MAXTRANS 255 COMPUTE STATISTICS 
  STORAGE(INITIAL 65536 NEXT 1048576 MINEXTENTS 1 MAXEXTENTS 2147483645
  PCTINCREASE 0 FREELISTS 1 FREELIST GROUPS 1
  BUFFER_POOL DEFAULT FLASH_CACHE DEFAULT CELL_FLASH_CACHE DEFAULT)
  TABLESPACE "USERS"  ENABLE;
  ALTER TABLE "ST"."APPROVAL" MODIFY ("APP_REG_DATE" NOT NULL ENABLE);
  ALTER TABLE "ST"."APPROVAL" MODIFY ("APP_CONTENTS" NOT NULL ENABLE);
  ALTER TABLE "ST"."APPROVAL" MODIFY ("APP_TITLE" NOT NULL ENABLE);
  ALTER TABLE "ST"."APPROVAL" MODIFY ("APP_ID" NOT NULL ENABLE);
  ALTER TABLE "ST"."APPROVAL" MODIFY ("APP_TYPE_CODE" NOT NULL ENABLE);
  ALTER TABLE "ST"."APPROVAL" MODIFY ("APP_SEQ" NOT NULL ENABLE);
  ALTER TABLE "ST"."APPROVAL" MODIFY ("APP_STATUS_CODE" NOT NULL ENABLE);
  ALTER TABLE "ST"."APPROVAL" MODIFY ("APP_DOCS_NUM" NOT NULL ENABLE);
--------------------------------------------------------
--  Constraints for Table APPROVAL_ATTACHED_FILES
--------------------------------------------------------

  ALTER TABLE "ST"."APPROVAL_ATTACHED_FILES" MODIFY ("APP_SAVED_NAME" NOT NULL ENABLE);
  ALTER TABLE "ST"."APPROVAL_ATTACHED_FILES" MODIFY ("APP_ORI_NAME" NOT NULL ENABLE);
  ALTER TABLE "ST"."APPROVAL_ATTACHED_FILES" MODIFY ("APP_SEQ" NOT NULL ENABLE);
--------------------------------------------------------
--  Constraints for Table APPROVAL_COMMENTS
--------------------------------------------------------

  ALTER TABLE "ST"."APPROVAL_COMMENTS" ADD CONSTRAINT "APPROVAL_COMMENTS_PK" PRIMARY KEY ("APP_CMT_SEQ")
  USING INDEX PCTFREE 10 INITRANS 2 MAXTRANS 255 COMPUTE STATISTICS 
  STORAGE(INITIAL 65536 NEXT 1048576 MINEXTENTS 1 MAXEXTENTS 2147483645
  PCTINCREASE 0 FREELISTS 1 FREELIST GROUPS 1
  BUFFER_POOL DEFAULT FLASH_CACHE DEFAULT CELL_FLASH_CACHE DEFAULT)
  TABLESPACE "USERS"  ENABLE;
  ALTER TABLE "ST"."APPROVAL_COMMENTS" MODIFY ("APP_CMT_DATE" NOT NULL ENABLE);
  ALTER TABLE "ST"."APPROVAL_COMMENTS" MODIFY ("APP_CMT_CONTENTS" NOT NULL ENABLE);
  ALTER TABLE "ST"."APPROVAL_COMMENTS" MODIFY ("APP_CMT_WRITER" NOT NULL ENABLE);
  ALTER TABLE "ST"."APPROVAL_COMMENTS" MODIFY ("APP_SEQ" NOT NULL ENABLE);
  ALTER TABLE "ST"."APPROVAL_COMMENTS" MODIFY ("APP_CMT_SEQ" NOT NULL ENABLE);
--------------------------------------------------------
--  Constraints for Table APPROVAL_SIGN
--------------------------------------------------------

  ALTER TABLE "ST"."APPROVAL_SIGN" MODIFY ("APP_SIGN_TYPE_CODE" NOT NULL ENABLE);
  ALTER TABLE "ST"."APPROVAL_SIGN" MODIFY ("APP_SIGN_ACCEPT" NOT NULL ENABLE);
  ALTER TABLE "ST"."APPROVAL_SIGN" MODIFY ("APP_SIGN_ORDER" NOT NULL ENABLE);
  ALTER TABLE "ST"."APPROVAL_SIGN" MODIFY ("APP_SIGN_ID" NOT NULL ENABLE);
  ALTER TABLE "ST"."APPROVAL_SIGN" MODIFY ("APP_SEQ" NOT NULL ENABLE);
--------------------------------------------------------
--  Constraints for Table APPROVAL_SIGN_TYPE
--------------------------------------------------------

  ALTER TABLE "ST"."APPROVAL_SIGN_TYPE" ADD CONSTRAINT "APPROVAL_SIGN_TYPE_PK" PRIMARY KEY ("APP_SIGN_TYPE_CODE")
  USING INDEX PCTFREE 10 INITRANS 2 MAXTRANS 255 COMPUTE STATISTICS 
  STORAGE(INITIAL 65536 NEXT 1048576 MINEXTENTS 1 MAXEXTENTS 2147483645
  PCTINCREASE 0 FREELISTS 1 FREELIST GROUPS 1
  BUFFER_POOL DEFAULT FLASH_CACHE DEFAULT CELL_FLASH_CACHE DEFAULT)
  TABLESPACE "USERS"  ENABLE;
  ALTER TABLE "ST"."APPROVAL_SIGN_TYPE" MODIFY ("APP_SIGN_TYPE_NAME" NOT NULL ENABLE);
  ALTER TABLE "ST"."APPROVAL_SIGN_TYPE" MODIFY ("APP_SIGN_TYPE_CODE" NOT NULL ENABLE);
--------------------------------------------------------
--  Constraints for Table APPROVAL_STATUS
--------------------------------------------------------

  ALTER TABLE "ST"."APPROVAL_STATUS" ADD CONSTRAINT "APPROVAL_STATUS_PK" PRIMARY KEY ("APP_STATUS_CODE")
  USING INDEX PCTFREE 10 INITRANS 2 MAXTRANS 255 COMPUTE STATISTICS 
  STORAGE(INITIAL 65536 NEXT 1048576 MINEXTENTS 1 MAXEXTENTS 2147483645
  PCTINCREASE 0 FREELISTS 1 FREELIST GROUPS 1
  BUFFER_POOL DEFAULT FLASH_CACHE DEFAULT CELL_FLASH_CACHE DEFAULT)
  TABLESPACE "USERS"  ENABLE;
  ALTER TABLE "ST"."APPROVAL_STATUS" MODIFY ("APP_STATUS_NAME" NOT NULL ENABLE);
  ALTER TABLE "ST"."APPROVAL_STATUS" MODIFY ("APP_STATUS_CODE" NOT NULL ENABLE);
--------------------------------------------------------
--  Constraints for Table APPROVAL_TYPE
--------------------------------------------------------

  ALTER TABLE "ST"."APPROVAL_TYPE" ADD CONSTRAINT "APPROVAL_TYPE_PK" PRIMARY KEY ("APP_TYPE_CODE")
  USING INDEX PCTFREE 10 INITRANS 2 MAXTRANS 255 COMPUTE STATISTICS 
  STORAGE(INITIAL 65536 NEXT 1048576 MINEXTENTS 1 MAXEXTENTS 2147483645
  PCTINCREASE 0 FREELISTS 1 FREELIST GROUPS 1
  BUFFER_POOL DEFAULT FLASH_CACHE DEFAULT CELL_FLASH_CACHE DEFAULT)
  TABLESPACE "USERS"  ENABLE;
  ALTER TABLE "ST"."APPROVAL_TYPE" MODIFY ("APP_TYPE_NAME" NOT NULL ENABLE);
  ALTER TABLE "ST"."APPROVAL_TYPE" MODIFY ("APP_TYPE_CODE" NOT NULL ENABLE);
--------------------------------------------------------
--  Constraints for Table BREAK
--------------------------------------------------------

  ALTER TABLE "ST"."BREAK" MODIFY ("BREAK_ID" NOT NULL ENABLE);
  ALTER TABLE "ST"."BREAK" MODIFY ("BREAK_SEQ" NOT NULL ENABLE);
  ALTER TABLE "ST"."BREAK" MODIFY ("APP_SEQ" NOT NULL ENABLE);
  ALTER TABLE "ST"."BREAK" ADD CONSTRAINT "BREAK_PK" PRIMARY KEY ("BREAK_SEQ")
  USING INDEX PCTFREE 10 INITRANS 2 MAXTRANS 255 COMPUTE STATISTICS 
  STORAGE(INITIAL 65536 NEXT 1048576 MINEXTENTS 1 MAXEXTENTS 2147483645
  PCTINCREASE 0 FREELISTS 1 FREELIST GROUPS 1
  BUFFER_POOL DEFAULT FLASH_CACHE DEFAULT CELL_FLASH_CACHE DEFAULT)
  TABLESPACE "USERS"  ENABLE;
  ALTER TABLE "ST"."BREAK" MODIFY ("BREAK_REASON" NOT NULL ENABLE);
  ALTER TABLE "ST"."BREAK" MODIFY ("BREAK_END_DATE" NOT NULL ENABLE);
  ALTER TABLE "ST"."BREAK" MODIFY ("BREAK_START_DATE" NOT NULL ENABLE);
  ALTER TABLE "ST"."BREAK" MODIFY ("BREAK_DISCOUNT" NOT NULL ENABLE);
  ALTER TABLE "ST"."BREAK" MODIFY ("BREAK_CODE" NOT NULL ENABLE);
--------------------------------------------------------
--  Constraints for Table BREAK_TYPE
--------------------------------------------------------

  ALTER TABLE "ST"."BREAK_TYPE" ADD CONSTRAINT "BREAK_TYPE_PK" PRIMARY KEY ("BREAK_CODE")
  USING INDEX PCTFREE 10 INITRANS 2 MAXTRANS 255 COMPUTE STATISTICS 
  STORAGE(INITIAL 65536 NEXT 1048576 MINEXTENTS 1 MAXEXTENTS 2147483645
  PCTINCREASE 0 FREELISTS 1 FREELIST GROUPS 1
  BUFFER_POOL DEFAULT FLASH_CACHE DEFAULT CELL_FLASH_CACHE DEFAULT)
  TABLESPACE "USERS"  ENABLE;
  ALTER TABLE "ST"."BREAK_TYPE" MODIFY ("BREAK_DISCOUNT" NOT NULL ENABLE);
  ALTER TABLE "ST"."BREAK_TYPE" MODIFY ("BREAK_NAME" NOT NULL ENABLE);
  ALTER TABLE "ST"."BREAK_TYPE" MODIFY ("BREAK_CODE" NOT NULL ENABLE);
--------------------------------------------------------
--  Constraints for Table BUSINESS_LOG_PERIOD
--------------------------------------------------------

  ALTER TABLE "ST"."BUSINESS_LOG_PERIOD" ADD CONSTRAINT "BUSINESS_LOG_PERIOD_PK" PRIMARY KEY ("APP_SEQ")
  USING INDEX PCTFREE 10 INITRANS 2 MAXTRANS 255 COMPUTE STATISTICS 
  STORAGE(INITIAL 65536 NEXT 1048576 MINEXTENTS 1 MAXEXTENTS 2147483645
  PCTINCREASE 0 FREELISTS 1 FREELIST GROUPS 1
  BUFFER_POOL DEFAULT FLASH_CACHE DEFAULT CELL_FLASH_CACHE DEFAULT)
  TABLESPACE "USERS"  ENABLE;
  ALTER TABLE "ST"."BUSINESS_LOG_PERIOD" MODIFY ("BIZ_PERIODEND" NOT NULL ENABLE);
  ALTER TABLE "ST"."BUSINESS_LOG_PERIOD" MODIFY ("BIZ_PERIODSTART" NOT NULL ENABLE);
  ALTER TABLE "ST"."BUSINESS_LOG_PERIOD" MODIFY ("APP_SEQ" NOT NULL ENABLE);
--------------------------------------------------------
--  Constraints for Table COMPANY_HOLIDAY
--------------------------------------------------------

  ALTER TABLE "ST"."COMPANY_HOLIDAY" MODIFY ("COMP_HD_DATE" NOT NULL ENABLE);
  ALTER TABLE "ST"."COMPANY_HOLIDAY" MODIFY ("COMP_HD_NAME" NOT NULL ENABLE);
  ALTER TABLE "ST"."COMPANY_HOLIDAY" MODIFY ("COMP_HD_SEQ" NOT NULL ENABLE);
--------------------------------------------------------
--  Constraints for Table COMPANY_INFORMATION
--------------------------------------------------------

  ALTER TABLE "ST"."COMPANY_INFORMATION" MODIFY ("COMP_INFO_HISTORY" NOT NULL ENABLE);
  ALTER TABLE "ST"."COMPANY_INFORMATION" MODIFY ("COMP_INFO_MAJOR_BUSINESS" NOT NULL ENABLE);
  ALTER TABLE "ST"."COMPANY_INFORMATION" MODIFY ("COMP_INFO_EMP_COUNT" NOT NULL ENABLE);
  ALTER TABLE "ST"."COMPANY_INFORMATION" MODIFY ("COMP_INFO_SALES" NOT NULL ENABLE);
  ALTER TABLE "ST"."COMPANY_INFORMATION" MODIFY ("COMP_INFO_ESTABLISH" NOT NULL ENABLE);
  ALTER TABLE "ST"."COMPANY_INFORMATION" MODIFY ("COMP_INFO_SUMMARY" NOT NULL ENABLE);
  ALTER TABLE "ST"."COMPANY_INFORMATION" MODIFY ("COMP_INFO_NAME" NOT NULL ENABLE);
--------------------------------------------------------
--  Constraints for Table DEPARTMENT
--------------------------------------------------------

  ALTER TABLE "ST"."DEPARTMENT" ADD CONSTRAINT "DEPARTMENT_PK" PRIMARY KEY ("DEPT_CODE")
  USING INDEX PCTFREE 10 INITRANS 2 MAXTRANS 255 COMPUTE STATISTICS 
  STORAGE(INITIAL 65536 NEXT 1048576 MINEXTENTS 1 MAXEXTENTS 2147483645
  PCTINCREASE 0 FREELISTS 1 FREELIST GROUPS 1
  BUFFER_POOL DEFAULT FLASH_CACHE DEFAULT CELL_FLASH_CACHE DEFAULT)
  TABLESPACE "USERS"  ENABLE;
  ALTER TABLE "ST"."DEPARTMENT" MODIFY ("DEPT_NAME" NOT NULL ENABLE);
  ALTER TABLE "ST"."DEPARTMENT" MODIFY ("DEPT_CODE" NOT NULL ENABLE);
  ALTER TABLE "ST"."DEPARTMENT" MODIFY ("DEPT_LEVEL" NOT NULL ENABLE);
  ALTER TABLE "ST"."DEPARTMENT" MODIFY ("DEPT_TREE_CODE" NOT NULL ENABLE);
--------------------------------------------------------
--  Constraints for Table MEMBER
--------------------------------------------------------

  ALTER TABLE "ST"."MEMBER" ADD CONSTRAINT "MEMBER_PK" PRIMARY KEY ("ID")
  USING INDEX PCTFREE 10 INITRANS 2 MAXTRANS 255 COMPUTE STATISTICS 
  STORAGE(INITIAL 65536 NEXT 1048576 MINEXTENTS 1 MAXEXTENTS 2147483645
  PCTINCREASE 0 FREELISTS 1 FREELIST GROUPS 1
  BUFFER_POOL DEFAULT FLASH_CACHE DEFAULT CELL_FLASH_CACHE DEFAULT)
  TABLESPACE "USERS"  ENABLE;
  ALTER TABLE "ST"."MEMBER" MODIFY ("BREAK_USE_COUNT" NOT NULL ENABLE);
  ALTER TABLE "ST"."MEMBER" MODIFY ("BREAK_TOTAL_COUNT" NOT NULL ENABLE);
  ALTER TABLE "ST"."MEMBER" MODIFY ("ACCESS_LEVEL_CODE" NOT NULL ENABLE);
  ALTER TABLE "ST"."MEMBER" MODIFY ("REG_DATE" NOT NULL ENABLE);
  ALTER TABLE "ST"."MEMBER" MODIFY ("POSITION_CODE" NOT NULL ENABLE);
  ALTER TABLE "ST"."MEMBER" MODIFY ("DEPT_CODE" NOT NULL ENABLE);
  ALTER TABLE "ST"."MEMBER" MODIFY ("IS_MARRIED" NOT NULL ENABLE);
  ALTER TABLE "ST"."MEMBER" MODIFY ("ZIP_CODE" NOT NULL ENABLE);
  ALTER TABLE "ST"."MEMBER" MODIFY ("ADDRESS2" NOT NULL ENABLE);
  ALTER TABLE "ST"."MEMBER" MODIFY ("ADDRESS1" NOT NULL ENABLE);
  ALTER TABLE "ST"."MEMBER" MODIFY ("CONTACT" NOT NULL ENABLE);
  ALTER TABLE "ST"."MEMBER" MODIFY ("GENDER" NOT NULL ENABLE);
  ALTER TABLE "ST"."MEMBER" MODIFY ("BIRTH" NOT NULL ENABLE);
  ALTER TABLE "ST"."MEMBER" MODIFY ("NAME" NOT NULL ENABLE);
  ALTER TABLE "ST"."MEMBER" MODIFY ("PASSWORD" NOT NULL ENABLE);
  ALTER TABLE "ST"."MEMBER" MODIFY ("ID" NOT NULL ENABLE);
--------------------------------------------------------
--  Constraints for Table MESSAGE
--------------------------------------------------------

  ALTER TABLE "ST"."MESSAGE" MODIFY ("MSG_RECEIVER_VIEW" NOT NULL ENABLE);
  ALTER TABLE "ST"."MESSAGE" MODIFY ("MSG_SENDER_VIEW" NOT NULL ENABLE);
  ALTER TABLE "ST"."MESSAGE" ADD CONSTRAINT "MESSAGE_PK" PRIMARY KEY ("MSG_SEQ")
  USING INDEX PCTFREE 10 INITRANS 2 MAXTRANS 255 COMPUTE STATISTICS 
  STORAGE(INITIAL 65536 NEXT 1048576 MINEXTENTS 1 MAXEXTENTS 2147483645
  PCTINCREASE 0 FREELISTS 1 FREELIST GROUPS 1
  BUFFER_POOL DEFAULT FLASH_CACHE DEFAULT CELL_FLASH_CACHE DEFAULT)
  TABLESPACE "USERS"  ENABLE;
  ALTER TABLE "ST"."MESSAGE" MODIFY ("MSG_CONTENTS" NOT NULL ENABLE);
  ALTER TABLE "ST"."MESSAGE" MODIFY ("MSG_TITLE" NOT NULL ENABLE);
  ALTER TABLE "ST"."MESSAGE" MODIFY ("MSG_SEND_DATE" NOT NULL ENABLE);
  ALTER TABLE "ST"."MESSAGE" MODIFY ("MSG_RECEIVER" NOT NULL ENABLE);
  ALTER TABLE "ST"."MESSAGE" MODIFY ("MSG_SENDER" NOT NULL ENABLE);
  ALTER TABLE "ST"."MESSAGE" MODIFY ("MSG_SEQ" NOT NULL ENABLE);
--------------------------------------------------------
--  Constraints for Table MESSAGE_ATTACHED_FILES
--------------------------------------------------------

  ALTER TABLE "ST"."MESSAGE_ATTACHED_FILES" MODIFY ("MSG_SAVED_NAME" NOT NULL ENABLE);
  ALTER TABLE "ST"."MESSAGE_ATTACHED_FILES" MODIFY ("MSG_ORI_NAME" NOT NULL ENABLE);
  ALTER TABLE "ST"."MESSAGE_ATTACHED_FILES" MODIFY ("MSG_SEQ" NOT NULL ENABLE);
--------------------------------------------------------
--  Constraints for Table MESSAGE_CABINET
--------------------------------------------------------

  ALTER TABLE "ST"."MESSAGE_CABINET" MODIFY ("MSG_ID" NOT NULL ENABLE);
  ALTER TABLE "ST"."MESSAGE_CABINET" MODIFY ("MSG_SEQ" NOT NULL ENABLE);
--------------------------------------------------------
--  Constraints for Table POSITION
--------------------------------------------------------

  ALTER TABLE "ST"."POSITION" ADD CONSTRAINT "POSITION_PK" PRIMARY KEY ("POSITION_CODE")
  USING INDEX PCTFREE 10 INITRANS 2 MAXTRANS 255 COMPUTE STATISTICS 
  STORAGE(INITIAL 65536 NEXT 1048576 MINEXTENTS 1 MAXEXTENTS 2147483645
  PCTINCREASE 0 FREELISTS 1 FREELIST GROUPS 1
  BUFFER_POOL DEFAULT FLASH_CACHE DEFAULT CELL_FLASH_CACHE DEFAULT)
  TABLESPACE "USERS"  ENABLE;
  ALTER TABLE "ST"."POSITION" MODIFY ("POSITION_NAME" NOT NULL ENABLE);
  ALTER TABLE "ST"."POSITION" MODIFY ("POSITION_CODE" NOT NULL ENABLE);
--------------------------------------------------------
--  Constraints for Table PROJECT
--------------------------------------------------------

  ALTER TABLE "ST"."PROJECT" ADD CONSTRAINT "PROJECT_PK" PRIMARY KEY ("PRO_SEQ")
  USING INDEX PCTFREE 10 INITRANS 2 MAXTRANS 255 COMPUTE STATISTICS 
  STORAGE(INITIAL 65536 NEXT 1048576 MINEXTENTS 1 MAXEXTENTS 2147483645
  PCTINCREASE 0 FREELISTS 1 FREELIST GROUPS 1
  BUFFER_POOL DEFAULT FLASH_CACHE DEFAULT CELL_FLASH_CACHE DEFAULT)
  TABLESPACE "USERS"  ENABLE;
  ALTER TABLE "ST"."PROJECT" MODIFY ("PRO_ID" NOT NULL ENABLE);
  ALTER TABLE "ST"."PROJECT" MODIFY ("PRO_START_DATE" NOT NULL ENABLE);
  ALTER TABLE "ST"."PROJECT" MODIFY ("PRO_TITLE" NOT NULL ENABLE);
  ALTER TABLE "ST"."PROJECT" MODIFY ("PRO_SEQ" NOT NULL ENABLE);
  ALTER TABLE "ST"."PROJECT" MODIFY ("PRO_END_DATE" NOT NULL ENABLE);
--------------------------------------------------------
--  Constraints for Table PROJECT_KANBAN
--------------------------------------------------------

  ALTER TABLE "ST"."PROJECT_KANBAN" ADD CONSTRAINT "PROJECT_KANBAN_PK" PRIMARY KEY ("PRO_KB_SEQ")
  USING INDEX PCTFREE 10 INITRANS 2 MAXTRANS 255 COMPUTE STATISTICS 
  STORAGE(INITIAL 65536 NEXT 1048576 MINEXTENTS 1 MAXEXTENTS 2147483645
  PCTINCREASE 0 FREELISTS 1 FREELIST GROUPS 1
  BUFFER_POOL DEFAULT FLASH_CACHE DEFAULT CELL_FLASH_CACHE DEFAULT)
  TABLESPACE "USERS"  ENABLE;
  ALTER TABLE "ST"."PROJECT_KANBAN" MODIFY ("PRO_KB_DETAILS" NOT NULL ENABLE);
  ALTER TABLE "ST"."PROJECT_KANBAN" MODIFY ("PRO_KB_TITLE" NOT NULL ENABLE);
  ALTER TABLE "ST"."PROJECT_KANBAN" MODIFY ("PRO_KB_PROCESS_CODE" NOT NULL ENABLE);
  ALTER TABLE "ST"."PROJECT_KANBAN" MODIFY ("PRO_SEQ" NOT NULL ENABLE);
  ALTER TABLE "ST"."PROJECT_KANBAN" MODIFY ("PRO_KB_SEQ" NOT NULL ENABLE);
--------------------------------------------------------
--  Constraints for Table PROJECT_KB_PROCESS_CODE
--------------------------------------------------------

  ALTER TABLE "ST"."PROJECT_KB_PROCESS_CODE" ADD CONSTRAINT "PROJECT_KB_PROCESS_CODE_PK" PRIMARY KEY ("PRO_KB_PROCESS_CODE")
  USING INDEX PCTFREE 10 INITRANS 2 MAXTRANS 255 COMPUTE STATISTICS 
  STORAGE(INITIAL 65536 NEXT 1048576 MINEXTENTS 1 MAXEXTENTS 2147483645
  PCTINCREASE 0 FREELISTS 1 FREELIST GROUPS 1
  BUFFER_POOL DEFAULT FLASH_CACHE DEFAULT CELL_FLASH_CACHE DEFAULT)
  TABLESPACE "USERS"  ENABLE;
  ALTER TABLE "ST"."PROJECT_KB_PROCESS_CODE" MODIFY ("PRO_KB_PROCESS_NAME" NOT NULL ENABLE);
  ALTER TABLE "ST"."PROJECT_KB_PROCESS_CODE" MODIFY ("PRO_KB_PROCESS_CODE" NOT NULL ENABLE);
--------------------------------------------------------
--  Constraints for Table SCHEDULE
--------------------------------------------------------

  ALTER TABLE "ST"."SCHEDULE" ADD CONSTRAINT "SCHEDULE_PK" PRIMARY KEY ("SCH_SEQ")
  USING INDEX PCTFREE 10 INITRANS 2 MAXTRANS 255 COMPUTE STATISTICS 
  STORAGE(INITIAL 65536 NEXT 1048576 MINEXTENTS 1 MAXEXTENTS 2147483645
  PCTINCREASE 0 FREELISTS 1 FREELIST GROUPS 1
  BUFFER_POOL DEFAULT FLASH_CACHE DEFAULT CELL_FLASH_CACHE DEFAULT)
  TABLESPACE "USERS"  ENABLE;
  ALTER TABLE "ST"."SCHEDULE" MODIFY ("SCH_START_DATE" NOT NULL ENABLE);
  ALTER TABLE "ST"."SCHEDULE" MODIFY ("SCH_CONTENTS" NOT NULL ENABLE);
  ALTER TABLE "ST"."SCHEDULE" MODIFY ("SCH_TITLE" NOT NULL ENABLE);
  ALTER TABLE "ST"."SCHEDULE" MODIFY ("SCH_SEQ" NOT NULL ENABLE);
  ALTER TABLE "ST"."SCHEDULE" MODIFY ("SCH_ID" NOT NULL ENABLE);
--------------------------------------------------------
--  Constraints for Table STANDARD_TIME
--------------------------------------------------------

  ALTER TABLE "ST"."STANDARD_TIME" MODIFY ("STANDARD_TIME_NIGHT" NOT NULL ENABLE);
  ALTER TABLE "ST"."STANDARD_TIME" MODIFY ("STANDARD_TIME_LEAVE" NOT NULL ENABLE);
  ALTER TABLE "ST"."STANDARD_TIME" MODIFY ("STANDARD_TIME_ATTENDANCE" NOT NULL ENABLE);
--------------------------------------------------------
--  Constraints for Table TNA
--------------------------------------------------------

  ALTER TABLE "ST"."TNA" ADD CONSTRAINT "TNA_PK" PRIMARY KEY ("TNA_SEQ")
  USING INDEX PCTFREE 10 INITRANS 2 MAXTRANS 255 COMPUTE STATISTICS 
  STORAGE(INITIAL 65536 NEXT 1048576 MINEXTENTS 1 MAXEXTENTS 2147483645
  PCTINCREASE 0 FREELISTS 1 FREELIST GROUPS 1
  BUFFER_POOL DEFAULT FLASH_CACHE DEFAULT CELL_FLASH_CACHE DEFAULT)
  TABLESPACE "USERS"  ENABLE;
  ALTER TABLE "ST"."TNA" MODIFY ("TNA_START_STATUS_CODE" NOT NULL ENABLE);
  ALTER TABLE "ST"."TNA" MODIFY ("TNA_ID" NOT NULL ENABLE);
  ALTER TABLE "ST"."TNA" MODIFY ("TNA_SEQ" NOT NULL ENABLE);
--------------------------------------------------------
--  Constraints for Table TNA_OBJECTION
--------------------------------------------------------

  ALTER TABLE "ST"."TNA_OBJECTION" MODIFY ("TNA_OBJ_CHANGED_CODE" NOT NULL ENABLE);
  ALTER TABLE "ST"."TNA_OBJECTION" ADD CONSTRAINT "TNA_OBJECTION_PK" PRIMARY KEY ("TNA_OBJ_SEQ")
  USING INDEX PCTFREE 10 INITRANS 2 MAXTRANS 255 COMPUTE STATISTICS 
  STORAGE(INITIAL 65536 NEXT 1048576 MINEXTENTS 1 MAXEXTENTS 2147483645
  PCTINCREASE 0 FREELISTS 1 FREELIST GROUPS 1
  BUFFER_POOL DEFAULT FLASH_CACHE DEFAULT CELL_FLASH_CACHE DEFAULT)
  TABLESPACE "USERS"  ENABLE;
  ALTER TABLE "ST"."TNA_OBJECTION" MODIFY ("TNA_OBJ_REG_DATE" NOT NULL ENABLE);
  ALTER TABLE "ST"."TNA_OBJECTION" MODIFY ("TNA_OBJ_ID" NOT NULL ENABLE);
  ALTER TABLE "ST"."TNA_OBJECTION" MODIFY ("TNA_OBJ_REASON" NOT NULL ENABLE);
  ALTER TABLE "ST"."TNA_OBJECTION" MODIFY ("TNA_OBJ_SEQ" NOT NULL ENABLE);
--------------------------------------------------------
--  Constraints for Table TNA_OBJ_PROC_STATUS
--------------------------------------------------------

  ALTER TABLE "ST"."TNA_OBJ_PROC_STATUS" ADD CONSTRAINT "TNA_OBJ_PROC_STATUS_PK" PRIMARY KEY ("TNA_OBJ_PROC_STATUS_CODE")
  USING INDEX PCTFREE 10 INITRANS 2 MAXTRANS 255 COMPUTE STATISTICS 
  STORAGE(INITIAL 65536 NEXT 1048576 MINEXTENTS 1 MAXEXTENTS 2147483645
  PCTINCREASE 0 FREELISTS 1 FREELIST GROUPS 1
  BUFFER_POOL DEFAULT FLASH_CACHE DEFAULT CELL_FLASH_CACHE DEFAULT)
  TABLESPACE "USERS"  ENABLE;
  ALTER TABLE "ST"."TNA_OBJ_PROC_STATUS" MODIFY ("TNA_OBJ_PROC_STATUS_NAME" NOT NULL ENABLE);
  ALTER TABLE "ST"."TNA_OBJ_PROC_STATUS" MODIFY ("TNA_OBJ_PROC_STATUS_CODE" NOT NULL ENABLE);
--------------------------------------------------------
--  Constraints for Table TNA_STATUS
--------------------------------------------------------

  ALTER TABLE "ST"."TNA_STATUS" ADD CONSTRAINT "TNA_STATUS_PK" PRIMARY KEY ("TNA_STATUS_CODE")
  USING INDEX PCTFREE 10 INITRANS 2 MAXTRANS 255 COMPUTE STATISTICS 
  STORAGE(INITIAL 65536 NEXT 1048576 MINEXTENTS 1 MAXEXTENTS 2147483645
  PCTINCREASE 0 FREELISTS 1 FREELIST GROUPS 1
  BUFFER_POOL DEFAULT FLASH_CACHE DEFAULT CELL_FLASH_CACHE DEFAULT)
  TABLESPACE "USERS"  ENABLE;
  ALTER TABLE "ST"."TNA_STATUS" MODIFY ("TNA_STATUS_NAME" NOT NULL ENABLE);
  ALTER TABLE "ST"."TNA_STATUS" MODIFY ("TNA_STATUS_CODE" NOT NULL ENABLE);
--------------------------------------------------------
--  Constraints for Table WEBHARD_ACCESS
--------------------------------------------------------

  ALTER TABLE "ST"."WEBHARD_ACCESS" MODIFY ("WH_DIR_TYPE_CODE" NOT NULL ENABLE);
  ALTER TABLE "ST"."WEBHARD_ACCESS" MODIFY ("WH_DIR_SEQ" NOT NULL ENABLE);
  ALTER TABLE "ST"."WEBHARD_ACCESS" MODIFY ("WH_ID" NOT NULL ENABLE);
--------------------------------------------------------
--  Constraints for Table WEBHARD_DIR
--------------------------------------------------------

  ALTER TABLE "ST"."WEBHARD_DIR" ADD CONSTRAINT "WEBHARD_DIR_PK" PRIMARY KEY ("WH_DIR_SEQ")
  USING INDEX PCTFREE 10 INITRANS 2 MAXTRANS 255 COMPUTE STATISTICS 
  STORAGE(INITIAL 65536 NEXT 1048576 MINEXTENTS 1 MAXEXTENTS 2147483645
  PCTINCREASE 0 FREELISTS 1 FREELIST GROUPS 1
  BUFFER_POOL DEFAULT FLASH_CACHE DEFAULT CELL_FLASH_CACHE DEFAULT)
  TABLESPACE "USERS"  ENABLE;
  ALTER TABLE "ST"."WEBHARD_DIR" MODIFY ("WH_DIR_NAME" NOT NULL ENABLE);
  ALTER TABLE "ST"."WEBHARD_DIR" MODIFY ("WH_DIR_SEQ" NOT NULL ENABLE);
--------------------------------------------------------
--  Constraints for Table WEBHARD_DIR_TYPE
--------------------------------------------------------

  ALTER TABLE "ST"."WEBHARD_DIR_TYPE" ADD CONSTRAINT "WEBHARD_DIR_TYPE_PK" PRIMARY KEY ("WH_DIR_TYPE_CODE")
  USING INDEX PCTFREE 10 INITRANS 2 MAXTRANS 255 COMPUTE STATISTICS 
  STORAGE(INITIAL 65536 NEXT 1048576 MINEXTENTS 1 MAXEXTENTS 2147483645
  PCTINCREASE 0 FREELISTS 1 FREELIST GROUPS 1
  BUFFER_POOL DEFAULT FLASH_CACHE DEFAULT CELL_FLASH_CACHE DEFAULT)
  TABLESPACE "USERS"  ENABLE;
  ALTER TABLE "ST"."WEBHARD_DIR_TYPE" MODIFY ("WH_DIR_TYPE_NAME" NOT NULL ENABLE);
  ALTER TABLE "ST"."WEBHARD_DIR_TYPE" MODIFY ("WH_DIR_TYPE_CODE" NOT NULL ENABLE);
--------------------------------------------------------
--  Constraints for Table WEBHARD_FILES
--------------------------------------------------------

  ALTER TABLE "ST"."WEBHARD_FILES" ADD CONSTRAINT "WEBHARD_FILES_PK" PRIMARY KEY ("WH_FILES_SEQ")
  USING INDEX PCTFREE 10 INITRANS 2 MAXTRANS 255 COMPUTE STATISTICS 
  STORAGE(INITIAL 65536 NEXT 1048576 MINEXTENTS 1 MAXEXTENTS 2147483645
  PCTINCREASE 0 FREELISTS 1 FREELIST GROUPS 1
  BUFFER_POOL DEFAULT FLASH_CACHE DEFAULT CELL_FLASH_CACHE DEFAULT)
  TABLESPACE "USERS"  ENABLE;
  ALTER TABLE "ST"."WEBHARD_FILES" MODIFY ("WH_UPLOAD_DATE" NOT NULL ENABLE);
  ALTER TABLE "ST"."WEBHARD_FILES" MODIFY ("WH_SAVED_NAME" NOT NULL ENABLE);
  ALTER TABLE "ST"."WEBHARD_FILES" MODIFY ("WH_ORI_NAME" NOT NULL ENABLE);
  ALTER TABLE "ST"."WEBHARD_FILES" MODIFY ("WH_DIR_SEQ" NOT NULL ENABLE);
  ALTER TABLE "ST"."WEBHARD_FILES" MODIFY ("WH_FILES_SEQ" NOT NULL ENABLE);
--------------------------------------------------------
--  Constraints for Table WRITE
--------------------------------------------------------

  ALTER TABLE "ST"."WRITE" ADD CONSTRAINT "WRITE_PK" PRIMARY KEY ("WRITE_SEQ")
  USING INDEX PCTFREE 10 INITRANS 2 MAXTRANS 255 COMPUTE STATISTICS 
  STORAGE(INITIAL 65536 NEXT 1048576 MINEXTENTS 1 MAXEXTENTS 2147483645
  PCTINCREASE 0 FREELISTS 1 FREELIST GROUPS 1
  BUFFER_POOL DEFAULT FLASH_CACHE DEFAULT CELL_FLASH_CACHE DEFAULT)
  TABLESPACE "USERS"  ENABLE;
  ALTER TABLE "ST"."WRITE" MODIFY ("WRITE_READ_COUNT" NOT NULL ENABLE);
  ALTER TABLE "ST"."WRITE" MODIFY ("WRITE_OPEN" NOT NULL ENABLE);
  ALTER TABLE "ST"."WRITE" MODIFY ("WRITE_REG_DATE" NOT NULL ENABLE);
  ALTER TABLE "ST"."WRITE" MODIFY ("WRITE_ID" NOT NULL ENABLE);
  ALTER TABLE "ST"."WRITE" MODIFY ("WRITE_CONTENTS" NOT NULL ENABLE);
  ALTER TABLE "ST"."WRITE" MODIFY ("WRITE_TITLE" NOT NULL ENABLE);
  ALTER TABLE "ST"."WRITE" MODIFY ("WRITE_CODE" NOT NULL ENABLE);
  ALTER TABLE "ST"."WRITE" MODIFY ("WRITE_SEQ" NOT NULL ENABLE);
--------------------------------------------------------
--  Constraints for Table WRITE_ATTACHED_FILES
--------------------------------------------------------

  ALTER TABLE "ST"."WRITE_ATTACHED_FILES" MODIFY ("WRITE_SAVED_NAME" NOT NULL ENABLE);
  ALTER TABLE "ST"."WRITE_ATTACHED_FILES" MODIFY ("WRITE_ORI_NAME" NOT NULL ENABLE);
  ALTER TABLE "ST"."WRITE_ATTACHED_FILES" MODIFY ("WRITE_SEQ" NOT NULL ENABLE);
--------------------------------------------------------
--  Constraints for Table WRITE_CATEGORY
--------------------------------------------------------

  ALTER TABLE "ST"."WRITE_CATEGORY" ADD CONSTRAINT "WRITE_CATEGORY_PK" PRIMARY KEY ("WRITE_CATEGORY_CODE")
  USING INDEX PCTFREE 10 INITRANS 2 MAXTRANS 255 COMPUTE STATISTICS 
  STORAGE(INITIAL 65536 NEXT 1048576 MINEXTENTS 1 MAXEXTENTS 2147483645
  PCTINCREASE 0 FREELISTS 1 FREELIST GROUPS 1
  BUFFER_POOL DEFAULT FLASH_CACHE DEFAULT CELL_FLASH_CACHE DEFAULT)
  TABLESPACE "USERS"  ENABLE;
  ALTER TABLE "ST"."WRITE_CATEGORY" MODIFY ("WRITE_CATEGORY_NAME" NOT NULL ENABLE);
  ALTER TABLE "ST"."WRITE_CATEGORY" MODIFY ("WRITE_CATEGORY_CODE" NOT NULL ENABLE);
--------------------------------------------------------
--  Constraints for Table WRITE_COMMENTS
--------------------------------------------------------

  ALTER TABLE "ST"."WRITE_COMMENTS" ADD CONSTRAINT "WRITE_COMMENTS_PK" PRIMARY KEY ("WRITE_CMT_SEQ")
  USING INDEX PCTFREE 10 INITRANS 2 MAXTRANS 255 COMPUTE STATISTICS 
  STORAGE(INITIAL 65536 NEXT 1048576 MINEXTENTS 1 MAXEXTENTS 2147483645
  PCTINCREASE 0 FREELISTS 1 FREELIST GROUPS 1
  BUFFER_POOL DEFAULT FLASH_CACHE DEFAULT CELL_FLASH_CACHE DEFAULT)
  TABLESPACE "USERS"  ENABLE;
  ALTER TABLE "ST"."WRITE_COMMENTS" MODIFY ("WRITE_CMT_DATE" NOT NULL ENABLE);
  ALTER TABLE "ST"."WRITE_COMMENTS" MODIFY ("WRITE_CMT_CONTENTS" NOT NULL ENABLE);
  ALTER TABLE "ST"."WRITE_COMMENTS" MODIFY ("WRITE_CMT_ID" NOT NULL ENABLE);
  ALTER TABLE "ST"."WRITE_COMMENTS" MODIFY ("WRITE_SEQ" NOT NULL ENABLE);
  ALTER TABLE "ST"."WRITE_COMMENTS" MODIFY ("WRITE_CMT_SEQ" NOT NULL ENABLE);
--------------------------------------------------------
--  Ref Constraints for Table APPROVAL
--------------------------------------------------------

  ALTER TABLE "ST"."APPROVAL" ADD CONSTRAINT "FK_APPROVAL_APP_ID_MEMBER_ID" FOREIGN KEY ("APP_ID")
	  REFERENCES "ST"."MEMBER" ("ID") ENABLE;
  ALTER TABLE "ST"."APPROVAL" ADD CONSTRAINT "FK_APPROVAL_APP_TYPE_CODE_APPR" FOREIGN KEY ("APP_TYPE_CODE")
	  REFERENCES "ST"."APPROVAL_TYPE" ("APP_TYPE_CODE") ENABLE;
--------------------------------------------------------
--  Ref Constraints for Table APPROVAL_ATTACHED_FILES
--------------------------------------------------------

  ALTER TABLE "ST"."APPROVAL_ATTACHED_FILES" ADD CONSTRAINT "FK_APPROVAL_ATTACHED_FILES_APP" FOREIGN KEY ("APP_SEQ")
	  REFERENCES "ST"."APPROVAL" ("APP_SEQ") ENABLE;
--------------------------------------------------------
--  Ref Constraints for Table APPROVAL_COMMENTS
--------------------------------------------------------

  ALTER TABLE "ST"."APPROVAL_COMMENTS" ADD CONSTRAINT "FK_APPROVAL_COMMENTS_APP_CMT_W" FOREIGN KEY ("APP_CMT_WRITER")
	  REFERENCES "ST"."MEMBER" ("ID") ENABLE;
  ALTER TABLE "ST"."APPROVAL_COMMENTS" ADD CONSTRAINT "FK_APPROVAL_COMMENTS_APP_SEQ_A" FOREIGN KEY ("APP_SEQ")
	  REFERENCES "ST"."APPROVAL" ("APP_SEQ") ENABLE;
--------------------------------------------------------
--  Ref Constraints for Table APPROVAL_SIGN
--------------------------------------------------------

  ALTER TABLE "ST"."APPROVAL_SIGN" ADD CONSTRAINT "APPROVAL_SIGN_FK1" FOREIGN KEY ("APP_SIGN_TYPE_CODE")
	  REFERENCES "ST"."APPROVAL_SIGN_TYPE" ("APP_SIGN_TYPE_CODE") ENABLE;
  ALTER TABLE "ST"."APPROVAL_SIGN" ADD CONSTRAINT "FK_APPROVAL_SIGN_APP_SEQ_APPRO" FOREIGN KEY ("APP_SEQ")
	  REFERENCES "ST"."APPROVAL" ("APP_SEQ") ENABLE;
  ALTER TABLE "ST"."APPROVAL_SIGN" ADD CONSTRAINT "FK_APPROVAL_SIGN_APP_SIGN_ID_M" FOREIGN KEY ("APP_SIGN_ID")
	  REFERENCES "ST"."MEMBER" ("ID") ENABLE;
--------------------------------------------------------
--  Ref Constraints for Table BREAK
--------------------------------------------------------

  ALTER TABLE "ST"."BREAK" ADD CONSTRAINT "BREAK_FK1" FOREIGN KEY ("APP_SEQ")
	  REFERENCES "ST"."APPROVAL" ("APP_SEQ") ENABLE;
  ALTER TABLE "ST"."BREAK" ADD CONSTRAINT "FK_BREAK_BREAK_CODE_BREAK_TYPE" FOREIGN KEY ("BREAK_CODE")
	  REFERENCES "ST"."BREAK_TYPE" ("BREAK_CODE") ENABLE;
  ALTER TABLE "ST"."BREAK" ADD CONSTRAINT "FK_BREAK_BREAK_ID_MEMBER_ID" FOREIGN KEY ("BREAK_ID")
	  REFERENCES "ST"."MEMBER" ("ID") ENABLE;
--------------------------------------------------------
--  Ref Constraints for Table BUSINESS_LOG_PERIOD
--------------------------------------------------------

  ALTER TABLE "ST"."BUSINESS_LOG_PERIOD" ADD CONSTRAINT "FK_BUSINESS_LOG_PERIOD_APP_SEQ" FOREIGN KEY ("APP_SEQ")
	  REFERENCES "ST"."APPROVAL" ("APP_SEQ") ENABLE;
--------------------------------------------------------
--  Ref Constraints for Table DEPARTMENT
--------------------------------------------------------

  ALTER TABLE "ST"."DEPARTMENT" ADD CONSTRAINT "DEPARTMENT_FK1" FOREIGN KEY ("DEPT_CODE_PARENT")
	  REFERENCES "ST"."DEPARTMENT" ("DEPT_CODE") ON DELETE CASCADE ENABLE;
  ALTER TABLE "ST"."DEPARTMENT" ADD CONSTRAINT "FK_DEPARTMENT_DEPT_DIR_ID_WEBH" FOREIGN KEY ("DEPT_DIR_ID")
	  REFERENCES "ST"."WEBHARD_DIR" ("WH_DIR_SEQ") ENABLE;
--------------------------------------------------------
--  Ref Constraints for Table MEMBER
--------------------------------------------------------

  ALTER TABLE "ST"."MEMBER" ADD CONSTRAINT "FK_MEMBER_ACCESS_LEVEL_CODE_AC" FOREIGN KEY ("ACCESS_LEVEL_CODE")
	  REFERENCES "ST"."ACCESS_LEVEL" ("ACCESS_LEVEL_CODE") ENABLE;
  ALTER TABLE "ST"."MEMBER" ADD CONSTRAINT "FK_MEMBER_DEPT_CODE_DEPARTMENT" FOREIGN KEY ("DEPT_CODE")
	  REFERENCES "ST"."DEPARTMENT" ("DEPT_CODE") ENABLE;
  ALTER TABLE "ST"."MEMBER" ADD CONSTRAINT "FK_MEMBER_POSITION_CODE_POSITI" FOREIGN KEY ("POSITION_CODE")
	  REFERENCES "ST"."POSITION" ("POSITION_CODE") ENABLE;
--------------------------------------------------------
--  Ref Constraints for Table MESSAGE
--------------------------------------------------------

  ALTER TABLE "ST"."MESSAGE" ADD CONSTRAINT "FK_MESSAGE_MSG_RECEIVER_MEMBER" FOREIGN KEY ("MSG_RECEIVER")
	  REFERENCES "ST"."MEMBER" ("ID") ENABLE;
  ALTER TABLE "ST"."MESSAGE" ADD CONSTRAINT "FK_MESSAGE_MSG_SENDER_MEMBER_I" FOREIGN KEY ("MSG_SENDER")
	  REFERENCES "ST"."MEMBER" ("ID") ENABLE;
--------------------------------------------------------
--  Ref Constraints for Table MESSAGE_ATTACHED_FILES
--------------------------------------------------------

  ALTER TABLE "ST"."MESSAGE_ATTACHED_FILES" ADD CONSTRAINT "FK_MESSAGE_ATTACHED_FILES_MSG_" FOREIGN KEY ("MSG_SEQ")
	  REFERENCES "ST"."MESSAGE" ("MSG_SEQ") ENABLE;
--------------------------------------------------------
--  Ref Constraints for Table MESSAGE_CABINET
--------------------------------------------------------

  ALTER TABLE "ST"."MESSAGE_CABINET" ADD CONSTRAINT "FK_MESSAGE_CABINET_MSG_ID_MEMB" FOREIGN KEY ("MSG_ID")
	  REFERENCES "ST"."MEMBER" ("ID") ENABLE;
  ALTER TABLE "ST"."MESSAGE_CABINET" ADD CONSTRAINT "FK_MESSAGE_CABINET_MSG_SEQ_MES" FOREIGN KEY ("MSG_SEQ")
	  REFERENCES "ST"."MESSAGE" ("MSG_SEQ") ENABLE;
--------------------------------------------------------
--  Ref Constraints for Table PROJECT
--------------------------------------------------------

  ALTER TABLE "ST"."PROJECT" ADD CONSTRAINT "FK_PROJECT_PRO_ID_MEMBER_ID" FOREIGN KEY ("PRO_ID")
	  REFERENCES "ST"."MEMBER" ("ID") ENABLE;
--------------------------------------------------------
--  Ref Constraints for Table PROJECT_KANBAN
--------------------------------------------------------

  ALTER TABLE "ST"."PROJECT_KANBAN" ADD CONSTRAINT "FK_PROJECT_KANBAN_PRO_KB_PROCE" FOREIGN KEY ("PRO_KB_PROCESS_CODE")
	  REFERENCES "ST"."PROJECT_KB_PROCESS_CODE" ("PRO_KB_PROCESS_CODE") ENABLE;
  ALTER TABLE "ST"."PROJECT_KANBAN" ADD CONSTRAINT "FK_PROJECT_KANBAN_PRO_SEQ_PROJ" FOREIGN KEY ("PRO_SEQ")
	  REFERENCES "ST"."PROJECT" ("PRO_SEQ") ON DELETE CASCADE ENABLE;
  ALTER TABLE "ST"."PROJECT_KANBAN" ADD CONSTRAINT "PROJECT_KANBAN_FK1" FOREIGN KEY ("PRO_KB_MANAGER")
	  REFERENCES "ST"."MEMBER" ("ID") ENABLE;
--------------------------------------------------------
--  Ref Constraints for Table SCHEDULE
--------------------------------------------------------

  ALTER TABLE "ST"."SCHEDULE" ADD CONSTRAINT "FK_SCHEDULE_SCH_TYPE_DEPARTMEN" FOREIGN KEY ("SCH_TYPE")
	  REFERENCES "ST"."DEPARTMENT" ("DEPT_CODE") ENABLE;
  ALTER TABLE "ST"."SCHEDULE" ADD CONSTRAINT "SCHEDULE_FK1" FOREIGN KEY ("SCH_ID")
	  REFERENCES "ST"."MEMBER" ("ID") ENABLE;
--------------------------------------------------------
--  Ref Constraints for Table TNA
--------------------------------------------------------

  ALTER TABLE "ST"."TNA" ADD CONSTRAINT "FK_TNA_TNA_ID_MEMBER_ID" FOREIGN KEY ("TNA_ID")
	  REFERENCES "ST"."MEMBER" ("ID") ENABLE;
  ALTER TABLE "ST"."TNA" ADD CONSTRAINT "FK_TNA_TNA_STATUS_CODE_TNA_STA" FOREIGN KEY ("TNA_START_STATUS_CODE")
	  REFERENCES "ST"."TNA_STATUS" ("TNA_STATUS_CODE") ENABLE;
  ALTER TABLE "ST"."TNA" ADD CONSTRAINT "TNA_FK1" FOREIGN KEY ("TNA_END_STATUS_CODE")
	  REFERENCES "ST"."TNA_STATUS" ("TNA_STATUS_CODE") ENABLE;
--------------------------------------------------------
--  Ref Constraints for Table TNA_OBJECTION
--------------------------------------------------------

  ALTER TABLE "ST"."TNA_OBJECTION" ADD CONSTRAINT "FK_TNA_OBJECTION_TNA_OBJ_CHANG" FOREIGN KEY ("TNA_OBJ_CHANGED_CODE")
	  REFERENCES "ST"."TNA_STATUS" ("TNA_STATUS_CODE") ENABLE;
  ALTER TABLE "ST"."TNA_OBJECTION" ADD CONSTRAINT "FK_TNA_OBJECTION_TNA_OBJ_ID_ME" FOREIGN KEY ("TNA_OBJ_ID")
	  REFERENCES "ST"."MEMBER" ("ID") ENABLE;
  ALTER TABLE "ST"."TNA_OBJECTION" ADD CONSTRAINT "TNA_OBJECTION_FK1" FOREIGN KEY ("TNA_SEQ")
	  REFERENCES "ST"."TNA" ("TNA_SEQ") ENABLE;
  ALTER TABLE "ST"."TNA_OBJECTION" ADD CONSTRAINT "TNA_OBJECTION_FK2" FOREIGN KEY ("TNA_OBJ_PROC_STATUS_CODE")
	  REFERENCES "ST"."TNA_OBJ_PROC_STATUS" ("TNA_OBJ_PROC_STATUS_CODE") ENABLE;
  ALTER TABLE "ST"."TNA_OBJECTION" ADD CONSTRAINT "TNA_OBJECTION_FK3" FOREIGN KEY ("TNA_OBJ_ORI_STATUS_CODE")
	  REFERENCES "ST"."TNA_STATUS" ("TNA_STATUS_CODE") ENABLE;
--------------------------------------------------------
--  Ref Constraints for Table WEBHARD_ACCESS
--------------------------------------------------------

  ALTER TABLE "ST"."WEBHARD_ACCESS" ADD CONSTRAINT "FK_WEBHARD_ACCESS_WH_DIR_SEQ_W" FOREIGN KEY ("WH_DIR_SEQ")
	  REFERENCES "ST"."WEBHARD_DIR" ("WH_DIR_SEQ") ENABLE;
  ALTER TABLE "ST"."WEBHARD_ACCESS" ADD CONSTRAINT "FK_WEBHARD_ACCESS_WH_DIR_TYPE_" FOREIGN KEY ("WH_DIR_TYPE_CODE")
	  REFERENCES "ST"."WEBHARD_DIR_TYPE" ("WH_DIR_TYPE_CODE") ENABLE;
  ALTER TABLE "ST"."WEBHARD_ACCESS" ADD CONSTRAINT "FK_WEBHARD_ACCESS_WH_ID_MEMBER" FOREIGN KEY ("WH_ID")
	  REFERENCES "ST"."MEMBER" ("ID") ENABLE;
--------------------------------------------------------
--  Ref Constraints for Table WEBHARD_DIR
--------------------------------------------------------

  ALTER TABLE "ST"."WEBHARD_DIR" ADD CONSTRAINT "FK_WEBHARD_DIR_WH_DIR_PARENT_S" FOREIGN KEY ("WH_DIR_PARENT_SEQ")
	  REFERENCES "ST"."WEBHARD_DIR" ("WH_DIR_SEQ") ON DELETE CASCADE ENABLE;
--------------------------------------------------------
--  Ref Constraints for Table WEBHARD_FILES
--------------------------------------------------------

  ALTER TABLE "ST"."WEBHARD_FILES" ADD CONSTRAINT "FK_WEBHARD_FILES_WH_DIR_SEQ_WE" FOREIGN KEY ("WH_DIR_SEQ")
	  REFERENCES "ST"."WEBHARD_DIR" ("WH_DIR_SEQ") ON DELETE CASCADE ENABLE;
--------------------------------------------------------
--  Ref Constraints for Table WRITE
--------------------------------------------------------

  ALTER TABLE "ST"."WRITE" ADD CONSTRAINT "FK_WRITE_WRITE_CODE_WRITE_CATE" FOREIGN KEY ("WRITE_CODE")
	  REFERENCES "ST"."WRITE_CATEGORY" ("WRITE_CATEGORY_CODE") ENABLE;
  ALTER TABLE "ST"."WRITE" ADD CONSTRAINT "FK_WRITE_WRITE_ID_MEMBER_ID" FOREIGN KEY ("WRITE_ID")
	  REFERENCES "ST"."MEMBER" ("ID") ENABLE;
--------------------------------------------------------
--  Ref Constraints for Table WRITE_ATTACHED_FILES
--------------------------------------------------------

  ALTER TABLE "ST"."WRITE_ATTACHED_FILES" ADD CONSTRAINT "FK_WRITE_ATTACHED_FILES_WRITE_" FOREIGN KEY ("WRITE_SEQ")
	  REFERENCES "ST"."WRITE" ("WRITE_SEQ") ENABLE;
--------------------------------------------------------
--  Ref Constraints for Table WRITE_COMMENTS
--------------------------------------------------------

  ALTER TABLE "ST"."WRITE_COMMENTS" ADD CONSTRAINT "FK_WRITE_COMMENTS_WRITE_CMT_ID" FOREIGN KEY ("WRITE_CMT_ID")
	  REFERENCES "ST"."MEMBER" ("ID") ENABLE;
  ALTER TABLE "ST"."WRITE_COMMENTS" ADD CONSTRAINT "FK_WRITE_COMMENTS_WRITE_CMT_PA" FOREIGN KEY ("WRITE_CMT_PARENT_SEQ")
	  REFERENCES "ST"."WRITE_COMMENTS" ("WRITE_CMT_SEQ") ON DELETE CASCADE ENABLE;
  ALTER TABLE "ST"."WRITE_COMMENTS" ADD CONSTRAINT "FK_WRITE_COMMENTS_WRITE_SEQ_WR" FOREIGN KEY ("WRITE_SEQ")
	  REFERENCES "ST"."WRITE" ("WRITE_SEQ") ON DELETE CASCADE ENABLE;
